:020000040800F2
:10000000D01B002045010008454F0008E5430008CB
:10001000414F00087D0C00084D570008000000000B
:10002000000000000000000000000000754F000804
:10003000BD0C000800000000494F0008774F000881
:100040005F0100085F0100085F0100085F01000810
:100050005F0100085F0100085F0100085F01000800
:100060005F0100085F0100085F010008810C0008C3
:100070005F0100085F0100085F0100085F010008E0
:100080005F0100085F010008650A00085F010008C1
:100090005F0100085F0100085F0100085F010008C0
:1000A0005F0100085F0100085F0100085F010008B0
:1000B0005F010008055000085F0100085F010008AB
:1000C0005F0100085F0100085F0100085F01000890
:1000D0005F0100081D5700082D5700083D57000814
:1000E0005F0100085F0100085F0100085F01000870
:1000F0005F0100085F0100085F0100085F01000860
:100100005F0100085F0100085F0100085F0100084F
:1001100015530008255300085F010008155000081A
:100120005F0100085F0100085F0100085F0100082F
:10013000DFF80CD000F084FC00480047596C000840
:10014000D01B00200648804706480047FEE7FEE730
:10015000FEE7FEE7FEE7FEE7FEE7FEE7FEE7FEE777
:100160000150000831010008202A04DB203A21FA5E
:1001700002F00021704721FA02F3D040C2F12002C0
:100180009140084319467047D2B201E000F8012BB4
:10019000491EFBD270470022F6E710B513460A4607
:1001A00004461946FFF7F0FF204610BD30B505465E
:1001B0002A460B4612F8010B13F8014B08B1A04276
:1001C000F8D01CB1002802D06D1CF1E7284630BDE4
:1001D00010B5044604E00B7800F8013B03B1491C5C
:1001E000521EF8D2204610BD421C10F8011B0029F7
:1001F000FBD1801A7047034611F8012B00F8012B40
:10020000002AF9D11846704730B50546002003464C
:1002100000E05B1C934205D2EC5CC85C201A01D163
:10022000002CF6D130BD000070B50F4D00B9286824
:10023000002412E00A4602E09E4203D0521C1378CA
:10024000002BF9D1DAB2224305D02BB124B1002121
:1002500000F8011B04E00446401C0678002EE9D19A
:100260002860204670BD0000E8000020F0B480EA5D
:100270000102D40F4200B2EB410F02D202460846FF
:1002800011464A0042D0C30DDDB2C1F3C752AD1AC8
:10029000202D35DAC1F3160141F4000204B15242B7
:1002A000C5F1200602FA06F12A411044B3EBD05FF3
:1002B00023D0C4B1012DA0EBC35009DCF0BC4FF03A
:1002C000004202EAC352DBB200F5000000F0FDBAC2
:1002D000400000F1807000EBC350A0F1807040EA54
:1002E000D170490009E0490841EAC071A0EBC35050
:1002F00000F50000400800EBC350F0BC00F0DCBA91
:100300006142012202EB4101001BF6E7F0BC70479D
:1003100081F00041AAE780F00040A7E780EA0102EF
:1003200010B502F00043400022D04A001FD0010E59
:1003300001EB1261C0F35600C2F3560240F4000014
:1003400042F40002A0FB022000047F39140400D014
:10035000401C50EA124001D44000491EC2B20C06B3
:1003600004EBD010401C4008802A02D003E000209B
:1003700010BD20F00100002900DA0020184310BD54
:1003800030B480EA010202F0004530F0004221F072
:10039000004013D090B1C30DD40DC2F31601C0F3C9
:1003A0001600E41A41F4000140F400027D34914249
:1003B00001D3641C00E04900002C02DA30BC0020AC
:1003C00070474FF400000023914201D3891A034380
:1003D00040084FEA4101F7D151B1914202D14FF0AB
:1003E000004105E002D24FF0010101E06FF0010190
:1003F00003EBC450284430BC00F05EBA2DE9FE4F38
:10040000804681EA0300C00F0C46009021F00041B5
:1004100023F00045B8EB0200A94105D24046214631
:1004200090461C460B46024623F00040104347D03E
:10043000270DC7F30A00C3F30A510290401A019036
:1004400040286BDAC3F3130040F4801B00989246F7
:1004500020B10023D2EB030A63EB0B0B0198594642
:10046000C0F14002504600F006FA06460D465046DE
:100470005946019A00F00EFA10EB08006141002481
:1004800087EA115284EAE7731A4340D0009A62B3B4
:10049000019A012A4FEA075215DC001B61EB0201A9
:1004A0004FF0004202EA0752CDE90042001C41F53C
:1004B000801132462B4600F045FA03B0BDE8F08FBC
:1004C00040462146F9E7001B61EB0201001C41F5A3
:1004D000801300185B412018A2F5001747EB0301B9
:1004E00040EAD570B6196D4111E06D084FEA360645
:1004F00045EAC0754FEA0752001B61EB0201001C80
:1005000041F5801149084FEA300000195141324647
:100510002B4603B0BDE8F04F00F005BA0098012269
:1005200040000023D0EB020263EBE0730098214609
:100530004FEAE074B8EB000061EB0401E9E783F0F7
:1005400000435BE781F0004158E72DE9FE4F81EA67
:10055000030404F0004421F0004100944FF0000B2C
:1005600023F0004350EA01045ED052EA03045BD05A
:10057000C3F30A54C1F30A552C44A4F2F334019492
:10058000A0FB0254C1F3130141F48011C3F3130320
:1005900043F4801301FB024400FB034E840A970AD4
:1005A00044EA815447EA8357A4FB076802958D0A01
:1005B00005FB07854FEA932C04FB0C542705029D8D
:1005C0004FEA065847EA1637B5EB08056EEB070CFD
:1005D000870E920E47EA811742EA8312A7FB0201B7
:1005E000B6EB0B0164EB00042B0D43EA0C335E18F1
:1005F00044EB1C50DA465146E7FB0201C5F31304F5
:100600004FEA0B3343EA14534FEA0432019C43EAA6
:100610000603A4F10C040294009CCDE900B400F0A0
:1006200091F903B0BDE8F08F00200146F9E72DE90C
:10063000F04D81EA030404F0004B21F0004514461C
:100640004FF0000A23F0004150EA050220D054EA9E
:1006500001021DD0C5F30A570246C5F31303C1F3C7
:100660001300C1F30A5640F4801543F48013A7EB3E
:100670000608101BD64608F2FD3873EB050002D3BE
:1006800008F1010801E092185B41B8F1000F03DAAC
:1006900000200146BDE8F08D00204FF48011064691
:1006A00084460EE0171B73EB050705D3121B63EBA3
:1006B000050306434CEA010C49084FEA3000921842
:1006C0005B4150EA0107EDD152EA030012D082EA01
:1006D000040083EA0501084305D0101BAB4106D294
:1006E0000122002306E000224FF0004302E06FF0F9
:1006F000010253101AEB06004CEB085110EB0A00F4
:1007000041EB0B01BDE8F04D00F00DB9962300223E
:10071000114600F0DAB80EB540F2334102910021E3
:10072000CDE900110A460B4600F00CF903B000BDFC
:1007300020F00040C10DC0F3160040F400007F29F6
:1007400001DA00207047962903DCC1F19601C84008
:100750007047963988407047C1F30A5210B5C1F30B
:10076000130140F2FF3341F480119A4201DA002074
:1007700010BD40F233439A42A2F2334203DC5242AC
:10078000FFF7F2FC10BD904010BD00F0004230F0C9
:1007900000400AD0C10D01F56071C0F3160042EAB5
:1007A0000151C208400711437047002001467047BD
:1007B00001F0004330B421F0004150EA010206D0BC
:1007C0000A0DA2F56072C1F31301002A02DC30BCED
:1007D00000207047440F44EAC104C100E01830BC57
:1007E00000EBC25000F068B830B50B46014600205F
:1007F0002022012409E021FA02F59D4205D303FAE3
:1008000002F5491B04FA02F52844151EA2F1010263
:10081000F1DC30BD2DE9F05F0546002092469B4695
:1008200088460646814640241BE028464146474606
:100830002246FFF799FC53465A46C01A914110D3FD
:1008400011461846224600F016F82D1A67EB0108EB
:100850004F4622460120002100F00DF817EB000959
:100860004E41201EA4F10104DFDC484631462A46F1
:100870004346BDE8F09F202A04DB203A00FA02F14B
:10088000002070479140C2F1200320FA03F319437E
:1008900090407047202A06DBCB17203A41FA02F03D
:1008A00043EAE07306E041FA02F3D040C2F12002CD
:1008B00091400843194670470029A8BF7047401C63
:1008C000490008BF20F00100704710B4B0FA80FC66
:1008D00000FA0CF050EA010404BF10BC704749B1A3
:1008E000CCF1200421FA04F411FA0CF118BF012113
:1008F00021430843A3EB0C01CB1D4FEA00614FEAF3
:10090000102042BF002010BC704700EBC3501044C1
:100910000029A4BF10BC7047401C490008BF20F04C
:10092000010010BC704710B5141E73F1000408DA02
:10093000401C41F1000192185B411A4301D120F0A3
:10094000010010BD2DE9F04D92469B4611B1B1FA60
:1009500081F202E0B0FA80F220329046FFF78BFF7E
:1009600004460F4640EA0A0041EA0B0153465A4644
:10097000084313D0114653EA010019D0C8F14002D0
:100980005046FFF7F1FB05460E4650465946424693
:10099000FFF771FF084305D0012004E020463946E7
:1009A000BDE8F08D0020054346EAE0762C4337434E
:1009B0000A986305E40AA0EB08000022FD0A44EA55
:1009C00047540A3002D500200146E9E70105101915
:1009D0006941DDE9084500196941BDE8F04DA2E72C
:1009E000C1F30A52C1F3130140F2FF3341F4801105
:1009F0009A4202DA00200146704740F233439A429D
:100A0000A2F2334202DC5242FFF7AEBBFFF733BF24
:100A100030B5041E71F1000404DB4FF00044404285
:100A200064EB0101141E73F1000405DB1C464FF05A
:100A30000043524263EB0403994208BF904230BD29
:100A4000064C074D06E0E06840F0010394E807001B
:100A500098471034AC42F6D3FFF76EFB80A3000832
:100A6000A0A3000810B5024800F080FA10BD0000F5
:100A7000F000002070B5044600252068806800F072
:100A8000010018B32068806820F0010021688860A8
:100A900001F026FA054613E001F022FA401B022875
:100AA0000ED92068806800F0010048B1A06A40F0CB
:100AB0001000A062E06A40F00100E062012070BD19
:100AC0002068806800F001000028E5D10020F6E7EA
:100AD00070B505466C6AA06A00F05000E0B9A06AE3
:100AE00040F40070A0622068806800F46020B0F5D7
:100AF000602F0DD1207B58B9A06A20F48070A062CD
:100B0000A06A00F4805018B9A06A40F00100A06209
:100B1000204600F017FA03E0206A016B2846884758
:100B200070BD70B505466C6AA06A40F04000A062D6
:100B3000E06A40F00400E062204600F016FA70BD62
:100B400070B50446656A284600F00EFA70BD0000D4
:100B500038B504460025002000902068806800F029
:100B6000010078BB2068806840F00100216888603F
:100B7000194800681949B0FBF1F0009002E00098B4
:100B8000401E009000980028F9D101F0A9F905460F
:100B900019E001F0A5F9401B022814D920688068EB
:100BA00000F0010078B9A06A40F01000A062E06A8D
:100BB00040F00100E06200BF002084F8240000BF84
:100BC000012038BD05E02068806800F001000028A1
:100BD000DFD00020F5E700000C00002040420F00AD
:100BE0000EB5012016490870282000F0ADFF15A0B1
:100BF00000680290002001904FF6FF70032302AAC4
:100C000071210090104801F00FFC4FF47A7001231D
:100C100001AA712100900C4801F050FA03280ED06F
:100C20009DF8040000F0080018B108A004F090FD41
:100C300005E000200249087009A004F089FD0EBDFE
:100C40006E000020BE0800006401002041485432BC
:100C500031B3F5CABCBBAFB3C9B9A6A1A30A0000A2
:100C60004148543231B3F5CABCBBAFB3ACCAB1A32F
:100C7000ACC7EBD6D8CAD4A1A30A000000BFFEE7D8
:100C800010B5024800F000FD10BD0000200100205A
:100C900030B590F840500124AC40C56B6C600468DE
:100CA00063604468102C04D10468A2600468E160A9
:100CB00003E00468A1600468E26030BD704772B66A
:100CC00000BFFEE7F8B5044600260020009000BFF4
:100CD00094F82400012801D10220F8BD012084F8F5
:100CE000240000BF2046FFF7C5FE06462046FFF75A
:100CF0002FFF0646002E69D1A06A20F4885040F0EC
:100D00000200A062022001F005FE34490968B1FB2F
:100D1000F0F04000009002E00098401E0090009823
:100D20000028F9D12068806840F0080021688860B8
:100D300001F0D6F8054616E001F0D2F8401B0A286B
:100D400011D92068806800F0080060B1A06A20F026
:100D5000020040F01000A06200BF002084F82400D0
:100D600000BF0120B9E72068806800F00800002873
:100D7000E2D12068806840F004002168886001F0BA
:100D8000AFF8054616E001F0ABF8401B0A2811D970
:100D90002068806800F0040060B1A06A20F00200C2
:100DA00040F01000A06200BF002084F8240000BFC3
:100DB000012092E72068806800F004000028E2D15A
:100DC000A06A20F0020040F00100A06200BF0020F5
:100DD00084F8240000BF30467FE700000C000020AC
:100DE0007047000038B5024600230020009000BF85
:100DF00092F82400012801D1022038BD012082F898
:100E0000240000BF4868072812D21068406B0C7994
:100E1000641E04EB84051F24AC40A0430D796D1EB5
:100E200005EB85050C68AC4020431468606327E03F
:100E300048680D2812D21068006B0C79E41F04EB8F
:100E400084051F24AC40A0430D79ED1F05EB8505FB
:100E50000C68AC4020431468206311E01068C06A3D
:100E60000C790D3C04EB84051F24AC40A0430D79A4
:100E70000D3D05EB85050C68AC4020431468E0622D
:100E800008680A2812D31068C0680C780A3C04EB82
:100E900044050724AC40A0430D780A3D05EB450509
:100EA0008C68AC4020431468E0600FE01068006973
:100EB0000C7804EB44050724AC40A0430D7805EB07
:100EC00045058C68AC4020431468206108681028F0
:100ED00002D00868112827D1174C1068A0421ED1F3
:100EE0001068806800F40000F0B91068806840F471
:100EF00000001468A0600868102815D10F48006829
:100F00000F4CB0FBF4F000EB80004000009002E0DA
:100F10000098401E009000980028F9D104E0906AE3
:100F200040F020009062012300BF002082F82400DE
:100F300000BF184661E70000002401400C000020BB
:100F400040420F0010B504460548844207D105F021
:100F50004DF9034800F064FA01200249087010BD01
:100F6000F00000205E0000207047704770B5044616
:100F7000206805682068466806F0200020282DD1EA
:100F800005F00200022829D1A06A00F0100018B96B
:100F9000A06A40F40070A0622068806800F46020BD
:100FA000B0F5602F13D1207B88B92068406820F00D
:100FB000200021684860A06A20F48070A062A06AC6
:100FC00000F4805018B9A06A40F00100A0622046E9
:100FD000FFF7B8FF6FF012002168086006F080008C
:100FE000802839D105F00400042835D1A06A00F02A
:100FF000100018B9A06A40F40050A0622068806810
:1010000000F4E040B0F5E04F0DD02068406800F4F7
:101010008060D0B92068806800F46020B0F5602F4F
:1010200013D1207B88B92068406820F080002168B7
:101030004860A06A20F48050A062A06A00F480702A
:1010400018B9A06A40F00100A0622046FFF7C8FE70
:101050006FF00C002168086006F0400040280DD1B8
:1010600005F0010050B1A06A40F48030A062204633
:1010700000F0B6F86FF001002168086070BD000054
:101080002DE9F0410446002700250026A84614B9A2
:101090000120BDE8F081A06810B1207D00B100BF43
:1010A000A06A30B90020E06284F82400204600F0F5
:1010B00099F82046FFF7DEFC0746A06A00F0100012
:1010C000002873D1002F7ED1A06A20F4885040F010
:1010D0000200A0623F4AD4E90001904208D1E069D1
:1010E000B0F5402F02D14FF4002002E0E06900E0AB
:1010F000E0690143207B41EA40000643A068B0F567
:10110000807F02D0A068012802D14FF4807000E0F7
:1011100000200543207D012811D1207B38B9A0692A
:10112000401E4FF4006141EA4030054307E0A06AE9
:1011300040F02000A062E06A40F00100E062206818
:10114000406820F46940284321684860206880682E
:1011500021490840304321688860A068B0F5807F4D
:1011600002D0A068012802D14FF4807000E0002076
:10117000B0F5807F03D1208A401E4FEA00582068D6
:10118000C06A20F4700040EA08002168C862206844
:10119000806812490840B04209D10020E062A06A8C
:1011A00020F0020040F00100A06211E00BE0A06A14
:1011B00020F0020040F01000A062E06A40F0010060
:1011C000E062012704E0A06A40F01000A06201275D
:1011D00038465EE7003C0140FDF7E1FFFE0E1FFFD1
:1011E0007047000010B586B00446002002900390BE
:1011F0000490059025492068884245D100BF2448C5
:10120000806940F40070224988610846806900F4D2
:101210000070019000BF00BF00BF0846806940F029
:10122000040088610846806900F00400019000BF56
:1012300000BF702002900320039002A9154800F01F
:1012400097FC1548154908600020486000211348A4
:1012500081608021C16089000161890041610021B4
:101260008161C16100F0DCFB08B1FFF728FD00BF20
:101270000A482062446200BF00220721122001F0C8
:10128000F7FA122001F0E4FA06B010BD0024014084
:101290000010024000080140080002402001002028
:1012A0002DE9F04104460D461646002757492068AF
:1012B000884203D056492068884205D15348001D12
:1012C000006800F4702000E0002000287ED100BFFC
:1012D00094F82400012802D10220BDE8F081012009
:1012E00084F8240000BF2046FFF732FC0746002F99
:1012F0006DD1A06A40F60161884340F48070A0621D
:1013000043492068884209D14048001D006800F424
:10131000702008B9012002E0002000E0012078B12F
:10132000A06A20F48010A0622068406800F4806009
:1013300000B3A06A20F4005040F48050A06219E08D
:10134000A06A40F48010A06230492068884203D02F
:101350002F492068884205D12C48001D006800F400
:10136000806000E0002028B1A06A20F4005040F422
:101370008050A062A06A00F4805020B1E06A20F0A2
:101380000600E06201E00020E06200BF002084F877
:10139000240000BF1F48216A88621F48216AC86272
:1013A0001E48216A08636FF0020021680860206807
:1013B000806840F4807021688860226802F14C01E6
:1013C00033462A46206A00F071FB01E01AE014E07F
:1013D0002068806800F46020B0F5602F06D1206896
:1013E000806840F4A000216888600CE02068806874
:1013F00040F480102168886005E000BF002084F878
:10140000240000E00127384667E70000002401407F
:1014100000280140D10A0008410B0008230B0008F6
:1014200070B50446002500BF94F82400012801D1BE
:10143000022070BD012084F8240000BF2046FFF781
:1014400019FB0546D5B92068806820F480702168B2
:101450008860206A90F8210002280FD1206A00F0ED
:1014600014F8054635B9A06A20F4885040F0010010
:10147000A06203E0A06A40F04000A06200BF00202C
:1014800084F8240000BF2846D3E70146002291F8E3
:101490002100022808D00420886300BF002081F8C2
:1014A000200000BF012070470868006820F00E008F
:1014B0000B6818600868006820F001000B6818606D
:1014C00091F8403001209840CB6B5860012081F8A2
:1014D000210000BF002081F8200000BF1046E2E795
:1014E00070B50446002594F82100022803D004209A
:1014F000A0630125C1E02068006820F00E0021688B
:1015000008602068006820F00100216808605C49DC
:101510002068884252D95A4978392068884201D1D6
:10152000012047E0564964392068884201D11020E3
:1015300040E0534950392068884201D1801539E094
:101540004F493C392068884201D1801432E04C492F
:1015500028392068884202D14FF480302AE0484977
:1015600014392068884202D14FF4801022E04449A7
:101570002068884201D140041CE04249206888422A
:1015800001D1012016E03F4914312068884201D181
:1015900010200FE03B4928312068884201D1801596
:1015A00008E038493C312068884201D1801401E0CC
:1015B0004FF480303349091F086051E030497839D1
:1015C0002068884201D1012047E02D496439206814
:1015D000884201D1102040E02949503920688842D2
:1015E00001D1801539E026493C392068884201D173
:1015F000801432E0224928392068884202D14FF411
:1016000080302AE01E4914392068884202D14FF404
:10161000801022E01A492068884201D140041CE071
:1016200018492068884201D1012016E0154914317B
:101630002068884201D110200FE01249283120682B
:10164000884201D1801508E00E493C31206888426B
:1016500001D1801401E04FF480300949803948609D
:10166000012084F8210000BF002084F8200000BF82
:10167000606B10B12046616B8847284670BD000042
:10168000800002400804024070B50446E06B056823
:101690002068066894F840100420884028400028FC
:1016A00075D006F004000028FAD02068006800F029
:1016B000200028B92068006820F004002168086034
:1016C000D5492068884254D9D3497839206888425E
:1016D00001D1042049E0D04964392068884201D111
:1016E000402042E0CC4950392068884201D10015A1
:1016F0003BE0C9493C392068884202D14FF4804020
:1017000033E0C54928392068884202D14FF480204F
:101710002BE0C14914392068884202D14FF480007F
:1017200023E0BD492068884201D1C0041DE0BB49C7
:101730002068884201D1042017E0B849143120689C
:10174000884201D1402010E0B44928312068884205
:1017500001D1001509E0B1493C312068884202D12D
:101760004FF4804001E04FF48020AC49091F08602D
:1017700054E0A94978392068884201D104204AE020
:10178000A54964392068884202D1402043E04CE0FA
:10179000A14950392068884201D100153BE09E499B
:1017A0003C392068884202D14FF4804033E09A49A6
:1017B00028392068884202D14FF480202BE09649D6
:1017C00014392068884202D14FF4800023E0924906
:1017D0002068884201D1C0041DE0904920688842F9
:1017E00001D1042017E08D4914312068884201D1CD
:1017F000402010E0894928312068884201D1001535
:1018000009E086493C312068884202D14FF480408B
:1018100001E04FF48020804980394860E06A002868
:1018200002D02046E16A8847F4E094F84010022094
:1018300088402840002871D006F002000028FAD025
:101840002068006800F0200040B92068006820F09F
:101850000A0021680860012084F821006E49206890
:10186000884254D96C4978392068884201D10220D5
:1018700049E0694964392068884201D1202042E06A
:10188000654950392068884201D140153BE06249E2
:101890003C392068884202D14FF4005033E05E4961
:1018A00028392068884202D14FF400302BE05A4991
:1018B00014392068884202D14FF4001023E05649C1
:1018C0002068884201D180041DE054492068884284
:1018D00001D1022017E0514914312068884201D11A
:1018E000202010E04D4928312068884201D1401560
:1018F00009E04A493C312068884202D14FF4005047
:1019000001E04FF400304549091F086054E04249A6
:1019100078392068884202D102204AE057E03E49E7
:1019200064392068884201D1202042E03A49503988
:101930002068884201D140153BE037493C39206896
:10194000884202D14FF4005033E0334928392068EF
:10195000884202D14FF400302BE02F49143920681F
:10196000884202D14FF4001023E02B4920688842BE
:1019700001D180041DE029492068884201D102205C
:1019800017E0264914312068884201D1202010E058
:10199000224928312068884201D1401509E01F49B9
:1019A0003C312068884202D14FF4005001E04FF4EE
:1019B000003019498039486000BF002084F82000B9
:1019C00000BFA06A30B32046A16A884722E094F89D
:1019D0004010082088402840E0B106F00800C8B157
:1019E0002068006820F00E002168086094F840101C
:1019F00001208840E16B48600120A06384F8210049
:101A000000BF002084F8200000BF206B10B12046EA
:101A1000216B884770BD000080000240080402402E
:101A20000146002209B9012070471E4B0868984200
:101A30000BD21D4B0868C01A1423B0FBF3F08000D2
:101A4000086419480838C8630AE0164B0868C01AC9
:101A50001423B0FBF3F08000086412480838C86310
:101A6000022081F821000868026843F6F070824382
:101A7000D1E901031843CB6818430B6918434B693C
:101A800018438B691843CB69184302430868026006
:101A900000208863012081F82100002081F82000C7
:101AA00000BFC1E708040240080002402DE9F041F0
:101AB00004460D4616461F464FF0000800BF94F836
:101AC0002000012802D10220BDE8F081012084F825
:101AD000200000BF94F8210001282CD1022084F8B6
:101AE00021000020A0632068006820F00100216828
:101AF00008603B46324629462046FFF7C9F8E06AAF
:101B000030B12068006840F00E00216808600BE0EA
:101B10002068006820F004002168086020680068E0
:101B200040F00A00216808602068006840F0010069
:101B30002168086006E000BF002084F8200000BF94
:101B40004FF002084046BFE770B5044600F0C8F900
:101B500006462546681C10B104480078054400BFBD
:101B600000F0BEF9801BA842FAD370BD0800002027
:101B70002DE9F847024600239C467BE14FF001081F
:101B800008FA03F4D1F8008008EA0400A0427DD1ED
:101B9000DFF8F4A2D1F80480A8EB0A09D0453AD0C6
:101BA00014DCB8F1030F50D009DCB8F1000F31D0CC
:101BB000B8F1010F1CD0B8F1020F49D120E0B8F103
:101BC000110F18D0B8F1120F42D11EE0B9F5881FDD
:101BD00025D006DCB9F5803F20D0B9F5801F37D17C
:101BE0001AE0B9F5001F18D0B9F5041F30D117E07D
:101BF000D1F80CC02DE0D1F80C8008F1040C28E0DD
:101C0000D1F80C8008F1080C23E0D1F80C8008F121
:101C10000C0C1EE000BF00BF00BF00BF00BF00BF34
:101C2000D1F80880B8F1000F02D14FF0040C0BE09E
:101C3000D1F80880B8F1010F03D14FF0080C1461FE
:101C400002E04FF0080C546103E04FF0000C00E09C
:101C500000BF00BFFF2801D8904601E002F1040850
:101C60004646FF2802D84FEA830803E0A3F108089C
:101C70004FEA88084746D6F800804FF00F0909FA66
:101C800007F928EA09080CFA07F900E07AE048EABF
:101C90000908C6F80080D1F8048008F08058B8F12F
:101CA000805F6FD100BFDFF8E481D8F8188048F07A
:101CB0000108DFF8D891C9F81880C846D8F818800C
:101CC00008F00108CDF8008000BF00BF4FEAB93826
:101CD0004FEA930958F829504FEA83784FEA187968
:101CE0004FF00F0808FA09F825EA0805DFF8A08187
:101CF000424502D14FF0000824E0DFF898814245C8
:101D000002D14FF001081DE0DFF88C81424502D17D
:101D10004FF0020816E0DFF88481424502D14FF00F
:101D200003080FE0DFF87881424502D14FF0040844
:101D300008E0DFF87081424502D14FF0050801E06C
:101D40004FF006084FEA83794FEA197908FA09F843
:101D500048EA0505DFF850814FEA930948F8295011
:101D6000D1F8048008F48018B8F5801F0BD1DFF893
:101D70003C81D8F8008048EA0008DFF83091C9F8C3
:101D800000800AE075E0DFF82481D8F8008028EAB6
:101D90000008DFF81891C9F80080D1F8048008F431
:101DA0000018B8F5001F0ED1DFF8008108F1040813
:101DB000D8F8008048EA0008DFF8F09009F104093B
:101DC000C9F800800DE0DFF8E48008F10408D8F8D5
:101DD000008028EA0008DFF8D49009F10409C9F866
:101DE0000080D1F8048008F40038B8F5003F0ED127
:101DF000DFF8B880A8F10408D8F8008048EA0008A5
:101E0000DFF8A890A9F10409C9F800800DE0DFF817
:101E10009C80A8F10408D8F8008028EA0008DFF8C0
:101E20008C90A9F10409C9F80080D1F8048008F465
:101E30008038B8F5803F0ED1DFF87080A8F108082F
:101E4000D8F8008048EA0008DFF86090A9F1080996
:101E5000C9F800800DE0DFF85480A8F10808D8F830
:101E6000008028EA0008DFF84490A9F10809C9F8C1
:101E700000805B1CD1F8008028FA03F8B8F1000F4D
:101E80007FF47CAEBDE8F88700001110001002401E
:101E900000080140000C0140001001400014014006
:101EA00000180140001C01400800014008040140E6
:101EB000024693680B400BB1012000E00020704700
:101EC00010B5C26821EA020302EA010443EA0443AE
:101ED000036110BD0AB1016101E00B0403617047A9
:101EE00001480068704700000000002070B50446FB
:101EF0000CB9012070BD94F83D0028B9002084F889
:101F00003C00204600F0FAFB242084F83D002068C5
:101F1000006820F00100216808602068006840F433
:101F20000040216808602068006820F400402168B3
:101F3000086000F0DFFE05465C496068884206D80C
:101F40005B48854201D2012007E0002005E05948A6
:101F5000854201D2012000E00020012800D1C9E71C
:101F60005548B5FBF0F62068406820F03F0030434C
:101F7000216848604D496068884201D8701C07E0BC
:101F80004FF4967070434FF47A71B0FBF1F0401C3F
:101F90002168096A21F03F0108432168086243492A
:101FA0006068884214D8681E61684900B0FBF1F08F
:101FB000401CC0F30B00042801D204203DE0681E41
:101FC00061684900B0FBF1F0401CC0F30B0034E045
:101FD000A06838B9681E616801EB4101B0FBF1F0FF
:101FE000401C0AE0681E616801EBC10202EB0111AE
:101FF000B0FBF1F0401C40F48040C0F30B0008B986
:1020000001201AE0A06848B9681E616801EB41012F
:10201000B0FBF1F0401CC0F30B000CE0681E6168DF
:1020200001EBC10202EB0111B0FBF1F0401CC0F367
:102030000B0040F4804040F400402168C9694CF630
:10204000FF72914308432168C861D4E9070108433E
:102050002168096821F0C001084321680860D4E9BB
:10206000031008432168896848F2FF32914308430E
:1020700021688860D4E9050108432168C96821F016
:10208000FF0108432168C8602068006840F0010033
:102090002168086000202064202084F83D00002092
:1020A000206384F83E0000BF24E70000A086010002
:1020B00080841E0000093D0040420F002DE9FC47CE
:1020C00004468946174698460A9E00200190FFF76D
:1020D00007FF054694F83D0020286FD119230122FF
:1020E000CD492046009502F03EFB10B10220BDE82C
:1020F000FC8700BF94F83C00012801D10220F6E7DC
:10210000012084F83C0000BF2068006800F0010056
:1021100028B92068006840F0010021680860206844
:10212000006820F4006021680860222084F83D00E7
:10213000102084F83E00002020646762A4F82A8002
:10214000608D2085B548E0622B46324649462046E0
:1021500002F06AF908B10120C9E7208D88B900BFF3
:1021600000200090206840690090206880690090FD
:1021700000BF00BF2068006840F40070216808605C
:102180004BE0208D01281AD12068006820F480607F
:102190002168086072B600BF002000902068406986
:1021A000009020688069009000BF00BF2068006830
:1021B00040F400702168086062B62EE029E1208DAD
:1021C000022819D12068006840F400602168086086
:1021D00072B600BF0020009020684069009020681F
:1021E0008069009000BF00BF2068006820F4806014
:1021F0002168086062B610E02068006840F48060E2
:102200002168086000BF00200090206840690090AD
:1022100020688069009000BF00BFEBE0208D03289C
:102220007ED8208D012815D12A463146204602F05D
:1022300076FB08B101205AE720680069616A0870DE
:10224000606A401C6062208D401E2085608D401EAB
:102250006085CFE0208D02282CD1334600227049C2
:102260002046009502F07FFA08B101203FE772B6E0
:102270002068006840F400702168086020680069E8
:10228000616A0870606A401C6062208D401E208573
:10229000608D401E608562B620680069616A0870C2
:1022A000606A401C6062208D401E2085608D401E4B
:1022B00060859FE03346002259492046009502F090
:1022C00052FA08B1012012E72068006820F480600B
:1022D0002168086072B620680069616A0870606AE7
:1022E000401C6062208D401E2085608D401E6085F0
:1022F0004C4800681921B0FBF1F04FF47A71B0FB43
:10230000F1F0C0EBC00000EB8000019000BF01982D
:10231000401E01900198A8B900202063202000E011
:1023200038E084F83D00002084F83E00206C40F046
:102330002000206462B600BF002084F83C0000BF8B
:102340000120D4E620684069C0F380000028DED078
:102350002068006840F40070216808602068006907
:10236000616A0870606A401C6062208D401E208592
:10237000608D401E608562B620680069616A0870E1
:10238000606A401C6062208D401E2085608D401E6A
:1023900060852FE02A463146204602F0C0FA08B197
:1023A0000120A4E620680069616A0870606A401C28
:1023B0006062208D401E2085608D401E60852068F3
:1023C0004069C0F38000A8B1208D032805D12068A2
:1023D000006820F480602168086020680069616AF4
:1023E0000870606A401C6062208D401E2085608DF0
:1023F000401E6085208D00287FF410AF202084F8D7
:102400003D00002084F83E0000BF84F83C0000BF7F
:102410006DE602206BE60000020010000000FFFFE6
:10242000040001000C0000202DE9F8430446894611
:1024300016461F46DDF82080FFF752FD054694F84A
:102440003D0020287ED119230122514920460095C4
:1024500002F089F910B10220BDE8F88300BF94F8BA
:102460003C00012801D10220F6E7012084F83C005D
:1024700000BF2068006800F0010028B920680068EB
:1024800040F00100216808602068006820F40060C6
:1024900021680860212084F83D00102084F83E0067
:1024A0000020206466626785608D20853948E0627F
:1024B0002B4642464946204602F052F808B1012018
:1024C000CAE700BF002000902068406900902068A3
:1024D0008069009000BF00BF44E02A464146204684
:1024E00002F062FA50B1206C042805D1206800681F
:1024F00040F40070216808600120ADE7606A007850
:1025000021680861606A401C6062608D401E6085C1
:10251000208D401E208520684069C0F3800070B186
:10252000208D60B1606A007821680861606A401C93
:102530006062608D401E6085208D401E20852A4689
:10254000414600E022E0204602F0DAF850B1206C6B
:10255000042805D12068006840F4007021680860F4
:10256000012079E7208D0028B7D12068006840F469
:10257000007021680860202084F83D00002084F865
:102580003E0000BF84F83C0000BF65E7022063E71F
:10259000020010000000FFFF2DE9FC5F04460F461B
:1025A00090469946DDE90CAB0E9EFFF799FC054677
:1025B00094F83D0020287DD1192301224D49204661
:1025C000009502F0D0F810B10220BDE8FC9F00BFDA
:1025D00094F83C00012801D10220F6E7012084F89C
:1025E0003C0000BF2068006800F0010028B92068A6
:1025F000006840F00100216808602068006820F44D
:10260000006021680860212084F83D00402084F8A3
:102610003E0000202064C4F824A0A4F82AB0608DF5
:1026200020853548E0624B46424639462046CDE992
:10263000006501F0F5FF08B10120C6E731E02A4648
:102640003146204602F0B0F950B1206C042805D183
:102650002068006840F40070216808600120B4E739
:10266000606A007821680861606A401C6062208DA1
:10267000401E2085608D401E608520684069C0F343
:10268000800070B1208D60B1606A007821680861B7
:10269000606A401C6062208D401E2085608D401E57
:1026A0006085208D0028CAD12A463146204602F096
:1026B00027F800E01CE050B1206C042805D1206808
:1026C000006840F400702168086001207DE7206800
:1026D000006840F4007021680860202084F83D0004
:1026E000002084F83E0000BF84F83C0000BF6CE787
:1026F00002206AE7020010000000FFFF10B586B05C
:10270000044600200290039004900590154920682B
:10271000884225D100BF1448806940F00800124962
:1027200088610846806900F00800019000BF00BF82
:10273000C0200290122003900320059002A90B48AC
:10274000FFF716FA00BF0848C06940F400100649B8
:10275000C8610846C06900F40010019000BF00BFC6
:1027600006B010BD0054004000100240000C0140B3
:102770000348006803490978084401490860704724
:10278000000000200800002010B50848006840F054
:10279000100006490860032000F0A8F80F2000F0A0
:1027A00007F800F02BF8002010BD000000200240C8
:1027B00070B504460E4800784FF47A71B1FBF0F022
:1027C0000C490968B1FBF0F5284600F01DFD08B181
:1027D000012070BD102C07D200222146501E00F0AF
:1027E00047F80548046001E00120F2E70020F0E727
:1027F000080000200C0000200400002008B500BFE5
:102800001148806940F001000F49886108468069DD
:1028100000F00100009000BF00BF00BF0846C06983
:1028200040F08050C8610846C06900F080500090B8
:1028300000BF00BF00BF0549486820F0E06040F0DD
:102840000070486000BF08BD001002400000014059
:1028500001460846002809DB00F01F0301229A40C8
:1028600043099B0003F1E023C3F8002100BF704738
:102870002DE9F05F80460D461646002702F08CFFDA
:10288000074639462A46334601F00700C0F1070AD9
:10289000BAF1040F02D94FF0040A01E0C0F1070AAF
:1028A000D14600F1040ABAF1070F02D24FF0000A34
:1028B00001E0A0F1030AD4464FF0010A0AFA09FA2E
:1028C000AAF1010A0AEA020A0AFA0CFA4FF0010B0D
:1028D0000BFA0CFBABF1010B0BEA030B4AEA0B04FE
:1028E0002146404602F060FFBDE8F09F00BF00F0C7
:1028F0000702064B19684FF6FF031940044B0B43C0
:1029000043EA0221014B196000BF70470CED00E063
:102910000000FA052DE9F04706464FF000080025B3
:1029200000270024A146042E37D004DC012E3CD021
:10293000022E6CD160E0082E33D0102E67D13648BD
:102940004468006800F0807008B33448C4F38341E1
:10295000475C04F4803078B12F484068C0F34040B1
:102960002F4911F8008004F4803040B12D48B0FBAD
:10297000F8F000FB07F502E02B4807FB00F52648BE
:10298000406800F48000B0F5800F01D1A94603E053
:1029900068000321B0FBF1F93AE000F0CBF9814681
:1029A00036E000F0C7F9814632E01B48046A04F4BF
:1029B0004070B0F5807F05D104F0020010B14FF4F3
:1029C000004918E004F44070B0F5007F07D11248C8
:1029D000406A00F0020010B149F640490BE004F4EF
:1029E0004070B0F5407F06D10B48006800F400301D
:1029F00008B14FF224490BE000F08CF90649496810
:102A0000C1F38131491C4900B0FBF1F900E000BF7E
:102A100000BF4846BDE8F087001002400280000871
:102A20001280000800127A0000093D00F8B5044643
:102A300000260025207800F0010000286BD0002738
:102A40004348C06900F0805070B900BF4048C06979
:102A500040F080503E49C8610846C06900F080508F
:102A6000009000BF00BF01273A48006800F4807062
:102A7000B0B93848006840F4807036490860FFF704
:102A80002FFA064606E0FFF72BFA801B642801D9CF
:102A90000320F8BD2F48006800F480700028F2D0B1
:102AA0002B48006A00F440752DB3A08800F44070F4
:102AB000A84220D02648006A20F44075012026490B
:102AC0000860002008602248056205F0010090B10E
:102AD000FFF706FA064608E0FFF702FA801B41F20C
:102AE0008831884201D90320D3E71948006A00F0F1
:102AF00002000028F0D01648006A20F44070616897
:102B0000084313490862012F04D10846C06920F028
:102B10008050C86100BF207800F00200022807D171
:102B20000B48406820F44040A168084308494860C9
:102B3000207800F01000102807D10548406820F4E4
:102B4000800061690843024948600020A1E7000055
:102B500000100240007000404004424270B504463C
:102B60000D460CB9012070BD5A48006800F00700FE
:102B7000A8420ED25748006820F007002843554964
:102B800008600846006800F00700A84201D0012054
:102B9000E9E7207800F0020002281DD1207800F03B
:102BA0000400042805D14C48406840F4E0604A49DC
:102BB0004860207800F00800082805D146484068A1
:102BC00040F46050444948604348406820F0F000B9
:102BD000A168084340494860207800F0010078B3BC
:102BE0006068012806D13C48006800F4003090B9C4
:102BF0000120B8E76068022806D13748006800F075
:102C0000007040B90120AEE73348006800F00200D0
:102C100008B90120A7E73048406820F00300616848
:102C200008432D494860FFF75BF9064609E0FFF7C6
:102C300057F9801B41F28831884202D9032092E77C
:102C400007E02548406800F00C006168B0EB810F98
:102C5000EDD12048006800F00700A8420ED91D48B9
:102C6000006820F0070028431A49086008460068F9
:102C700000F00700A84201D0012074E7207800F09E
:102C80000400042807D11448406820F4E060E1689B
:102C9000084311494860207800F00800082808D14E
:102CA0000D48406820F46050216940EAC1000A499B
:102CB000486000F03FF808494968C1F30311074A2A
:102CC000515CC8400649086006480068FFF770FD7F
:102CD000002048E700200240001002401480000855
:102CE0000C0000200400002001480068704700002C
:102CF0000C00002000B5FFF7F7FF04494968C1F355
:102D00000221034A515CC84000BD0000001002408F
:102D10002480000800B5FFF7E7FF04494968C1F3C4
:102D2000C221034A515CC84000BD000000100240AF
:102D30002480000870B50021002200240023002018
:102D4000134D696801F00C05F5B1042D02D0082D72
:102D500019D101E00F4819E00F4DC1F38346AB5D77
:102D600001F4803555B10A4D6D68C5F340450B4EF1
:102D7000725D084D5D43B5FBF2F402E0084D03FBC4
:102D800005F4204602E000BF024800BF00BF70BD4E
:102D90000010024000127A00F07F00080080000856
:102DA00000093D00F8B504460CB90120F8BD2078B3
:102DB00000F00100002878D0F848406800F00C00CE
:102DC00004280CD0F548406800F00C00082811D108
:102DD000F248406800F48030B0F5803F0AD1EF48F7
:102DE000006800F4003000285FD0606800285CD1E3
:102DF0000120DBE700BF6068B0F5803F06D1E748FF
:102E0000006840F48030E549086028E0606858B9FF
:102E1000E248006820F48030E04908600846006815
:102E200020F4802008601AE06068B0F5A02F0BD174
:102E3000DA48006840F48020D849086008460068F5
:102E400040F4803008600AE0D448006820F4803004
:102E5000D24908600846006820F48020086000BF5E
:102E6000606888B1FFF73CF8054606E0FFF738F8E0
:102E7000401B642801D9032098E7C848006800F483
:102E800000300028F2D010E0FFF72AF8054606E0EF
:102E9000FFF726F8401B642801D9032086E7BF48C6
:102EA000006800F400300028F2D1207800F0020021
:102EB000022857D1B948406800F00C0050B1B7481B
:102EC000406800F00C00082818D1B448406800F4AD
:102ED000803098B9B148006800F0020020B1206944
:102EE000012801D0012061E7AC48006820F0F8001B
:102EF000616940EAC100A949086033E02069E8B18E
:102F00000120A7490860FEF7EBFF054606E0FEF743
:102F1000E7FF401B022801D9032047E79F480068CC
:102F200000F002000028F2D09C48006820F0F80071
:102F3000616940EAC1009949086013E0002098499E
:102F40000860FEF7CDFF054606E0FEF7C9FF401B0F
:102F5000022801D9032029E79048006800F0020008
:102F60000028F2D1207800F0080008282DD1A069AF
:102F7000B8B101208B490860FEF7B2FF054606E0B4
:102F8000FEF7AEFF401B022801D903200EE783485D
:102F9000406A00F002000028F2D0012001F0D6FFC4
:102FA00013E000207F490860FEF79AFF054606E01F
:102FB000FEF796FF401B022801D90320F6E677486A
:102FC000406A00F002000028F2D1207800F00400EE
:102FD000042873D100277148C06900F0805070B98F
:102FE00000BF6E48C06940F080506C49C861084617
:102FF000C06900F08050009000BF00BF01276A4800
:10300000006800F48070B0B96748006840F48070D0
:1030100065490860FEF764FF054606E0FEF760FFBD
:10302000401B642801D90320C0E65F48006800F413
:1030300080700028F2D000BFE068012806D1574810
:10304000006A40F001005549086227E0E06858B97D
:103050005248006A20F00100504908620846006AA0
:1030600020F00400086219E0E06805280BD14B4805
:10307000006A40F00400494908620846006A40F0CE
:10308000010008620AE04548006A20F00100434957
:1030900008620846006A20F00400086200BFE06889
:1030A000A0B1FEF71DFF054609E0FEF719FF401B22
:1030B00041F28831884202D9032077E622E037487E
:1030C000006A00F002000028EFD012E0FEF708FFCF
:1030D000054608E0FEF704FF401B41F288318842B4
:1030E00001D9032062E62D48006A00F002000028A2
:1030F000F0D1012F05D12948C06920F0805027491F
:10310000C86100BFE069C8B32448406800F00C0003
:10311000082860D0E069022848D1002020490866CC
:10312000FEF7DEFE054606E0FEF7DAFE401B02284B
:1031300001D903203AE61948006800F00070002821
:10314000F2D1206AB0F5803F07D11448406820F4DE
:103150000030A168084311494860D4E908010843D8
:103160000E49496821F4741108430C494860012054
:103170000B490866FEF7B4FE054607E03DE0FEF7A2
:10318000AFFE401B022801D903200FE60348006868
:1031900000F000700028F2D02FE000000010024084
:1031A0000000424280044242007000400020144966
:1031B0000866FEF795FE054606E0FEF791FE401B09
:1031C000022801D90320F1E50E48006800F00070E4
:1031D0000028F2D111E0E069012800D1E6E50948B4
:1031E000466806F48031206A814204D106F47011E9
:1031F000606A814201D00120D8E50020D6E50000B8
:10320000000042420010024070B504462546681E88
:10321000B0F1807F01D301200FE0681E4FF0E02164
:1032200048610F214FF0FF3002F0BEFA00204FF04E
:10323000E021886107200861002070BD7047704759
:1032400010B50346002200BF93F83C00012801D1CD
:10325000022010BD012083F83C0000BF22F0FF00D7
:10326000CC6840EA040222F440708C6840EA040210
:1032700022F480604C6840EA040222F400600C688A
:1032800040EA040222F480500C6940EA040222F46D
:1032900000504C6940EA040222F48040CC6940EAC4
:1032A00004021868426400BF002083F83C0000BF9D
:1032B00000BFCEE730B502460B4600BF92F83C0097
:1032C000012801D1022030BD012082F83C0000BF5E
:1032D000022082F83D00106844681068816824F07C
:1032E00070041868044310684460144D1068A842C4
:1032F00013D0134D1068A8420FD01068B0F1804F62
:103300000BD0104D1068A84207D00F4D1068A8428E
:1033100003D00E4D1068A84205D121F080015868F5
:10332000014310688160012082F83D0000BF002049
:1033300082F83C0000BF00BFC5E70000002C014040
:10334000003401400004004000080040000C004030
:1033500010B504460CB9012010BD94F83D0028B901
:10336000002084F83C00204600F026F8022084F873
:103370003D00211D206801F055FE012084F8460023
:1033800000BF84F83E0001213F2001554020015537
:103390004120015500BF00BF012084F842004320B6
:1033A0000155442001554520015500BF012084F8F6
:1033B0003D000020D0E7000038B504462C492068C5
:1033C00088420DD100BF2B48806940F40060294934
:1033D00088610846806900F40060009000BF46E004
:1033E0002068B0F1804F0DD100BF2248C06940F085
:1033F00001002049C8610846C06900F00100009042
:1034000000BF34E01C492068884216D100BF19482B
:10341000C06940F002001749C8610846C06900F061
:103420000200009000BF00BF002208211D20FFF70E
:103430001FFA1D20FFF70CFA19E010492068884296
:1034400015D100BF0B48C06940F020000949C86190
:103450000846C06900F02000009000BF00BF0022B5
:103460000B213720FFF704FA3720FFF7F1F938BDB9
:10347000002C0140001002400004004000140040F5
:10348000014691F83D00012801D00120704702203B
:1034900081F83D000868C06840F001000B68D86002
:1034A000164B0868984213D0154B086898420FD005
:1034B0000868B0F1804F0BD0124B0868984207D0D3
:1034C000114B0868984203D0104B086898420CD101
:1034D0000868806800F00702062A0CD008680068B7
:1034E00040F001000B68186005E00868006840F0D3
:1034F00001000B6818600020C8E70000002C0140A4
:10350000003401400004004000080040000C00406E
:103510002DE9F04104460D46002700BF94F83C0019
:10352000012802D10220BDE8F081012084F83C008E
:1035300000BF022084F83D002068866826F07706E8
:1035400026F47F46206886602868502833D00CDC3B
:10355000202850D004DC00284BD0102851D149E05D
:10356000302849D040284CD139E060282DD070282F
:1035700007D0B0F5805F03D0B0F5005F41D10DE01A
:1035800041E0D5E902136A68206801F0AAFD2068CD
:10359000866846F077062068866034E0D5E9021335
:1035A0006A68206801F09DFD2068806840F48040D2
:1035B0002168886027E0EA686968206801F082FE77
:1035C0005021206801F098FD1DE0EA6869682068D4
:1035D00001F08BFE6021206801F08EFD13E0EA68A7
:1035E0006968206801F06EFE4021206801F084FDCA
:1035F00009E000BF00BF00BF2968206801F07CFD22
:1036000001E0012700BF00BF012084F83D0000BF9A
:10361000002084F83C0000BF384684E7704710B5AE
:10362000044620680069C0F34000D8B12068C06833
:10363000C0F34000B0B16FF00200216808610120C2
:1036400020772068806900F0030018B12046FFF75A
:10365000E5FF05E0204600F003F9204600F0B7F949
:103660000020207720680069C0F38000D8B120686E
:10367000C068C0F38000B0B16FF004002168086139
:10368000022020772068806900F4407018B120463D
:10369000FFF7C4FF05E0204600F0E2F8204600F006
:1036A00096F90020207720680069C0F3C000D8B1E7
:1036B0002068C068C0F3C000B0B16FF00800216896
:1036C0000861042020772068C06900F0030018B169
:1036D0002046FFF7A3FF05E0204600F0C1F8204692
:1036E00000F075F90020207720680069C0F3001011
:1036F000D8B12068C068C0F30010B0B16FF01000FE
:1037000021680861082020772068C06900F44070B3
:1037100018B12046FFF782FF05E0204600F0A0F830
:10372000204600F054F9002020772068006900F05E
:10373000010058B12068C06800F0010030B16FF09E
:10374000010021680861204600F0BCF9206800698A
:10375000C0F3C01058B12068C068C0F3C01030B1C9
:103760006FF08000216808612046FFF767FD206840
:103770000069C0F3801058B12068C068C0F38010A1
:1037800030B16FF0400021680861204600F0A6F9D2
:1037900020680069C0F3401058B12068C068C0F3C9
:1037A000401030B16FF02000216808612046FFF71B
:1037B00046FD10BD10B586B004460020029003906F
:1037C0000490059021492068884217D100BF204805
:1037D000806940F004001E4988610846806900F055
:1037E0000400019000BF00BFC814029002200390A3
:1037F000059002A91748FEF7BBF925E02068B0F153
:10380000804F21D100BF1248806940F00800104964
:1038100088610846806900F00800019000BF00BF81
:103820000820029002200390059002A90A48FEF7A2
:103830009FF900BF0949486820F4407040F0E060FB
:1038400040F48070486000BF06B010BD002C0140FD
:103850000010024000080140000C0140000001403F
:1038600070472DE9F04104460D461646002700BF7B
:1038700094F83C00012802D10220BDE8F08101202B
:1038800084F83C0000BF36B1042E1BD0082E31D086
:103890000C2E5ED145E02946206801F037FC2068F7
:1038A000806940F00800216888612068806920F004
:1038B00004002168886120688069296908432168BB
:1038C000886148E02946206801F058FC206880693A
:1038D00040F40060216888612068806920F480607D
:1038E0002168886120688069296940EA012021688F
:1038F000886130E02946206801F07EFC2068C069BC
:1039000040F008002168C8612068C06920F0040008
:103910002168C8612068C069296908432168C861B5
:1039200019E02946206801F0A3FC2068C06940F432
:1039300000602168C8612068C06920F48060216847
:10394000C8612068C069296940EA01202168C8610E
:1039500001E0012700BF00BF00BF002084F83C0049
:1039600000BF384689E710B504460CB9012010BDE8
:1039700094F83D0028B9002084F83C00204600F06F
:1039800025F8022084F83D00211D206801F04AFB43
:10399000012084F8460000BF84F83E0001213F204A
:1039A0000155402001554120015500BF00BF0120B5
:1039B00084F842004320015544200155452001551B
:1039C00000BF012084F83D000020D0E77047704719
:1039D00070B504460D4615B994F83E000BE0042D71
:1039E00002D13F20005D06E0082D02D14020005D9D
:1039F00001E04120005D012801D0012070BD1DB90A
:103A0000022084F83E000EE0042D03D102213F2065
:103A1000015508E0082D03D102214020015502E0A4
:103A200002214120015501222946206801F048FB6E
:103A30001F492068884203D01E492068884201D16E
:103A4000012000E0002028B12068406C40F40040D4
:103A50002168486416492068884213D015492068B7
:103A600088420FD02068B0F1804F0BD012492068F7
:103A7000884207D011492068884203D01049206845
:103A800088420CD12068806800F00706062E0CD012
:103A90002068006840F001002168086005E02068A7
:103AA000006840F00100216808600020A6E70000DF
:103AB000002C014000340140000400400008004098
:103AC000000C004010B5044603492068096888428C
:103AD00001D103F0A5FE10BD900200207047704791
:103AE0007047000010B5044600BF00BF21680C31CC
:103AF00051E8001F21F4907021680C3141E8000268
:103B0000002AF3D100BF00BF00BF2168143151E883
:103B1000001F21F001002168143141E80002002A51
:103B2000F3D100BF206B01280ED100BF00BF216878
:103B30000C3151E8001F21F0100021680C3141E8E0
:103B40000002002AF3D100BF2068406900F0400065
:103B500030B300BF00BF2168143151E8001F21F0CD
:103B600040002168143141E80002002AF3D100BF6F
:103B7000E06B50B11048E16B4863E06BFDF7B0FCBF
:103B8000C0B1E06B416B884714E00020E085202045
:103B900084F84200002020632046FFF7A1FF09E0DF
:103BA0000020E085202084F8420000202063204689
:103BB000FFF796FF002010BD495300087047000032
:103BC0002DE9F84F0446206805682068C66820681B
:103BD00047694FF00009CA4605F00F09B9F1000F17
:103BE0000AD105F0200038B106F0200020B12046AF
:103BF00001F0FEFBBDE8F88FB9F1000F7BD007F0B4
:103C0000010018B906F49070002874D005F0010086
:103C100030B106F4807018B1606C40F0010060644F
:103C200005F0040030B107F0010018B1606C40F0FD
:103C30000200606405F0020030B107F0010018B125
:103C4000606C40F00400606405F0080048B106F0C4
:103C5000200010B907F0010018B1606C40F00800B6
:103C60006064606C002845D005F0200028B106F0A3
:103C7000200010B1204601F0BBFB20684069C0F372
:103C8000801A606C00F0080010B9BAF1000F2CD057
:103C9000204601F067FB2068406900F0400000B357
:103CA00000BF00BF2168143151E8001F21F040001F
:103CB0002168143141E80002002AF3D100BFE06B13
:103CC00050B17748E16B4863E06BFDF709FC88B1C0
:103CD000E06B416B88470DE02046FFF76FFF09E07E
:103CE00009E02046FFF76AFF04E02046FFF766FF81
:103CF000002060647EE7206B012877D105F010007A
:103D0000002873D006F010000028FAD000BF002071
:103D1000009020680068009020684068009000BF14
:103D200000BF2068406900F0400000285FD0E06BD1
:103D3000006840681FFA80F8B8F1000F55D0A08DD8
:103D4000404552DDA4F82E80E06B8069202843D0E6
:103D500000BF00BF21680C3151E8001F21F48070C2
:103D600021680C3141E80002002AF3D100BF00BFF6
:103D700000BF2168143151E8001F21F001002168C3
:103D8000143141E80002002AF3D100BF00BF00BF98
:103D90002168143151E8001F21F0400021681431DE
:103DA00041E80002002AF3D100BF202084F842003D
:103DB0000020206300BF00BF21680C3151E8001FC4
:103DC00021F0100021680C3141E80002002AF3D1F3
:103DD00000BFE06BFDF759FB02206063A08DE28D10
:103DE000801A81B22046FFF77AFE03E742E0A08DF9
:103DF000E18D401A1FFA80F8E08DD0B3B8F1000FC2
:103E000037D000BF00BF21680C3151E8001F21F4FA
:103E1000907021680C3141E80002002AF3D100BF04
:103E200000BF00BF2168143151E8001F21F00100DC
:103E30002168143141E80002002AF3D100BF20209C
:103E400084F842000020206300BF00BF21680C31CD
:103E500051E8001F21F0100021680C3141E80002F8
:103E6000002AF3D100BF0220606341462046FFF7DD
:103E700036FEBFE605F0800030B106F0800018B1D4
:103E8000204601F0D1FBB5E605F0400030B106F068
:103E9000400018B1204601F09BFAABE600BFA9E64E
:103EA0003553000810B504460CB9012010BDA069B7
:103EB00000B100E000BF94F8410028B9002084F868
:103EC0004000204600F02AF8242084F841002068B1
:103ED000C06820F400502168C860204601F006FB4D
:103EE0002068006920F490402168086120684069DA
:103EF00020F02A00216848612068C06840F4005022
:103F00002168C86000206064202084F8410084F8A3
:103F100042000020606300BFC8E7000010B586B013
:103F20000446002002900390049005909B4920686D
:103F3000884237D100BF9A48C06940F400209849B0
:103F4000C8610846C06900F40020019000BF00BFAE
:103F500000BF0846806940F010008861084680690B
:103F600000F01000019000BF00BF08150290022071
:103F700003900320059002A98A48FDF7F9FD4FF44C
:103F80000060029000200390049002A98548FDF78C
:103F9000EFFD002208213420FEF76AFC3420FEF7F2
:103FA00057FCF9E080492068884243D100BF7C4833
:103FB000C06940F480107A49C8610846C06900F4BD
:103FC0008010019000BF00BF00BF0846806940F02C
:103FD000100088610846806900F01000019000BF61
:103FE00000BF00BF0846806940F020008861084695
:103FF000806900F02000019000BF00BF881402908B
:10400000022003900320059002A96648FDF7B0FD49
:104010000420029000200390049002A96348FDF759
:10402000A7FD002208213520FEF722FC3520FEF7EF
:104030000FFCB1E05E492068884237D100BF584884
:10404000806940F48040564988610846806900F4E0
:104050008040019000BF00BF00BF0846806940F06B
:10406000040088610846806900F00400019000BFE8
:1040700000BF48150290022003900320059002A97A
:104080004C48FDF775FD4FF48060029000200390CE
:10409000049002A94748FDF76BFD00220821252066
:1040A000FEF7E6FB2520FEF7D3FB75E042492068CA
:1040B000884236D100BF3A48C06940F400303849E0
:1040C000C8610846C06900F40030019000BF00BF1D
:1040D00000BF0846806940F0040088610846806996
:1040E00000F00400019000BF00BF042002900220F5
:1040F00003900320059002A92E48FDF739FD082002
:10410000029000200390049002A92A48FDF730FD98
:10411000002208212620FEF7ABFB2620FEF798FBA5
:104120003AE026492068884236D100BF1C48C06961
:1041300040F480201A49C8610846C06900F4802014
:10414000019000BF00BF00BF0846806940F0080032
:1041500088610846806900F00800019000BF00BF38
:1041600008150290022003900320059002A914482C
:10417000FDF7FEFC4FF400600290002003900490D5
:1041800002A90F48FDF7F4FC002208212720FEF7C2
:104190006FFB2720FEF75CFB06B010BD004C004013
:1041A0000010024000100140005000400014014087
:1041B0000038014000080140004400400048004031
:1041C000000C01402DE9F84F04460E46174699466B
:1041D0004FF0000A94F8420020284FD106B117B9D9
:1041E0000120BDE8F88F00206064222084F842009E
:1041F00000202063FDF774FE8246A785E785A0684E
:10420000B0F5805F04D1206910B90025B04602E006
:1042100035464FF0000829E0534600222021204671
:10422000CDF8009001F030FA08B10320D9E745B984
:1042300020684068C0F30800A8F8000008F10208F0
:1042400011E0A068B0F5805F03D0A06828B92069AC
:1042500018B920684068287004E02068406800F0C1
:104260007F0028706D1CE08D401EE085E08D0028E9
:10427000D2D1202084F842000020B2E70220B0E72B
:1042800070B504460D46164694F8420020280BD11E
:1042900005B10EB9012070BD0020206332462946C9
:1042A000204601F0A1F9F6E70220F4E770B50546D3
:1042B000284602F02FFC044604EB84101B4911F839
:1042C0003000012831D104EB841001EBC000B0F8BC
:1042D000046204EB841001EBC00090F8061204EBBA
:1042E0008410124A02EBC000C01C815504EB8410FC
:1042F000114601EBC000B0F80402401C04EB84112D
:1043000002EBC101A1F80402022004EB841102EBCC
:10431000C101487004EB841002EBC00000F20621DA
:1043200001222846FFF7ACFF00BF70BD400400200B
:104330002DE9F84F04460E46174699464FF0000AFD
:1043400094F8410020284AD106B117B90120BDE8F0
:10435000F88F00206064212084F84100FDF7C0FD43
:104360008246A784E784A068B0F5805F04D1206905
:1043700010B90025B04602E035464FF000081BE0BA
:104380005346002280212046CDF8009001F07CF9B0
:1043900008B10320DBE745B9B8F80000C0F3080016
:1043A0002168486008F1020803E028782168486025
:1043B0006D1CE08C401EE084E08C0028E0D1534668
:1043C000002240212046CDF8009001F05DF908B1AF
:1043D0000320BCE7202084F841000020B7E702203A
:1043E000B5E7704700BFFEE7014608684069C0F3C3
:1043F0008020B0B16FF480600A68506100200863CB
:10440000202081F83D00002081F83E00086C40F03B
:104410000400086400BF002081F83C0000BF0120B8
:1044200070470020FCE700002DE9F84304460D46E4
:1044300090461E46E76A2068006840F48060216864
:104440000860082F04D0012F02D017F5803F06D155
:104450002068006840F480702168086008E0206BE4
:10446000112805D12068006840F480702168086038
:10447000434600224FF001112046009600F073F9E8
:1044800060B12068006800F48070B0F5807F02D1D0
:104490004FF4007020640320BDE8F8832069B0F574
:1044A000804F05D1E8B240F001002168086149E081
:1044B00005F44070F02141EAE010216808613346BC
:1044C00042462649204600F0ADF908B10120E3E755
:1044D000E8B221680861334642462049891F2046D8
:1044E00000F0A0F908B10120D6E700BF002000903D
:1044F00020684069009020688069009000BF00BF7C
:104500002068006840F480702168086043460022FB
:104510004FF001112046009600F025F958B12068AF
:10452000006800F48070B0F5807F02D14FF4007015
:1045300020640320B0E705F44070F12141EAE01067
:1045400021680861334642460449891F204600F02D
:1045500069F908B101209FE700209DE708000100EC
:104560002DE9F84304460D4617469846E66A082E9C
:1045700004D0012E02D016F5803F06D120680068D5
:1045800040F480702168086008E0206B122805D193
:104590002068006840F48070216808603B46002273
:1045A0004FF001112046CDF8008000F0DCF860B13A
:1045B0002068006800F48070B0F5807F02D14FF46D
:1045C000007020640320BDE8F8832069B0F5804FB7
:1045D00004D105F0FE002168086112E005F4407086
:1045E000F02141EAE0102168086143463A460B4950
:1045F000204600F017F908B10120E4E7E8B221688D
:10460000086143463A460549891F204600F00AF9E9
:1046100008B10120D7E70020D5E70000080001001D
:104620002DE9F8430446884615469946DDE90867B2
:104630002068006840F480702168086033460022DA
:104640004FF001112046009700F08DF860B120680E
:10465000006800F48070B0F5807F02D14FF40070E4
:1046600020640320BDE8F88308F0FE00216808619B
:104670003B4632462149204600F0D4F808B10120DB
:10468000F0E700BF0020009020684069009020689B
:104690008069009000BF00BF3A463146204600F0D6
:1046A00083F950B1206C042805D12068006840F4DB
:1046B0000070216808600120D4E7B9F1010F03D12F
:1046C000E8B22168086117E0C5F307202168086196
:1046D0003A463146204600F067F950B1206C042874
:1046E00005D12068006840F400702168086001204E
:1046F000B8E7E8B2216808610020B3E702000100D2
:1047000070B504460D46164625E02046FFF76CFEC0
:1047100008B1012070BD681CE8B1FDF7E1FB801B0A
:10472000A84200D8BDB920684069C0F3800090B9A4
:1047300000202063202084F83D00002084F83E0003
:10474000206C40F02000206400BF002084F83C0072
:1047500000BF0120DEE720684069C0F38000002828
:10476000D3D00020D6E72DE9F04104460D46174688
:104770001E46DDF8188038E0701CA8B3FDF7B0FBCA
:10478000A0EB0800B04200D876BBC5F30740012873
:104790000AD120684069A9B20840A9B2884201D173
:1047A00001200BE0002009E020688069A9B20840E0
:1047B000A9B2884201D1012000E00020B84214D102
:1047C00000202063202084F83D00002084F83E0073
:1047D000206C40F02000206400BF002084F83C00E2
:1047E00000BF0120BDE8F081FFE7C5F307400128C5
:1047F0000AD120684069A9B20840A9B2884201D113
:1048000001200BE0002009E020688069A9B208407F
:10481000A9B2884201D1012000E00020B842ABD00B
:104820000020DFE72DE9F04104460D4616461F46FD
:1048300058E020684069C0F38020E8B12068006833
:1048400040F40070216808606FF48060216848615E
:1048500000202063202084F83D00002084F83E00E2
:10486000206C40F00400206400BF002084F83C006D
:1048700000BF0120BDE8F081701C90B3FDF730FB54
:10488000C01BB04200D866BBC5F3074001280AD15F
:1048900020684069A9B20840A9B2884201D101202C
:1048A0000BE0002009E020688069A9B20840A9B2A5
:1048B000884201D1012000E0002090B9002020634F
:1048C000202084F83D00002084F83E00206C40F059
:1048D0002000206400BF002084F83C0000BF0120BD
:1048E000C8E7FFE7C5F3074001280AD120684069FF
:1048F000A9B20840A9B2884201D101200BE00020F2
:1049000009E020688069A9B20840A9B2884201D1B3
:10491000012000E0002000288BD00020AAE770B51D
:1049200004460D46164637E020684069C0F3001083
:10493000A0B16FF0100021684861002020632020A2
:1049400084F83D00002084F83E00206C206400BF05
:10495000002084F83C0000BF012070BDFDF7C0FAC4
:10496000801BA84200D8BDB920684069C0F3801000
:1049700090B900202063202084F83D00002084F8B6
:104980003E00206C40F02000206400BF002084F82E
:104990003C0000BF0120E0E720684069C0F38010C0
:1049A0000028C1D00020D8E770B504460D46164651
:1049B00025E02046FFF718FD08B1012070BD681CF6
:1049C000E8B1FDF78DFA801BA84200D8BDB9206878
:1049D0004069C0F3C01090B900202063202084F803
:1049E0003D00002084F83E00206C40F02000206450
:1049F00000BF002084F83C0000BF0120DEE72068F3
:104A00004069C0F3C0100028D3D00020D6E70000D2
:104A10000EB500200090019002901E481E490860CB
:104A200081151D48816001210173002101754FF43A
:104A30006021C161002018494860032116480161C6
:104A4000FCF71EFB08B1FCF73AF9042000900120A6
:104A500001900520029069460F48FCF7C3F908B1A0
:104A6000FCF72DF9052000900220019069460A48C4
:104A7000FCF7B8F908B1FCF722F9062000900320F2
:104A8000019069460448FCF7ADF908B1FCF717F945
:104A90000EBD000000240140F000002008B500BF5A
:104AA0000A48406940F001000849486108464069E9
:104AB00000F00100009000BF00BF002211460B2053
:104AC000FDF7D6FE0B20FDF7C3FE08BD0010024027
:104AD00000B585B00020019002900390049000BFC3
:104AE0003048806940F010002E498861084680698E
:104AF00000F01000009000BF00BF00BF08468069B2
:104B000040F0200088610846806900F02000009095
:104B100000BF00BF00BF0846806940F00400886104
:104B20000846806900F00400009000BF00BF00BF8D
:104B30000846806940F0080088610846806900F0F6
:104B40000800009000BF00BF002240F23321164849
:104B5000FDF7C0F9012204211348FDF7BBF94FF41A
:104B60006040019000200290039001A90F48FCF7DB
:104B7000FFFF8020019000200290039001A90C48C3
:104B8000FCF7F6FF40F23720019001200290002050
:104B900003900220049001A90348FCF7E9FF05B047
:104BA00000BD000000100240000C01400010014058
:104BB0000008014010B50B480B4908600B484860DD
:104BC000002109488160C1604FF4804101610021EA
:104BD00041618161C1610162FDF788F908B1FCF7AB
:104BE0006EF810BD0054004064010020801A0600D9
:104BF00000B595B0002011901290139014900F9072
:104C000010901C2108A8FBF7C6FA20216846FBF784
:104C1000C2FA2B482B49086005204860002129482A
:104C200081604FF6FF71C160002101614161802107
:104C30008161FEF78DFB08B1FCF741F84FF480501D
:104C4000119011A91F48FEF763FC08B1FCF737F873
:104C50001C48FEF788FE08B1FCF731F800200F90E1
:104C600010900FA91748FEF725FB08B1FCF727F8AD
:104C700060200890002009900A900C900D900E90F2
:104C80000C2208A90F48FEF7ECFD08B1FCF717F855
:104C90000020009001900290039004904FF4005087
:104CA00005900020079069460648FEF7C9FA08B14A
:104CB000FCF705F80348FEF77DFD15B000BD0000C8
:104CC000002C0140B801002000B58DB000200990F3
:104CD0000A900B900C90079008901C216846FBF7F7
:104CE0005AFA4FF080402049086040F2CF204860D7
:104CF00000211D48816040F2E731C160002101615F
:104D00008161FEF725FB08B1FBF7D9FF4FF4805016
:104D1000099009A91448FEF7FBFB08B1FBF7CFFF88
:104D20001148FEF720FE08B1FBF7C9FF00200790ED
:104D3000089007A90C48FEF7BDFA08B1FBF7BFFFC2
:104D400060200090002001900290049004226946A7
:104D50000548FEF786FD08B1FBF7B1FF0248FEF7F4
:104D600029FD0DB000BD00000002002000B587B095
:104D70000020039004900590069001900290154841
:104D80001549086041F61F404860002112488160C3
:104D900040F2E731C160002101618161FEF7D8FA7C
:104DA00008B1FBF78CFF4FF48050039003A90A4829
:104DB000FEF7AEFB08B1FBF782FF002001900290E6
:104DC00001A90548FEF776FA08B1FBF778FF07B0AE
:104DD00000BD000000040040480200201CB5002077
:104DE000009001900E480F49086041F61F4048604E
:104DF00000210C4881606321C16000218161FEF7C0
:104E0000A7FA08B1FBF75BFF00200090019069460C
:104E10000448FEF74FFA08B1FBF751FF1CBD000034
:104E2000001400409002002010B50B480B490860A8
:104E30004FF4E1304860002108488160C1600161A1
:104E40000C21416100218161C161FFF72BF808B19C
:104E5000FBF735FF10BD0000004C0040D8020020D9
:104E600010B50B480B4908604FF4E1304860002151
:104E700008488160C16001610C21416100218161AC
:104E8000C161FFF70FF808B1FBF719FF10BD000073
:104E9000005000402003002010B50B480B4908606B
:104EA0004FF4E1304860002108488160C160016131
:104EB0000C21416100218161C161FEF7F3FF08B15E
:104EC000FBF7FDFE10BD0000003801406803002024
:104ED00010B50B480B4908604FF4E13048600021E1
:104EE00008488160C16001610C214161002181613C
:104EF000C161FEF7D7FF08B1FBF7E1FE10BD00006E
:104F000000440040B003002010B50B480B49086076
:104F10004FF416504860002108488160C16001616B
:104F20000C21416100218161C161FEF7BBFF08B125
:104F3000FBF7C5FE10BD000000480040F80300204C
:104F400000BFFEE700BFFEE77047000008B5084954
:104F50000968C9084FF47A72B1FBF2F1414300913C
:104F600000BF00BF00994A1E00920029F9D108BD78
:104F70000C000020704710B5FDF7FAFB10BD00B51E
:104F800095B028210BA8FBF706F9142106A8FBF71A
:104F900002F918216846FBF7FEF801200B90000487
:104FA0000C9000200D9001200F9002201290C10360
:104FB00013914FF4E01114910BA8FDF7F3FE08B123
:104FC000FBF77DFE0F20069002200790002008903E
:104FD0004FF48060099000200A90022106A8FDF796
:104FE000BDFD08B1FBF76BFE02200090800302902C
:104FF0006846FDF71BFD08B1FBF761FE15B000BD6B
:105000007047000010B50248FEF709FB10BD000014
:105010004802002010B50248FEF701FB10BD000059
:105020009002002010B50268204B98420ED0204B11
:1050300098420BD0B0F1804F08D01E4B984205D05B
:105040001D4B984202D01D4B984203D122F07002B2
:105050004B681A43154B98420ED0154B98420BD013
:10506000B0F1804F08D0134B984205D0124B9842B4
:1050700002D0124B984203D122F44072CB681A43FB
:1050800022F080034C6943EA040202608B68C36229
:105090000B688362054B984202D0054B984201D1C0
:1050A0000B6903630123436110BD0000002C014024
:1050B000003401400004004000080040000C0040A3
:1050C00030B501F01F05012404FA05F3046A9C437E
:1050D0000462046A01F01F0502FA05F52C4304621C
:1050E00030BD30B50C46816821F47F4142EA03258A
:1050F00025432943816030BD0A46816821F0700153
:1051000042F00703194381607047000030B5026A1E
:10511000056A25F0010505624368846924F070047E
:1051200024F003040D682C4322F002028D682A4308
:10513000104DA84200D103E00F4DA84206D100BF98
:1051400022F00802CD682A4322F00402094DA84249
:1051500002D0094DA84207D123F4807323F40073D1
:105160004D692B438D692B43436084614D684563D2
:10517000026230BD002C01400034014030B5026AAB
:10518000056A25F0100505624368846924F4E0444B
:1051900024F440740D6844EA052422F020028D684E
:1051A00042EA0512124DA84200D103E0114DA84277
:1051B00007D100BF22F08002CD6842EA051222F03A
:1051C00040020B4DA84202D00A4DA84209D123F457
:1051D000806323F400634D6943EA85038D6943EAE4
:1051E0008503436084614D688563026230BD0000C1
:1051F000002C01400034014030B5026A056A25F4F4
:10520000807505624368C46924F0700424F00304C7
:105210000D682C4322F400728D6842EA0522124D7B
:10522000A84200D103E0114DA84207D100BF22F4EB
:105230000062CD6842EA052222F480620A4DA8424B
:1052400002D00A4DA84209D123F4805323F400531D
:105250004D6943EA05138D6943EA05134360C46150
:105260004D68C563026230BD002C0140003401402E
:1052700030B5036A056A25F4805505624468C26941
:1052800022F4E04222F440720D6842EA052223F43F
:1052900000538D6843EA0533084DA84202D0084DFB
:1052A000A84204D124F480444D6944EA8514446042
:1052B000C2614D680564036230BD0000002C0140EE
:1052C0000034014030B50B461446026A056A25F0E9
:1052D00001050562816921F0F00141EA041122F023
:1052E0000A021A438161026230BD30B50B46144692
:1052F000026A056A25F010050562816921F4704192
:1053000041EA043122F0A00242EA03128161026202
:1053100030BD000010B50248FEF752FC10BD000081
:10532000D802002010B50248FEF74AFC10BD00006C
:105330002003002070B505466C6A0020E085E084FB
:105340002046FEF73BFC70BD70B505466C6A002038
:10535000E085202084F84200002020632046FEF7EC
:10536000BFFB70BD00BF00BF02680C3252E8002FC7
:1053700022F4907102680C3242E80013002BF3D142
:1053800000BF00BF00BF0268143252E8002F22F0B5
:1053900001010268143242E80013002BF3D100BF70
:1053A000016B01290ED100BF00BF02680C3252E828
:1053B000002F22F0100102680C3242E80013002B8B
:1053C000F3D100BF202180F8421000210163704713
:1053D00010B504462068C06820F040002168C8600D
:1053E000202084F841002046FEF7FBFF002010BD7E
:1053F000F8B5044694F84200222875D1A068B0F5AB
:10540000805F0CD1206950B90025A66A20684068E9
:10541000C0F308003080A06A801CA06215E0A56A75
:105420000026A068B0F5805F03D0A06828B9206985
:1054300018B920684068287004E02068406800F0CF
:105440007F002870A06A401CA062E08D401E80B2E0
:10545000E085002846D12068C06820F0200021683F
:10546000C8602068C06820F480702168C860206827
:10547000406920F0010021684861202084F8420042
:1054800000206063206B012826D10020206300BF2C
:1054900000BF21680C3151E8001F21F01000216885
:1054A0000C3141E80002002AF3D100BF20680068F7
:1054B00000F0100010280AD100BF002000902068E2
:1054C0000068009020684068009000BF00BFA18D78
:1054D0002046FEF704FB02E02046FEF7E7FE002030
:1054E000F8BD01E00020FBE70220F9E770B50446B3
:1054F0002168096921F44051E26811432268116171
:105500002269A1681143626941EA02052168C968FC
:1055100041F20C62914329432268D16021684969B4
:1055200021F44071A2691143226851612D4A21681A
:10553000914202D1FDF7EEFB01E0FDF7DBFB00EB52
:10554000C00101EB001162689200B1FBF2F100EBC7
:10555000C00202EB001263689B00B2FBF3F264230B
:10556000B2FBF3F202EBC20303EB0212A1EB8201E6
:10557000322202EB01116422B1FBF2F101F0F001E1
:1055800000EBC00202EB001263689B00B2FBF3F277
:105590006423B2FBF3F201EB021200EBC00101EB5A
:1055A000001163689B00B1FBF3F100EBC00303EB58
:1055B00000136668B600B3FBF6F36426B3FBF6F39C
:1055C00003EBC30606EB0313A1EB8301322303EBCA
:1055D00001116423B1FBF3F101F00F0111442268C2
:1055E000916070BD0038014010B5034699629A85FC
:1055F000DA8500205864222083F84200186928B117
:105600001868C06840F480701C68E06018684069E1
:1056100040F001001C6860611868C06840F020001C
:105620001C68E060002010BD014691F8410021286F
:1056300028D18868B0F5805F0BD1086948B90A6A3B
:105640001088C0F308000B685860086A801C086264
:1056500005E00B6A581C086218780B685860C88C03
:10566000401E80B2C88458B90868C06820F0800025
:105670000B68D8600868C06840F040000B68D860CC
:10568000002070470220FCE72DE9F04104460D465A
:1056900017469846069E34E0701C88B32EB1FCF77E
:1056A0001FFCA0EB0800B0422BD900BF00BF21684F
:1056B0000C3151E8001F21F4D07021680C3141E811
:1056C0000002002AF3D100BF00BF00BF21681431DF
:1056D00051E8001F21F001002168143141E8000267
:1056E000002AF3D100BF202084F8410084F8420052
:1056F00000BF002084F8400000BF0320BDE8F08117
:10570000FFE7206800682840A84201D1012000E09E
:105710000020B842C0D00020F0E7000010B50248D9
:10572000FEF74EFA10BD00006803002010B50248D5
:10573000FEF746FA10BD0000B003002010B5024885
:10574000FEF73EFA10BD0000F803002000BFFEE7A0
:105750000FB4054B10B503A9044A029800F00AF9EA
:1057600010BC5DF814FB0000E5660008EC000020AA
:105770000FB4084B10B504A902AA039800F0FAF878
:10578000044602A9002000F08CFC204610BC5DF805
:1057900014FB0000A360000802480068C0F3022068
:1057A000704700000CED00E010B5002804DB0A078C
:1057B000130E054A135406E00A07140E034A00F0BC
:1057C0000F031B1FD45410BD00E400E018ED00E0EF
:1057D00002E008C8121F08C1002AFAD170477047BA
:1057E000002001E001C1121F002AFBD17047000018
:1057F0002DE9FF5F82B00021DDE90430020DDDF804
:1058000040B0034318D044F61050A2F2FF32424396
:105810001514119801281FD0A5EB0B00401C5FEA5E
:10582000000A4FF000064E4FDFF83891B046504660
:1058300015D5CAF1000413E0119801244AA30128E8
:1058400001D16FEA0B010298119AC0E90031C0E959
:10585000024206B0BDE8F09FCBF10000DFE704464E
:105860000021404A491842EB0450CDE9001012E0F3
:10587000E00707D032463B4640464946FAF765FE08
:105880008046894632463B4610461946FAF75DFE89
:1058900006460F466410002CEAD1DDE90401DDE97B
:1058A0000023BAF1000F06DAFAF74FFE42464B46E4
:1058B000FAF74BFE05E0FAF7BAFE42464B46FAF716
:1058C000B6FE04460E460022284BFBF7A1F803D88B
:1058D0004FF0FF30014607E00022254B20463146BD
:1058E000FAF78CFDFBF77CF8102409E0002C0ADBAA
:1058F0000A220023FAF78EFF039B30321A55641EEA
:1059000050EA0102F2D1641C039AC4F11103144459
:10591000119A012A03D0012208430DD10AE008435D
:1059200004D000204FF0110B119072E7A3EB0B0590
:105930006D1E0DE05B4504DD4FF0000205F1010531
:1059400004E003DA4FF00002A5F10105002AECD0D3
:1059500002981199C0E90231C0E9004579E70000D9
:10596000000014400000F03F300000000000F04351
:105970000000E03F2DE9FF4F95B09B468946064663
:1059800000250FE2252877D100242746F84A012177
:10599000059400E0044316F8013F203B01FA03F0B0
:1059A0001042F7D130782A2811D06FF02F033078C9
:1059B000A0F13002092A16D8059A44F0020402EB3D
:1059C000820203EB42021044761C0590EFE759F87F
:1059D000042B0592002A03DA504244F40054059047
:1059E00044F00204761C30782E2816D116F8010FE8
:1059F00044F004042A280DD06FF02F023078A0F173
:105A00003003092B09D807EB870302EB4303C718C0
:105A1000761CF3E759F8047B761C30786C280FD09D
:105A200006DC4C2817D068280DD06A2814D104E071
:105A3000742810D07A280FD10DE044F400140AE045
:105A400044F4801401E044F440147278824202D19C
:105A500004F58014761C761C307866280BD013DC95
:105A6000582877D009DC002875D04528F6D046287C
:105A7000F4D047281AD19DE118E0632835D0642876
:105A800079D0652812D195E1702873D008DC672899
:105A9000F1D069286FD06E280DD06F2806D1B5E0FF
:105AA00073282CD0752875D0782874D05A46179949
:105AB00090476D1C75E1C4F30250022809D00328F9
:105AC0000DD0D9F8001004280DD00D6009F104099B
:105AD00067E1D9F80010EA17C1E90052F6E7D9F8F2
:105AE00000100D80F2E70D70F0E719F8041B8DF837
:105AF000001000208DF80100EA46012003E059F86B
:105B000004AB4FF0FF3061074FF0000102D40DE00D
:105B100008F101018846B9420FDA8045F8DB1AF82E
:105B200008100029F4D108E008F1010188468142FB
:105B3000FADB1AF808100029F6D105985B46A0EBAD
:105B4000080721463846179A00F094FA284400EBDB
:105B5000080507E04DE029E10DE01AF8010B5A466F
:105B600017999047B8F10108F7D25B4621463846AD
:105B7000179A13E142E00A220092C4F302524FF056
:105B8000000A022A08D059F804CB032A4FEAEC7124
:105B90000AD00DE029E02AE009F1070121F007020F
:105BA000F2E802C1914609E00FFA8CFC4FEAEC7171
:105BB000042A03D14FFA8CFC4FEAEC71002907DA72
:105BC0000A460021DCF1000C61EB02012D2202E00B
:105BD000220504D52B228DF80420012203E0E207E0
:105BE00001D02022F7E7904659E00A2102E0102276
:105BF0000DE010214FF0000A00910BE010224FF051
:105C0000000A44F004040827009203E008224FF041
:105C1000000A0092C4F30252022A05D059F804CBBC
:105C20000021032A08D009E009F1070121F0070249
:105C3000F2E802C1914605E01FFA8CFC042A01D16A
:105C40000CF0FF0C4FF00008220728D5702806D072
:105C5000009B83F0100353EA0A0305D00EE04022B4
:105C60008DF80420012208E05CEA010206D030220F
:105C70008DF804208DF8050002229046009B83F0E9
:105C8000080353EA0A030AD15CEA010201D1620760
:105C900005D530228DF804204FF001087F1E5828CA
:105CA00004D034A003900EA802900DE036A0F9E7CE
:105CB00053466046009AFAF7ADFD84460398825C2D
:105CC0000298401E029002705CEA0100F0D1029836
:105CD00006A9081A00F1200A600702D524F48034CE
:105CE00000E00127574502DDA7EB0A0000E0002095
:105CF00000EB0A01009005984144401A0590E0032A
:105D000006D45B462146179A059800F0B3F905447E
:105D1000002706E001A85A46C05D179990476D1C00
:105D20007F1C4745F6DBE0030CD55B462146179AFE
:105D3000059800F09FF9054404E030205A46179971
:105D400090476D1C0099481E00900029F5DC08E082
:105D5000029802995A460078491C02911799904777
:105D60006D1CBAF10001AAF1010AF1DC65E1000045
:105D70000928010030313233343536373839616221
:105D800063646566000000003031323334353637E5
:105D900038394142434445460000000000F058F9BC
:105DA0000544761C307800287FF4ECAD19B0284605
:105DB000BDE8F08F620700D4062709F1070222F040
:105DC000070CFCE80223E14603F000485FEA080CF8
:105DD00002D00FF2702C0DE05FEA045C02D50FF2E6
:105DE000682C07E05FEAC47C02D00FF2602C01E06F
:105DF000AFF2700C4FF0FF3823F00043CDF850C0E5
:105E000065280CD006DC452809D046281DD0472837
:105E10003DD13DE0662818D067287ED138E00021CA
:105E2000112F01DB112000E0781CCDE9000106A94B
:105E30000EA8FFF7DDFCDDE90F010E9A03910021AA
:105E4000009207F1010A04914DE04FF000400097E5
:105E5000CDE9011006A90EA8FFF7CAFCDDE90F0283
:105E600003920E9B11990022DDF80CA0009304927E
:105E700011B9791C00EB010AB7EB0A0004D4C0F198
:105E8000FF3007F1010A0490AAEB0700019044E0FB
:105E9000012F00DA01270021112F01DD112000E080
:105EA0003846CDE9000106A90EA8FFF7A1FCDDE9FF
:105EB0000F010E9A0391002104910092BA46210726
:105EC0000CD40399514500DA8A46BAF1010F05DD79
:105ED000009AAAF10101515C302908D0B84202DAD7
:105EE00010F1040F06DA0121CDE9011015E0AAF145
:105EF0000101E9E7002805DC049901440491AAEBBB
:105F0000000102E0411C514500DD8A460499401A17
:105F1000401C01904FF000400290200704D40198EB
:105F2000504501DBCDF8048000208DF84F00029829
:105F30000DF14F07B0F1004F25D02B200E900298A5
:105F40004FF0020800280CDA404202902D200E90FB
:105F500007E00A210298FAF747FC3031029007F86F
:105F6000011DB8F10001A8F10108F2DC0298002837
:105F7000EFD1791E0E980870307800F0200040F0C4
:105F8000450007F8020D12A8C01B00F1070814987D
:105F9000007800B1012000EB0A01019801EBE071EB
:105FA00005984144401A401E0590E00306D45B4624
:105FB0002146179A059800F05DF80544149800787A
:105FC00018B15A46179990476D1CE00324D55B46DB
:105FD0002146179A059800F04DF805441CE00498F6
:105FE000002807DBDDE90301884203DD0098405CFF
:105FF000179901E0179930205A469047049805F107
:106000000105401C04900198401E019004D12E20EF
:106010005A46179990476D1CBAF10001AAF1010A7E
:10602000DDDC05E017F8010B5A46179990476D1C07
:10603000B8F10001A8F10108F4DC5B462146179A8B
:106040000598ABE62D0000002B00000020000000AA
:106050002DE9F041044600251E461746880404D465
:1060600005E039462020B0476D1C641EF9D528464E
:10607000BDE8F0812DE9F041044600251E4690461A
:10608000C80301D5302700E02027880404D505E0A7
:1060900041463846B0476D1C641EF9D52846BDE818
:1060A000F0810A68531C0B6010707047042003498C
:1060B000087000200249087070470000500000205E
:1060C0005700002030B503460C461546204600F028
:1060D000C5FC0549086002200449087004480370A3
:1060E0000448057030BD000058000020500000201A
:1060F000560000205700002000B5354800780128E0
:1061000006D0022805D0032813D004285CD146E02D
:106110005BE003202E4908702E4800684088401E2E
:106120002D49088001202D49088000202C49088035
:106130004BE0284800682949098800EB8100408825
:1061400027490988884212DD2548008848B9214935
:106150000968224A128831F822002249097800F0A1
:106160001DFF1F480088401C1D49088016E01B4881
:10617000008819490988884205DA18480088401CB7
:106180001649088007E017480178002000F006FF54
:1061900004200F49087000201149088015E01148BB
:1061A0000178002000F0FAFE00200C4908800A491E
:1061B00008800D48007818B102200549087002E0F7
:1061C00001200349087000E000BF00BF00BD0000CF
:1061D00050000020580000205200002054000020F1
:1061E0005C00002056000020570000203EB5002033
:1061F00000900190029000BF12E0032190FBF1F2A9
:1062000001FB12015DF82110154A52F820201144BB
:10621000032290FBF2F302FB13024DF82210401C04
:10622000B0F5967FE9DB64210098B0FBF1F00D49F1
:10623000088064210198B0FBF1F00B4908806421CB
:106240000298B0FBF1F0094908800846008800F088
:106250002FFC0446204600F0E9FB054908803EBDBE
:106260007010002062000020640000206600002002
:106270006800002030B50546284600F04BFC044677
:10628000002009E0002204EB84110C4B03EBC10158
:10629000C91C0A54411C88B204EB8411074A02EB62
:1062A000C101B1F804128142ECDC002004EB84113E
:1062B00002EBC101A1F8040230BD0000400400203F
:1062C00000BF011EA0F10100FBD1704710B50446CC
:1062D000012220210748FBF7FDFD0748FAF7F2FCF1
:1062E0000A2094FBF0F005490880214604A0FFF73E
:1062F0002FFA10BD000C0140F000002060000020CB
:10630000C9E8D6C3414443B5C4D6DCC6DAD0D4BB51
:10631000E3B1A8CAB1BCE4CEAAA3BA2564206D73C8
:10632000A1A30A0010B50446FAF75AFC0A2094FB10
:10633000F0F003490880214602A0FFF709FA10BDDA
:106340006C000020C9E8D6C3CEC2CAAAB6C8B4AB96
:10635000B8D0C6F7B5C4D6DCC6DAD0D4BBE3B1A892
:10636000CAB1BCE4CEAAA3BA2564206D73A1A30A66
:106370000000000010B50C210348FDF729FB03A025
:10638000FFF7E6F910BD0000B8010020B5F7D3C350
:10639000626565705F706C61795F62676D2829BCAA
:1063A000B4BFC9B2A5B7C5D2F4C0D6A1A30A000034
:1063B00010B500224FF400710C48FBF78BFD4FF431
:1063C0007A70FBF7C1FB012251020848FBF782FDFE
:1063D0004FF47A70FBF7B8FB054800F021F8054848
:1063E00000F01EF800200449087010BD000C0140A8
:1063F00068030020B0030020AA00002010B504218B
:106400000148FDF7E5FA10BD0002002010B5044672
:106410006FF00100216808612046FDF731F810BDDA
:1064200070B50546284600F075FB0446052C01DCD6
:10643000012C04DA214612A0FFF78AF91FE001209F
:1064400004EB8411164A02F8310004EB841102EBCC
:10645000C1014870002004EB841102EBC101A1F8D6
:10646000040204EB841002EBC00000F206210122BA
:106470002846FDF705FF21460AA0FFF769F970BD20
:10648000B4AEBFDAB3F5CABCBBAFD2ECB3A3A3AC16
:10649000B5B1C7B0B4AEBFDABAC53A2564000000E2
:1064A00040040020D2D1BEADBFAAC6F4B4AEBFDA5C
:1064B0002564B5C4BDD3CAD5D6D0B6CF0A00000076
:1064C00008B5254890F81204002844D023A0FFF70F
:1064D0003FF92148B0F814264FF0FF3300F2134182
:1064E0002648FDF725FF2648264B274A27490090D6
:1064F000274800F06BF825480078002824D022486F
:10650000007808B31F480078F0B11D480078D8B172
:106510001B481C4B1C4A1D4900901EA0FFF718F990
:1065200025A000F0AFFD41F28830FBF70DFB2548B8
:10653000FFF7A0FE0021084880F81214002000F0A8
:106540000FFE0320204908701E48FFF793FE00212C
:10655000014880F8121408BD40040020B4D345530C
:106560005038323636CAD5B5BD536F66744150C502
:10657000E4D6C3CAFDBEDDA3BA0000006803002054
:1065800080150020601500204015002020150020F7
:1065900053080020BDE2CEF6CDA8D0C5CFE0B9D8D3
:1065A000CAFDBEDDA3BA2573202C202573202C2024
:1065B0002573202C2025730041542B5253540D0A6F
:1065C00000000000B0030020AA0000202DE9F047E1
:1065D00081460F4615461E46DDF8208025A1484617
:1065E000F9F722FE044640E0052223A12046F9F7F0
:1065F0000BFE40B9611D3846F9F7FDFD394620A074
:10660000FFF7A6F82CE0092221A12046F9F7FCFDAE
:1066100048B904F109012846F9F7EDFD29461FA004
:10662000FFF796F81CE0072221A12046F9F7ECFDC0
:1066300040B9E11D3046F9F7DEFD31461EA0FFF7F7
:1066400087F80DE0052221A12046F9F7DDFD38B9D4
:10665000611D4046F9F7CFFD41461EA0FFF778F8CF
:1066600004A10020F9F7E0FD0446002CBCD1BDE8F0
:10667000F087000023000000737369643A00000093
:10668000BDE2CEF673736964A3BA2573200A0000D5
:1066900070617373776F72643A000000BDE2CEF6EA
:1066A00070617373776F7264A3BA2573200A000058
:1066B0007365727665723A00BDE2CEF673657276E6
:1066C0006572A3BA2573200A00000000706F72740F
:1066D0003A000000BDE2CEF6706F7274A3BA257363
:1066E000200A000013B50C464FF6FF7301226946DD
:1066F0000248FDF71DFE00981CBD00006803002045
:1067000010B504460448008894FBF0F100FB1140EA
:1067100008B901F075F810BD6000002002200149A1
:10672000087070476F00002010B5044607480078D5
:1067300050B10748008894FBF0F100FB114008B904
:10674000FFF7ECFF00F006F810BD00006E0000201F
:106750006C0000202DE9FC4752480078012806D043
:10676000022805D0032814D004287DD137E096E014
:106770004DA0006801904FF6FF70032301AA71211C
:1067800000904A48FBF750FE10B9032045490870B5
:1067900000BF47480078401E454908700846007809
:1067A000E0B90A200723434A712100903F48FBF7D4
:1067B00085FC68B93F48007800F08000012803D0CC
:1067C00004203849087006E002203649087002E0CB
:1067D0000220344908700820354908705FE0002421
:1067E000A1463448407849EA00393248807849EA7D
:1067F00000193048C07849EA10192E48C07800F0D6
:106800000F0044EA00442B48007944EA0024294858
:10681000407904434846F9F779FF8246F9F7B5FF16
:106820000546254A254BF9F702FF0746F9F7C0FF51
:10683000234908602046F9F769FF07464FF0934166
:10684000F9F79EFD06461F49F9F768FD05461E4902
:10685000F9F75EFD1D49086019480068F9F795FFD2
:10686000074600221A4B00E018E0F9F7C7FD05467D
:10687000F9F772FF1749087014480068F9F785FFA7
:1068800005460022124BF9F7B9FD0746F9F764FFF8
:106890001149087001200349087000E000BF00BFE3
:1068A000BDE8FC876F000020AC33000064010020CD
:1068B00082000020700000207B14AE47E17AC440C3
:1068C0007C0000200000484300004842780000207F
:1068D0000000E03F810000208000002010B54E48FD
:1068E0000078012804D002280CD0032828D11DE00C
:1068F0004FF400514948FBF7DBFA10B90220464932
:1069000008701EE04FF400514448FBF7D1FA48B933
:106910000320414908704248007840F00100404996
:10692000087002E001203C4908700AE04FF4005171
:106930003A48FBF7BDFA012801D13749087000E059
:1069400000BF00BF37480078042804D005280CD0C9
:10695000062829D11DE04FF480413048FBF7A8FA02
:1069600010B905202F4908701FE04FF480412B48D3
:10697000FBF79EFA48B906202A4908702848007893
:1069800040F002002649087002E004202549087002
:106990000BE04FF480412148FBF78AFA012802D12D
:1069A00004202049087000E000BF00BF1E480078A6
:1069B000072804D008280CD0092829D11DE04FF45D
:1069C00000411648FBF774FA10B908201649087000
:1069D0001FE04FF400411148FBF76AFA48B909205B
:1069E000114908700E48007840F004000C49087006
:1069F00002E007200C4908700BE04FF40041074803
:106A0000FBF756FA012802D107200749087000E079
:106A100000BF00BF10BD00001500002000100140A5
:106A200010000020160000201700002001464FF43F
:106A30007A7200200AE0084B33F820308B4204DAE7
:106A4000054B03EB80035A8803E0401CB0F58C7FB4
:106A5000F1DD00BF10467047429E0008014608293C
:106A600013D2DFE801F0120406080A0C0E100948E0
:106A70000DE009480BE0094809E0094807E009482A
:106A800005E0094803E0094801E0084800BF00BFED
:106A900070470000A69400084A950008FA9500087F
:106AA0008E960008C2960008FA9C0008EE95000831
:106AB0002DE9F84F82465046F9F72DFE80460D4AE3
:106AC0000D4BF9F742FD064632460B4600200B49B6
:106AD000F9F7ADFD0446F9F76BFE834608495846C1
:106AE000F9F716FC0446F9F723FE80B200900098EF
:106AF000BDE8F88F9A9999999999F13F0088634177
:106B000000401C4502480068806B80B2704700005E
:106B100000020020014600200F4B0A681B689A42C1
:106B200000D101200D4B0A681B689A4200D1022057
:106B30000B4B0A681B689A4200D10320094B0A6874
:106B40001B689A4200D10420074B0A681B689A42CE
:106B500000D105207047000068030020B00300202A
:106B6000F8030020D802002020030020012047E085
:106B700000EB8011244A12F8311001293ED100EBBC
:106B8000801102EBC1014978012906D0022905D004
:106B900003290BD004292FD11FE02EE0032100EBA5
:106BA0008012194B03EBC202517026E000EB8011FA
:106BB000154A02EBC101B1F8041202290CDD0421CF
:106BC00000EB8012104B03EBC2025170012100EB6D
:106BD000801203EBC20291700FE000EB80110A4AB1
:106BE00002EBC101897831B9012100EB8012064B1B
:106BF00003EBC202517000E000BF00BF411CC8B2ED
:106C00000528B5DB704700004004002001490868F2
:106C100070470000E8F7FF1F0C4909880A2291FB22
:106C2000F2F10B4A1180114609880A39014488B2F1
:106C3000064909880A2291FBF2F190FBF1F201FB6F
:106C4000120111B90121034A11707047B4000020EC
:106C5000E4000020B6000020FBF796FDFEF78FF958
:106C6000FDF736FFFDF71AFFFEF716F9FEF77EF87F
:106C7000FEF72AF8FEF7B2F8FEF72AF9FEF7D4F885
:106C8000FEF7EEF8FEF740F9FDF794FFFDF7B0FFD1
:106C9000FDF7BEFE00F0C0FD01E000F0C5FDFCE721
:106CA00001460020302906DB392904DCA1F130023D
:106CB000014B53F822007047B800002070B5002443
:106CC00015E004F1B001C8B200F038F9002000F07E
:106CD00035F9102000F032F9002504E0002000F022
:106CE00045F9681CC5B2802DF8DB601CC4B2082CC5
:106CF000E7DB70BD3EB501201B490870002400BFD2
:106D00001EE04FF480710122184820441346CDE95B
:106D100001210090002278211548FBF73DFC002856
:106D20000CD000201049087012A0FEF711FD1DA024
:106D3000FEF70EFD26A0FEF70BFD3EBD601CC4B2A3
:106D40001B2CDEDB0848007858B12DA0FEF700FDB3
:106D5000FFF7B4FF0020082380220146009000F0D6
:106D60006BF800BFE9E7000031000020320000208E
:106D7000640100200A0A6F6C6564B3F5CABCBBAF3E
:106D8000CAA7B0DCA3ACC7EBBCECB2E94F4C45449E
:106D9000C6C1C4BBCAC7B7F1C1ACBDD32121210A4A
:106DA000000000006F6C6564B3F5CABCBBAFCAA736
:106DB000B0DCA3ACC7EBBCECB2E94F4C4544C6C158
:106DC000C4BBCAC7B7F1C1ACBDD32121210A0000A1
:106DD0006F6C6564B3F5CABCBBAFCAA7B0DCA3AC2B
:106DE000C7EBBCECB2E94F4C4544C6C1C4BBCAC7F3
:106DF000B7F1C1ACBDD32121210A0A0A000000006D
:106E00006F6C6564B3F5CABCBBAFB3C9B9A6A1A327
:106E10000D0A000070B504460D4605F1B001C8B278
:106E200000F08CF8102141EA141000F087F804F00B
:106E30000F0000F083F870BD2DE9F04782460F4641
:106E400015469846DDF8209000265AE039467A1C0F
:106E5000D7B25046FFF7DEFF06FB05F084B24AE0EA
:106E6000B9F10C0F43D2DFE809F0060B10151A1F19
:106E700024292E33383D2549085D00F077F837E0A6
:106E80002349085D00F072F832E02249085D00F005
:106E90006DF82DE02049085D00F068F828E01F49F2
:106EA000085D00F063F823E01D49085D00F05EF81E
:106EB0001EE01C49085D00F059F819E01A49085D08
:106EC00000F054F814E01949085D00F04FF80FE0A5
:106ED0001749085D00F04AF80AE01649085D00F01D
:106EE00045F805E01449085D00F040F800E000BFF7
:106EF00000BF601C84B206FB0550A042B0DC701CD1
:106F000086B24645A2DBBDE8F0870000D6890008BE
:106F1000D68D0008568E0008D68E0008568F0008C1
:106F2000D68F000856900008D690000856910008A9
:106F3000D691000856920008D692000801B584B098
:106F40000848007860B14FF48070012104AA0B4614
:106F5000CDE900210290002278210348FBF71CFBB9
:106F600005B000BD310000206401002001B584B0EF
:106F70000848007860B14FF48070012104AA0B46E4
:106F8000CDE900210290402278210348FBF704FB61
:106F900005B000BD310000206401002010B50A4694
:106FA000B0F5837F03DB44F62063984207DD0023BE
:106FB0000C4C246823640B4C2468636210E00A4B79
:106FC000B3FBF0F35B1E99B200BF064B1B68D9629E
:106FD000044BD96000BF41FA02F3024C24682364D9
:106FE00010BD0000B8010020001BB700F0B5C1B013
:106FF00004460025002626E04FF4807101A8F9F729
:10700000CAF80025204600F03DF82046F9F7ECF8D4
:1070100087B2B81D82B201A841194FF4FA630C4837
:10702000FDF7D0F850B901A90AA0FEF791FB0FA116
:1070300001A8F9F7BBF828B1012606E001A90CA0C8
:10704000FEF786FB00BF002ED6D000BF41B0F0BDDA
:10705000B0030020B4AEBFDA32CAD5B5BDCAFDBE9A
:10706000DDA3BA2573200D0A000000004F4B00007D
:10707000D4DA2573D6D0CEB4D5D2B5BD4F4BA3BA92
:107080000D0A000070B504462046F9F7ADF885B248
:1070900002210848FAF714FF2A46214606A0FEF707
:1070A00057FB4FF47A732A4621460A48FDF740F908
:1070B00070BD0000000C0140B7A2CBCD4154D6B842
:1070C000C1EEA3BA257320A3ACB3A4B6C82025642F
:1070D00020A1A300B003002070B586B0044620466E
:1070E000F9F782F885B22A460FA101A8FEF740FB06
:1070F00001A8F9F779F886B24FF47A73324601A9FC
:107100000D48FDF715F90D48FFF7DAF82A46214634
:107110000BA0FEF71DFB4FF47A732A462146064862
:10712000FDF706F906B070BD41542B434950534555
:107130004E443D25640D0A00B0030020FFFF0F0000
:10714000CFF245535038323636B7A2CBCDCAFDBE4A
:10715000DDA3BA257320B3A4B6C825640A000000D5
:1071600010B5044626A02B4908602BA048602BA030
:1071700088602E48007848B12D48007830B12C4BFB
:107180002A4A2CA13248FEF7F3FA0BE024B931A1C8
:107190002F48FEF7EDFA05E0324B334A25A12C4883
:1071A000FEF7E6FA2A481B49486130A11948816177
:1071B00031A1C1613448007848B13448007830B119
:1071C000324B314A32A13948FEF7D2FA05E0384B4A
:1071D000384A2FA13548FEF7CBFA34480D4988626A
:1071E0000DA10C48C16234A1016303203749087026
:1071F00000203749087001203649087010BD000092
:1072000041542B43574D4F44455F4445463D310D56
:107210000A000000A01500204F4B0000535441C449
:10722000A3CABDC9E8D6C3B4EDCEF3002015002033
:107230004015002041542B43574A41505F44454676
:107240003D222573222C222573220D0A0000000006
:10725000E816002041542B43574A41505F43555292
:107260003F0D0A008800002084000020574946494D
:1072700020474F5420495000BCD3C8EBCDF8C2E79B
:10728000CAB1B4EDCEF300006015002080150020D7
:1072900041542B43495053544152543D225443507E
:1072A000222C222573222C25730D0A00281700207A
:1072B000A200002092000020C1ACBDD3544350B7BF
:1072C000FECEF1C6F7B4EDCEF3000000A900002019
:1072D000A8000020A700002010B55648007818B17B
:1072E0005448007803286FD153480078012806D00D
:1072F000022811D003283DD004280CD17FE04F494B
:10730000097801EB81014E4A52F82100FFF7BAFEDD
:107310000220494908708AE04A4890F81204B0B146
:107320004FF4FA7048490860032043490870474900
:107330004748F8F760FF464946A0FEF709FA4A4871
:10734000FEF798FF00213F4880F8121411E03E48F4
:107350000068401E3C4908600846006848B943A0E0
:10736000FEF7F6F90120344908704FF4FA703649F7
:1073700008605CE03148007800EB8000304901EBA8
:107380008000446821463248F8F710FF30B10420ED
:10739000294908700020384908602FE0022026495A
:1073A000087035480068401C334908600846016889
:1073B00032A0FEF7CDF93048006805281ED92048D4
:1073C000016B2D48026800E032E02FA0FEF7C0F903
:1073D00037A0FFF757FE6FF07E40FEF771FF22489F
:1073E000FEF748FF0021174880F8121401201249C7
:1073F0000870FFF7B5FE00201F49086017E0012064
:107400000D4908700D480078401C0C49087008466A
:1074100000782A490978884208D104200549087073
:1074200027A0FEF795F92BA0FFF756FE00BF00BF7F
:1074300010BD0000AA000020A7000020A800002026
:10744000A015002040040020AC00002053080020BC
:1074500068160020B4AEBFDA32CAD5B5BDCAFDBECB
:10746000DDA3BA2573000000B0030020B5C8B4FD49
:10747000B3ACCAB1A1A30A00B00000206572726F5C
:1074800072A3BA25640A000025732CB4EDCEF3B4C0
:10749000CECAFDB9FDB6E0A3BA2564A3ACD2D1BE75
:1074A000ADD6D8C6F4455350383236360A000000FF
:1074B00041542B5253540D0A00000000A900002033
:1074C00045535038323636C9E8D6C3CDEAB1CFA1DC
:1074D000A30D0A0048656C6C6F202C2074686973DA
:1074E00020697320455350383236360010B50446B3
:1074F000B4F57A7F03DB04A0FEF72AF902E00A481C
:107500000068846310BD000050574DB2CECAFDB470
:10751000EDCEF3A3ACD6BBC4DCD4DA302D39393987
:10752000D6AEBCE4A1A30A000002002010B50A48B0
:1075300090F8220878B1094C214609A0FEF708F915
:10754000204600F0FDF90C48FEF794FE00210248A9
:1075500080F8221800BF10BD40040020630C0020FA
:10756000CAD5B5BDD3EFD2F4BFD8D6C6C3FCC1EEE1
:10757000A3BA257300000000D802002070B586B0C1
:107580005148007801287DD150480068F9F7FDF88E
:1075900005462A460B464EA101A8FEF7E9F801A9C7
:1075A0004DA0FEF7D5F8002009E000EB8001504A1D
:1075B00002EB410100220A604A600A81401C0A284D
:1075C000F3DB00242246641C02EB8201484A02EBF2
:1075D00041000A2247A1F8F7FBFD9DF80400FFF7E0
:1075E0005FFB05462246641C02EB8201404A02EB27
:1075F00041000A222946F8F7EBFD9DF804003028E7
:107600000BD02146621CD4B201EB8101384A02EB57
:1076100041000A2239A1F8F7DBFD9DF8050030286A
:1076200010D09DF80500FFF73BFB05462146621C84
:10763000D4B201EB81012E4A02EB41000A22294615
:10764000F8F7C6FD2146621CD4B201EB8101284A3D
:1076500002EB41000A222AA1F8F7BAFD9DF80700C3
:10766000FFF71EFB05462146621CD4B201EB8101E7
:107670001F4A02EB41000A222946F8F7A9FD2146DC
:10768000621C00E01DE0D4B201EB8101184A02EB5C
:1076900041000A221CA1F8F79BFD002508E005EB3C
:1076A0008500134A02EB40011AA0FEF751F86D1C49
:1076B000A542F4DB18A0FEF74BF80320024908703E
:1076C00000BF06B070BD0000B700002078000020A9
:1076D0002530302E31660000D3EFD2F4D7AABBBBE1
:1076E000CAFDD6B5D4DDB4E62573A1A30A00000017
:1076F0006817002077656E64750000007368690084
:107700006469616E00000000736865736869647580
:1077100000000000257320000AD3EFD2F4B2A5B117
:10772000A8CAFDBEDDB4A6C0EDCDEAB1CFA1A30AC3
:107730002000000010B52B48008841F2707188428B
:1077400003DD01202749088004E026480088401C0A
:107750002449088023480088322190FBF1F201FB84
:10776000120000283DD12048008800EB80001F490E
:1077700011F8100088B31C48008800EB80000A460E
:1077800002EB40011AA0FDF7E3FF1749098801EB5E
:107790008101164A02EB4100F8F726FD84B2124837
:1077A000008800EB8000114A02EB40014FF47A732D
:1077B00022461248FCF7BCFD0B48008800EB800015
:1077C0000A4901EB40000021016041600181064847
:1077D0000088401C0449088003E0FFE700200249BC
:1077E000088010BDE0000020E200002068170020A3
:1077F000B7A2CBCDD3EFD2F425732000D80200205E
:1078000010B54FF4967202490248F9F749FD10BDD0
:1078100070100020F000002010B500F0B3F910BD8A
:1078200010B500F03FFB10BD10B500F0C9FA10BD57
:1078300010B590B02048FCF755F900224FF40071C4
:107840001E48FAF747FB4FF47A70FAF77DF90122E8
:1078500051021A48FAF73EFB40F6B830FAF774F9CD
:1078600017A0FFF7C3FB6420FAF76EF9FFF7CEF914
:107870000446224617A16846FDF77AFF6846FFF7DF
:10788000B5FB6420FAF760F91CA0FFF7AFFB64209A
:10789000FAF75AF91DA0FFF7A9FB6420FAF754F98B
:1078A0000220204908700448FEF7BAFD1EA0FDF72B
:1078B0004FFF10B010BD0000B0030020000C0140CD
:1078C00041542B43574D4F44455F4445463D320D8F
:1078D0000A00000041542B43575341505F44454632
:1078E0003D2225303878222C223132333435363758
:1078F00038222C352C340D0A0000000041542B4353
:1079000049504D55583D310D0A00000041542B435C
:1079100049505345525645523D312C373737370D74
:107920000A000000AA000020B5C8B4FDCDF8C2E7E7
:10793000CDA8D0C5B2CECAFDD6D0A1ADA1AD0A00AA
:107940002DE9F04F87B0824678A15046F8F72EFC1B
:10795000044678A15046F8F729FC054678A1504620
:10796000F8F724FC064679A15046F8F71FFC0746B5
:1079700079A15046F8F71AFC804679A15046F8F7ED
:1079800015FC0690ECB178A12046F8F70FFC0446F0
:107990006078302805D1002210217448FAF79AFA4D
:1079A0000FE06078312805D1012210216F48FAF7E5
:1079B00091FA06E06078322803D110216B48FAF77B
:1079C0007FFAEDB168A12846F8F7F0FB0546687824
:1079D000302805D1012211466448FAF77BFA0FE0FE
:1079E0006878312805D1002201216048FAF772FA3F
:1079F00006E06878322803D101215C48FAF760FA82
:107A0000EEB159A13046F8F7D1FB06467078302820
:107A100005D1002204215548FAF75CFA0FE070788E
:107A2000312805D1012204215048FAF753FA06E023
:107A30007078322803D104214C48FAF741FAEFB1AB
:107A400049A13846F8F7B2FB07467878302805D1C7
:107A5000012202214548FAF73DFA0FE078783128F3
:107A600005D1002202214148FAF734FA06E078787D
:107A7000322803D102213D48FAF722FAB8F1000F6B
:107A800023D039A14046F8F791FB80464046F8F7ED
:107A9000ABFB032819D998F801003038642148431A
:107AA00098F80210303901EB810100EB410198F8A0
:107AB0000300303808441FFA80F949462CA0FDF72E
:107AC00047FE4846FFF712FD00BF069818B1012097
:107AD0002A49087027E0FFF715F80221059023488E
:107AE000FAF7E6F908B9012000E0002081460421F8
:107AF0001E48FAF7DDF9012104901C48FAF7D8F97D
:107B000008B9012000E00020834610211748FAF749
:107B1000CFF903900598CDE900905A461848DDE961
:107B20000313FDF715FE07B0BDE8F08F72656C61B9
:107B3000793A00006C65645F7265643A0000000089
:107B40006C65645F677265656E3A00006C65645FC2
:107B500079656C6C6F773A0070776D3A00000000C1
:107B600073706561636800003A000000000C01401A
:107B700070776D2069732025642E0A00B7000020FD
:107B800010A3000810B540F6B8300F4908800F4820
:107B9000FEF73CFC0EA0FDF7DBFDFEF72FFCFEF729
:107BA000E9FBFFF7A7F808480088FEF78FFB0648B7
:107BB0000088FEF7B7FBFEF7FBFB0020FFF7D0FACB
:107BC0000A48FEF72DFC10BDB400002090020020F2
:107BD000D2D1BEADBFAAC6F4D7B4CCACBBFAB6A85E
:107BE000CAB1C6F7D6D0B6CFA1A30A00D8020020EA
:107BF0002DE9FC4146480078002877D04FF4004139
:107C00004448FAF755F908B9012000E0002004467D
:107C10004FF480413F48FAF74BF908B9012000E0E2
:107C2000002005464FF400513A48FAF741F908B9E7
:107C3000012000E00020064623462A46314636A0B1
:107C4000FDF786FD3248007800F0010078B13AA0D7
:107C5000FDF77EFD01203F49087004213E48FAF7F8
:107C60002FF92B48007880F0010029490870284836
:107C7000007800F0020078B138A0FDF769FD01201E
:107C80003A49087001213448FAF71AF92048007877
:107C900080F002001E4908701D48007800F00400C2
:107CA00060B133A0FDF754FD02212B48FAF708F923
:107CB0001748007880F0040015490870FEF722FF8D
:107CC000044602212448FAF7F3F808B9012000E03D
:107CD0000020064604212048FAF7EAF80746012169
:107CE0001D48FAF7E5F810B9012001E00EE0002088
:107CF000054610211848FAF7DBF880463B462A462D
:107D000041461FA0CDE90064FDF722FDBDE8FC81DE
:107D100010000020001001406B6579313A25642085
:107D20002C206B6579323A2564202C206B657933E1
:107D30003A2564202E200A00B0B4CFC2C1CBB0B423
:107D4000BCFC31A1A3C5E4D6C3736F667441500A6D
:107D500000000000AA000020000C0140B0B4CFC217
:107D6000C1CBB0B4BCFC32A1A30A0000B700002014
:107D7000B0B4CFC2C1CBB0B4BCFC33A1A30A0000E5
:107D800072656C61793A2564202C206C65645F72A1
:107D900065643A2564202C206C65645F67726565B4
:107DA0006E3A2564202C206C65645F79656C6C6F7D
:107DB000773A2564202C2070776D3A2564200A00DC
:107DC0002DE9F043C9B0FFF713FFFFF7AFFBFFF753
:107DD000D5FB2B480078012802D1FFF729FD4BE0A5
:107DE00027480078022802D1FEF76AFB44E02448C5
:107DF0000078042840D100F07FF822480078A0B332
:107E0000FEF704FF814680211F48FAF751F8044627
:107E10001E480068F8F7B9FC05460E461C48006885
:107E2000F8F7B3FC074688461A4800881A490988BB
:107E30001A4A1288CDE90078CDE90256CDE9060448
:107E4000CDE904214A46164909A8FDF791FC09A885
:107E5000FFF742F910480088B0F5FA6F06DD0122FD
:107E600011460820FEF72EF902E005E0FEF71EF9A4
:107E700000200449087000BF49B0BDE8F08300004D
:107E8000AA000020B6000020000801407C0000206D
:107E900078000020640000206200002068000020BC
:107EA000A8A2000810B51348008841F270718842FA
:107EB00003DD01200F49088004E00E480088401CC3
:107EC0000C490880FFF708FA0A480088FEF7A4FE6C
:107ED00008480088FEF714FC06480088FEF724FCDA
:107EE000FEF744FEFEF7FAFCFEF706F9FFF722FC68
:107EF00010BD0000E600002010B5224890F81204E2
:107F000000283DD0204C21A12046F8F74FF918B1A8
:107F10002046FFF715FD2BE01EA12046F8F746F995
:107F200018B11EA0FDF714FC22E020A12046F8F7AE
:107F30003DF9E8B920A12046F8F738F9C0B920A1E9
:107F40002046F8F733F920B91FA12046F8F72EF99B
:107F500028B1FEF72DFA0020FFF702F908E00948E2
:107F6000B0F81406052803DD21461CA0FDF7F0FB40
:107F70001E48FEF77FF90021024880F8121400BF66
:107F800010BD000040040020530800202B4950443D
:107F90000000000053454E44204F4B00CAFDBEDD9B
:107FA000B7A2CBCDB3C9B9A6A1A30A0041542B43B4
:107FB000495053454E44000052656376000000006E
:107FC000434C4F53454400006C696E6B206973202D
:107FD0006E6F742076616C6964000000D2ECB3A30C
:107FE000CAFDBEDDA3BA2025730A0000B00300203D
:107FF00002030405060708090A0B0C0D0E0F1010EA
:10800000010202030405060708090A0B0C0D0E0FF6
:108010001010010200000000000000000102030433
:108020000607080900000000010203040000000028
:10803000000000004C400000000202020000207C12
:1080400028283E20006C4A7424000C523C7C52705C
:10805000304C7A6C50400002000000000000007CB0
:10806000820000423C000000001838101800000098
:108070001018100000C000000000080808080808D8
:10808000004000000000004030080600007C424232
:108090007C000000447C0000006462524C000064DC
:1080A000424A7C000010287C2000006C4C4C700080
:1080B000007C4A4A74000004641C0400007C4A529C
:1080C0007C00005C52523C00000048480000000068
:1080D000C8000000001828244200001818181800D2
:1080E000004224281800000462520C0018647A56DA
:1080F0006C1840301C1C7000007C54545C201864C8
:1081000042424224007C44442418007C54544400DD
:10811000007C14141C04384442426400007C10109B
:108120007C0000007C440000808080FC0400007C17
:1081300008344000007C40404000704C70107C00CF
:10814000007C08103C00186442424438007C14143F
:108150000C0438446242C438007C14146C00004C97
:108160004A52740004047C040404007C40407C00F7
:10817000000C30300C00003C143C1C040044283837
:1081800044000004780804000064544C44000000DB
:10819000FE828000000608304000008082FE000061
:1081A00000010101010080808080808000010100C9
:1081B0000000006058587040007E48487000007011
:1081C00048484000007048487E4000706868500091
:1081D00000087C0C0C0000F0E8E8D808007E0808D5
:1081E0007000000878400000008080887A00007EDF
:1081F0001038480000007E40000078484870487001
:1082000008780808700000704848700008F848486E
:10821000700000704848F0000848700808000050DE
:108220005868680000087C4848000878404078405A
:10823000081820201800083828383808004838382E
:1082400048000098A06018080048685848000000DE
:10825000007E8000000000FF000000807E00000023
:108260000001010202000000000000000000000008
:10827000000000000000000000F800000000000006
:1082800000330000000000100C02100C020000007F
:108290000000000000000040C07840C078000004EA
:1082A0003F04043F040000708888FC083000001878
:1082B0002020FF211E00F008F0806018000000312F
:1082C0000C031E211E0000F00888700000001E2113
:1082D000232C1927211000120E00000000000000BE
:1082E000000000000000000000E018040200000090
:1082F00000071820400000020418E00000000040C1
:10830000201807000000404080F08040400002023A
:10831000010F0102020000000000E0000000000167
:1083200001010F01010100000000000000000090A9
:1083300070000000000000000000000000000001CC
:1083400001010101010000000000000000000030F8
:1083500030000000000000000000C0380400006091
:1083600018070000000000E010080810E000000FEF
:10837000102020100F0000001010F8000000000076
:1083800020203F202000007008080808F00000307E
:1083900028242221300000300808088870000018C6
:1083A000202121221C000000804030F8000000063F
:1083B0000524243F242400F8888888080800001930
:1083C000202020110E0000E0108888900000000F8F
:1083D000112020201F0000180808886818000000DD
:1083E000003E010000000070880808887000001C32
:1083F000222121221C0000F008080810E0000001E2
:10840000122222110F00000000C0C0000000000076
:10841000003030000000000000800000000000007C
:1084200000E0000000000000804020100800000173
:10843000020408102000004040404040400000027C
:10844000020202020200000810204080000000200A
:10845000100804020100007048080888700000003D
:10846000003037000000C030C828E810E0000718CE
:1084700027282F2817000000C038E0000000203C0B
:1084800023020227382008F8888888700000203FDF
:10849000202020110E00C0300808080838000718F6
:1084A00020202010080008F808080810E000203FED
:1084B000202020100F0008F88888E8081000203FCE
:1084C00020202320180008F88888E8081000203FA2
:1084D000200003000000C03008080838000007181A
:1084E0002020221E020008F808000008F808203F9B
:1084F000210101213F20000808F8080800000020A1
:10850000203F2020000000000808F8080800C08074
:1085100080807F00000008F888C028180800203FED
:1085200020012638200008F8080000000000203F45
:1085300020202020300008F8F800F8F80800203F3C
:10854000013E013F200008F830C00008F808203F35
:10855000200007183F00E01008080810E0000F1086
:10856000202020100F0008F808080808F000203F1D
:10857000210101010000E01008080810E0000F10C0
:10858000282830504F0008F8888888887000203FDD
:108590002000030C302000708808080838000038DC
:1085A000202121221C00180808F8080818000000E3
:1085B000203F2000000008F808000008F808001F0D
:1085C000202020201F000878880000C838080000FC
:1085D00007380E01000008F800F800F80800000352
:1085E0003E013E03000008186880806818082030AB
:1085F0002C03032C30200838C800C83808000000BD
:10860000203F2000000010080808C8380800203863
:10861000262120201800000000FE020202000000B7
:10862000007F40404000000438C00000000000000F
:1086300000010638C00000020202FE0000000040F7
:1086400040407F000000000004020204000000001F
:10865000000000000000000000000000000080801A
:108660008080808080800002020400000000000002
:108670000000000000000000808080000000001961
:108680002424123F200010F0008080000000003FF2
:10869000112020110E000000008080800000000EDC
:1086A000112020201100000080808090F000001F29
:1086B000202020103F200000808080800000001FCC
:1086C000242424241700008080E0909020000020C3
:1086D000203F202000000000808080808000006B10
:1086E00094949493600010F0008080800000203FFC
:1086F000210000203F20008098980000000000200A
:10870000203F20200000000000809898000000C05A
:108710008080807F000010F0000080808000203F7B
:10872000240629302000001010F80000000000206E
:10873000203F202000008080808080808000203FBB
:1087400020003F20003F8080008080800000203F8C
:10875000210000203F200000808080800000001F5A
:10876000202020201F00808000808000000080FFEB
:10877000912020110E000000008080008000000E7B
:1087800011202091FF808080800080808000202048
:108790003F212000010000008080808080000033A5
:1087A000242424241900008080E080800000000040
:1087B000001F202010008080000000808000001F2B
:1087C000202020103F2080808000808080000003D7
:1087D0000C300C0300008080008080008080010E3F
:1087E000300C073806010080808000808000002067
:1087F000310E2E312000808080000080808000813A
:10880000867818060100008080808080800000212A
:10881000302C222130000000000000FC0202000089
:108820000000013E404000000000FF00000000008A
:108830000000FF0000000202FC00000000004040B9
:108840003E010000000000020102020402000000DC
:1088500000000000000000FCFC246484E43444C4F4
:1088600084F414FCFC0000FFFF100C070F14180E1A
:10887000030E487F7F000000007E56D6565656569F
:1088800056567E0000000000165249492733190D44
:108890004341713F00000000080888E8784E4848CE
:1088A0004848C8C8080000060201007F0A0A0A0AF0
:1088B0000A4A7F3F000000809C880008E86E6C78C0
:1088C000786E6AE808000040203F20405F5555550B
:1088D0005555555F400000F03820FE2020701CDE0A
:1088E0003818F818F80000040406FF020244673143
:1088F000184741703F000004FC2424FC0410161C9F
:10890000F0181E10100000101F1109FF08416139F6
:108910000F0D3161C10000FCFC246484E43444C4C4
:1089200084F414FCFC0000FFFF100C070F14180E59
:10893000030E487F7F00006078CC602038384848BC
:108940004E4848483800004C66252424423212C262
:108950007E020232620000808040A0B098868C982F
:10896000B0E040C08000000000FE26262626262615
:10897000267E7E0000000080848484FCFC84848445
:10898000FC848484800000414161311F03010101A6
:108990007F01010101000000203C2420E03E202056
:1089A000243C2820200000101048C643472D3931B0
:1089B000294743404000002020FE202000FC24E402
:1089C000242424E40400000C03FF0143729FC063CD
:1089D0003E18276140000000000000000000000079
:1089E0000000000000000000000080C0F0FCFEFE5F
:1089F000FEFCFCF878100000000000000000000001
:108A00000000000000000000000000000000000066
:108A10000000000000000000000000000000000056
:108A2000000000000000000000000000000000182E
:108A3000F8F8F8FCFCFCFEFEF8800000000080E086
:108A4000F8FEFEFCFCFCFCF87818000000000000BA
:108A50000000000000000000000000007C7F7F7F1D
:108A60007F7F7F7F7FFFFFFFFFFFFFFFFFFFFFFF96
:108A70007F7F7F7F7F7F7F7F7F7F7F7F7F7F7F7F06
:108A80007F7F7F7F7F7F7F7F7F7F7F7F7F7F7F7FF6
:108A90007F7F7F7F7F7F0F000080E0E0E0C08080ED
:108AA000800000000000607F7F7F7F7F7F7F7F7F6F
:108AB0007F7F7F7F7F7F7F7F7F7FFFFFFFFFFFFFC6
:108AC000FFFFFFFF7F7F7F7F7F7F7F7F7F7F7F7FB6
:108AD0007F7F7F1F000000000000000000000000FA
:108AE00080E0F0FCFEFFFFFFFFFFFFFFFFFFFDFC4C
:108AF000FCFCFCFCFCFCFCFCFCFCFCFCFCFCFCFCB6
:108B0000FCFCFCFCFCFCFCFCFCFCF8F8F8F0F0F0D5
:108B1000E06000000000001C1F3F3F7FFFFFFFFFE1
:108B2000FFFFFEFEFCFC783000F0F0F0F8F8F8F8FB
:108B3000FCFCFCFCFCFCFCFCFCFCFFFFFFFFFFFF63
:108B4000FFFFFFFCFCFCFCFCF8F8F8F8F0F0F0008C
:108B5000000000000000000000000080E0F8FCFEC3
:108B6000FFFFFFFFFFFFFFFFFFFFFFFFFF07030305
:108B70000381818181C1C1C1C1C1C1C1E1E1E1E123
:108B8000E1E1E1E1E1E3E3E3FFFFFFFFFFFFFFFFDF
:108B9000FF0000000000C0F8FCFCFCF8F8F0F1E178
:108BA000C387070703010000E0FFFFFFFFFFFFFF90
:108BB000FFF7F3F3F1F1F1F1F1F1F1F1F1F1F1F18D
:108BC000F1F1F1F3F3FFFFFFFFFFFFFFFFFF0000F5
:108BD000000000000000007078FEFFFFFFFFFF7F35
:108BE0003F1F07FFFFFFFFFFFFFFFFFFFFFEFFFF2E
:108BF000FF7F7F7F3F3F3F3F3F3F1F1F1F1F1F1FC5
:108C00001F1F1F1F1F1F9FFFFFFFFFFFFFFFFFFF14
:108C100000000000000303070F1F3FFFFFFFFFFFDF
:108C2000FFFFFEF8000000C0FFFFFFFFFFFFFFFF98
:108C3000EFE3E3E3E3E3E3E3E3E3E3E3E3E3E3E3F8
:108C4000E3E3E3E3FBFFFFFFFFFFFFFFFF010000A4
:108C50000000000000000000000001030303010009
:108C60000000F8FFFFFFFFFFFFFFFF1F01010000F3
:108C70000000C0F0F8F8FCFCFEFEFEFEFEFEFEFE6C
:108C8000FEFEFEFEFEFEFFFFFFFFFFFFFFFFFFF108
:108C9000F0E0E0E0C0C0C0808080E0FFFFFFFFFFA9
:108CA000FFFFFF7F000080FFFFFFFFFFFFFFFFFFD1
:108CB000E7E7E7E7E7E7C7C7C7C7C7C7C7E7E7E724
:108CC000E7E7E7FFFFFFFFFFFFFFFFFF03000000F5
:108CD0000000000000000000000000000000000094
:108CE00000F0FFFFFFFFFFFFFFFF7F00000000001D
:108CF000000F7FFFFFFFFFFFFFFFF9F0F0E0E0C094
:108D0000C0C0C18181FFFFFFFFFFFFFFFF3F0F1FBB
:108D10001F1F3F3F7F7FFFFFFFFFFFFFFFFFFFFFA3
:108D2000FFFFF9F0F0F0E3E3E3C7C7C7C78F8F8F0A
:108D30008F8F8F9F9F9F9F9F9F9F9F9F9F9F8F8F93
:108D40008F8F8F8F8787C7C7C7C3E3E3E0F0F0F04B
:108D50008000000000000000000000000000000093
:108D6000607F7F7F7F7F7F7F7F7F0000000000002C
:108D700000000000010307070F0F0F1F1F1F3F3FD9
:108D80003F3F3F7F7F7F7F7F7F7FFFFF7F00000030
:108D900000000000000000000001010303030707BA
:108DA000070F0F0F1F1F1F1F3F3F3F3F7F7F7F7F1B
:108DB0007F7F7F7F7FFFFFFFFFFFFFFFFFFFFF7FC3
:108DC0007F7F7F7F7F7F3F3F3F3F3F1F1F1F0F0FF3
:108DD0000F0600000000000000000000000080C03E
:108DE000E0F0F8FCFCFCFCFCFCF8F0E0C0800000CB
:108DF00000000000000000000000F8FCFEFFFF7F04
:108E00003F1F0FFFFFFFFFFF070F1F3F7FFFFFFE0B
:108E1000FCF800000000000000000000000000005E
:108E2000000000FFFFFFFFFF000000000000000047
:108E30000000000000000000000000000000000032
:108E40000000003F3F3F3F3F0000000000000000E7
:108E50000000000000000000000000000000000012
:108E600000000000FCFCFCFCFC0000000000000016
:108E700000000000000000000000000000000000F2
:108E800000000000FFFFFFFFFF00000000000000E7
:108E9000000000000000000000001F3F7FFFFFFEF9
:108EA000FCF8F0E0FFFFFFFFFFF0F8FCFEFFFF7FA4
:108EB0003F1F000000000000000000000000010350
:108EC000070F1F3F3F3F3F3F3F1F0F0703010000BA
:108ED000000000000000000000000000000080C052
:108EE000E0F0F0F0F0F000000000000000000000F2
:108EF0000000000000000000E0F0F8FCFEFFFFFFB3
:108F0000FFDFCFC7C3C1C0C0C0C0C0C0C0C0C0C0E9
:108F1000C0C0C0C000000000070F1F3F7FFFFFFF61
:108F2000FFFFF7E7C78707070707070707070707D1
:108F30000707070700000000000000000000010311
:108F4000070F0F0F0F0F00000000000000000000CF
:108F50000000000000000000000000000000000011
:108F6000000000000000F0F0F0F0F0E0C080000031
:108F70000000000000000000E0E0E0E0E0E0E0E0F1
:108F8000E0E0E0E0E0E0E1E3E7EFFFFFFFFFFFFE0E
:108F9000FCF8F0E0000000000303030303030303F5
:108FA00003030303030383C3E3F3FBFFFFFFFF7F1D
:108FB0003F1F0F070000000000000000000000003D
:108FC0000000000000000F0F0F0F0F07030100004B
:108FD0000000000000000000000080C0E0F0F8F891
:108FE0007C7C3C3C3C3C3C3C3C3C7C7CF8F8F0E0F1
:108FF000C080000000000000FCFFFFFF0F03010025
:109000000080F0FEFE3F7FFEFEE000000001030F47
:10901000FFFFFFFC000000003FFFFFFFF0C08000EB
:10902000787F7F3F0707070F7F7F7E700080C0F04B
:10903000FFFFFF3F0000000000000103070F1F1F9C
:109040003E3E3C3C3C3C3C3C3C3C3E3E1F1F0F07F4
:109050000301000000000000000080C0E0F0F8F80C
:109060007C7C3C3C3C3C3C3C3C3C7C7CF8F8F0E070
:10907000C080000000000000FCFFFFFF0F030100A4
:1090800000FEFEFFCFCFCEFEFEFE7C000001030FF0
:10909000FFFFFFFC000000003FFFFFFFF0C080006B
:1090A000007F7F7F7171717B7F3F1F000080C0F068
:1090B000FFFFFF3F0000000000000103070F1F1F1C
:1090C0003E3E3C3C3C3C3C3C3C3C3E3E1F1F0F0774
:1090D0000301000000000000000080C0E0F0F8F88C
:1090E0007C7C3C3C3C3C3C3C3C3C7C7CF8F8F0E0F0
:1090F000C080000000000000FCFFFFFF0F03010024
:1091000000E0FCFEFE1E0F0F0E0E0E000001030F0E
:10911000FFFFFFFC000000003FFFFFFFF0C08000EA
:1091200000071F3F7F787070707838000080C0F0B3
:10913000FFFFFF3F0000000000000103070F1F1F9B
:109140003E3E3C3C3C3C3C3C3C3C3E3E1F1F0F07F3
:109150000301000000000000000080C0E0F0F8F80B
:109160007C7C3C3C3C3C3C3C3C3C7C7CF8F8F0E06F
:10917000C080000000000000FCFFFFFF0F030100A3
:1091800000FEFEFF0F0F0F1EFEFCF8000001030F94
:10919000FFFFFFFC000000003FFFFFFFF0C080006A
:1091A000007F7F7F7070787C3F3F1F000080C0F0A1
:1091B000FFFFFF3F0000000000000103070F1F1F1B
:1091C0003E3E3C3C3C3C3C3C3C3C3E3E1F1F0F0773
:1091D0000301000000000000000080C0E0F0F8F88B
:1091E000FCFCFCFCFCFCFCFCFCFCFCFCF8F8F0E0EF
:1091F000C080000000000000FCFFFFFFFFFFFFFF3A
:10920000FFFFFFFFFFFFFFFFFFFFFFFFFFFFFFFF6E
:10921000FFFFFFFC000000003FFFFFFFFFFFFFFF1D
:10922000FFFFFFFFFFFFFFFFFFFFFFFFFFFFFFFF4E
:10923000FFFFFF3F0000000000000103070F1F1F9A
:109240003F3F3F3F3F3F3F3F3F3F3F3F1F1F0F07D6
:109250000301000000000000000080C0E0F0F8F80A
:10926000FCFCFCFCFCFCFCFCFCFCFCFCF8F8F0E06E
:10927000C080000000000000FCFFFFFFFFFF0F07A1
:10928000030100000000000000000103070FFFFFC2
:10929000FFFFFFFC000000003FFFFFFFFFFFF0E0CB
:1092A000C080000000000000000080C0E0F0FFFF70
:1092B000FFFFFF3F0000000000000103070F1F1F1A
:1092C0003F3F3F3F3F3F3F3F3F3F3F3F1F1F0F0756
:1092D000030100000000000000000000000000008A
:1092E00000000000000000000000F0F87838383876
:1092F000383838383838383838F8F8F00000000096
:10930000000000000000000000000000000000005D
:10931000000000000000000000000000000000004D
:1093200000000080878FCFCECEEEF0E0C0FEFEFEC4
:10933000CECECE8F8F07000000000080C0E0F0E0AE
:10934000C0800000000000000000000000000000DD
:1093500000000080C0E070783C1E9ECFC7E7F3732A
:109360007139313939391101010171717103C3E763
:10937000C70E1E1E3D7BF7F3F0BD7B7F7F3E1C00BA
:10938000000000000000000080E0F0FE3F0FC7E199
:10939000F07C1F0F07030100000000000000000028
:1093A000000000000080C0E0F0F97D3E1F0F66E085
:1093B0007021070F7FFEF0C00000000000000000D9
:1093C0000000FFFFFF0100FEFFFF010000000000A2
:1093D000000000000000F0F8FCBC1CBCFCFEFF0F0D
:1093E00007030100000000000000068EC7C600034E
:1093F000FFFFFF0000000000000000001F7FFFF0E3
:1094000000077FFFF0C00000000000000000000027
:109410000103070707070703010000000000000021
:10942000000000E0F0FF5F03C0F8FF7F1F000000B6
:109430000000000000000000010F1F3E7CF0E3C7A9
:109440008F1E3C7870E0E0E0C0C0C08080808080EB
:109450008080C0C0C0E0E0F070783C1E8FC7E1F0B3
:109460007C3E1F070100000000000000000000001B
:1094700000000000000000000103070F0F1E1C3C4D
:109480003D397171717373737373737371337139A0
:109490003D3C1C0E0F070703010000000000000008
:1094A0000000000000000000280020031900E8036D
:1094B000190020031900E803190020031900E8032C
:1094C000190020031900E803190020031900E8031C
:1094D000190020031900E803190020031900E8030C
:1094E000190020031900E803190020031900E803FC
:1094F000190020031900E803190020031900E803EC
:10950000190020031900E803190020031900E803DB
:10951000190020031900E803190020031900E803CB
:10952000190020031900E803190020031900E803BB
:10953000190020031900E803190020031900E803AB
:10954000190020031900E803190000002800E803AF
:10955000640020036400E803640020036400E8035F
:10956000640020036400E803640020036400E8034F
:10957000640020036400E803640020036400E8033F
:10958000640020036400E803640020036400E8032F
:10959000640020036400E803640020036400E8031F
:1095A000640020036400E803640020036400E8030F
:1095B000640020036400E803640020036400E803FF
:1095C000640020036400E803640020036400E803EF
:1095D000640020036400E803640020036400E803DF
:1095E000640020036400E8036400200364000000BA
:1095F00003001704140010031400000025000B02E0
:1096000028004B022800930228000B0228000B02BE
:1096100028004B022800930228000B022800930226
:109620002800BA0228001003280000002800930236
:109630002800BA02280010032800000028001003A8
:1096400014007003140010031400BA0214009302F3
:1096500028000B02280010031400700314001003EC
:109660001400BA021400930228000B0228000B0217
:109670002800880128000B022800000028000B02A7
:109680002800880128000B022800000028000000A4
:109690000D002006190027050D0017040D00970482
:1096A00019001003190010030D00DC030D009704CE
:1096B0000D0075050D00270519001704190000009D
:1096C000190000008C0127050F0027051E00270543
:1096D0000F0000000F0017040F0027051E002006D2
:1096E0001E0000001E0010031E0000001E001704D4
:1096F0001E0000000F0010030F0000001E00930268
:109700001E0000000F0070031E00DC030F000000AD
:109710000F00C1030F0070031E0010031E00270579
:109720001E0020061E00E0061E0075050F00200624
:109730000F0000000F0027051E0017040F009704FC
:109740000F00DC031E0000000F0017041E000000C5
:109750000F0010030F0000001E0093021E00000007
:109760000F0070031E00DC030F0000000F00C10398
:109770000F0070031E0010031E0027051E002006A8
:109780001E00E0061E0075050F0020060F000000F9
:109790000F0027051E0017040F0097040F00DC03BD
:1097A0001E0000000F0000001E0020060F00CA056A
:1097B0000F0075050F00E4041E0027050F000000D0
:1097C0000F0040030F0070030F0017040F0000008C
:1097D0000F0070030F0017040F0097040F00000024
:1097E0001E0020060F00CA050F0075050F00E404D7
:1097F0001E0027050F0000000F002C081E002C087B
:109800000F002C081E0000001E0000001E00200695
:109810000F00CA050F0075050F00E4041E002705A0
:109820000F0000000F0040030F0070030F0017042B
:109830000F0000000F0070030F0017040F009704C3
:109840000F0000001E0020061E0000000F0075051E
:109850001E0000000F0027051E0000001E00000073
:109860003C0000001E0020060F00CA050F00750511
:109870000F00E4041E0027050F0000000F00400346
:109880000F0070030F0017040F0000000F0070039B
:109890000F0017040F0097040F0000001E002006A1
:1098A0000F00CA050F0075050F00E4041E00270510
:1098B0000F0000000F002C081E002C080F002C08C1
:1098C0001E0000001E0000001E0020060F00CA053A
:1098D0000F0075050F00E4041E0027050F000000AF
:1098E0000F0040030F0070030F0017040F0000006B
:1098F0000F0070030F0017040F0097040F00000003
:109900001E0020061E0000000F0075051E0000004E
:109910000F0027051E0000001E0000003C00170479
:109920000F0017041E0017040F0000000F0017049B
:109930000F0097041E0027050F0017041E00700378
:109940000F0010031E0000001E0017040F00170474
:109950001E0017040F0000000F0017040F009704EB
:109960000F0027050F000000780017040F001704F0
:109970001E0017040F0000000F0017040F009704CB
:109980001E0027050F0017041E0070030F001003B0
:109990001E0000001E0027050F0027051E002705DA
:1099A0000F0000000F0017040F0027051E002006FF
:1099B0001E0000001E0010031E0000001E00170401
:1099C0001E0000000F0010030F0000001E00930295
:1099D0001E0000000F0070031E00DC030F000000DB
:1099E0000F00C1030F0070031E0010031E002705A7
:1099F0001E0020061E00E0061E0075050F00200652
:109A00000F0000000F0027051E0017040F00970429
:109A10000F00DC031E0000000F0017041E000000F2
:109A20000F0010030F0000001E0093021E00000034
:109A30000F0070031E00DC030F0000000F00C103C5
:109A40000F0070031E0010031E0027051E002006D5
:109A50001E00E0061E0075050F0020060F00000026
:109A60000F0027051E0017040F0097040F00DC03EA
:109A70001E0000000F0027050F0017041E00100332
:109A80000F0000001E0040031E0070030F0075054C
:109A90001E0075050F0070031E0000001E00DC0391
:109AA0001E00E0061E00E0061E00E0061E00200666
:109AB0001E0075051E0027050F0017041E00700309
:109AC0000F0010031E0000001E0027050F001704E2
:109AD0001E0010030F0000001E0040031E00700354
:109AE0000F0075051E0075050F0070031E000000B5
:109AF0001E00DC030F0075051E0075050F007505BF
:109B00001E0027051E0097041E0017041E000000FB
:109B10001E0000003C0027050F0017041E00100364
:109B20000F0000001E0040031E0070030F007505AB
:109B30001E0075050F0070031E0000001E00DC03F0
:109B40001E00E0061E00E0061E00E0061E002006C5
:109B50001E0075051E0027050F0017041E00700368
:109B60000F0010031E0000001E0027050F00170441
:109B70001E0010030F0000001E0040031E007003B3
:109B80000F0075051E0075050F0070031E00000014
:109B90001E00DC030F0075051E0075050F0075051E
:109BA0001E0027051E0097041E0017041E0000005B
:109BB0001E0000003C0017040F0017041E001704CD
:109BC0000F0000000F0017040F0097041E00270568
:109BD0000F0017041E0070030F0010031E0000008A
:109BE0001E0017040F0017041E0017040F000000CA
:109BF0000F0017040F0097040F0027050F00000047
:109C0000780017040F0017041E0017040F0000004F
:109C10000F0017040F0097041E0027050F001704FC
:109C20001E0070030F0010031E0000001E00270519
:109C30000F0027051E0027050F0000000F00170466
:109C40000F0027051E0020061E0000001E00100346
:109C50001E0000001E0027050F0017041E00100341
:109C60000F0000001E0040031E0070030F0075056A
:109C70001E0075050F0070031E0000001E00DC03AF
:109C80001E00E0061E00E0061E00E0061E00200684
:109C90001E0075051E0027050F0017041E00700327
:109CA0000F0010031E0000001E0027050F00170400
:109CB0001E0010030F0000001E0040031E00700372
:109CC0000F0075051E0075050F0070031E000000D3
:109CD0001E00DC030F0075051E0075050F007505DD
:109CE0001E0027051E0097041E0017041E0000001A
:109CF0001E0000003C0000001E0000005200930205
:109D00003C0093021E004B021E000B023C000B02A3
:109D10001E00B8011E004B021E0093021E004B02E3
:109D20001E0093021E0088013C0088013C00B8011F
:109D30003C00B8011E0088011E00B8013C000B0267
:109D40003C0010031E0070031E0093021E0010034F
:109D50001E004B023C004B023C0093023C0093026D
:109D60001E004B021E0093023C0010033C007003D7
:109D70001E0070031E0070031E0017041E007003F7
:109D80003C0010031E0093021E004B023C004B02DD
:109D90001E0093021E0010033C0088013C004B0291
:109DA0001E0093021E004B021E0093021E000B02B7
:109DB0003C000B023C0093023C0093021E004B024D
:109DC0001E0093023C0010033C0070031E001704A9
:109DD0001E0070031E0010031E0070033C001003E1
:109DE0001E0093021E004B023C004B021E00930219
:109DF0001E0010033C0088013C004B021E00930231
:109E00001E004B021E0093021E000B023C000B02C0
:109E10003C004B021E004B021E004B021E00930230
:109E20001E0010033C0010031E0070031E001704E8
:109E30003C0070033C0017043C0017043C00000089
:109E40003C00409C0100EE660200A0500300D0439D
:109E50000400423B05001635060066300700A62CBC
:109E600008009A29090006270A00E0240B00F622C0
:109E70000C0052210D00E01F0E00961E0F006A1DFF
:109E800010005C1C1100621B1200861A1300B4192A
:109E90001400F618150042181600A21717000C1728
:109EA000180076161900F4151A0072151B00FA1422
:109EB0001C008C141D0028141E00BA131F00601310
:109EC000200006132100AC1222005C1223000C12A9
:109ED0002400BC1125007611260030112700EA105D
:109EE0002800AE10290072102A0036102B00FA0F3D
:109EF0002C00C80F2D008C0F2E005A0F2F00280F9A
:109F00003000000F3100CE0E32009C0E3300740E74
:109F100034004C0E3500240E3600FC0D3700D40DF5
:109F20003800AC0D3900840D3A00660D3B003E0D43
:109F30003C00200D3D00020D3E00E40C3F00C60C2D
:109F400040009E0C41008A0C42006C0C43004E0CF9
:109F50004400300C4500120C4600FE0B4700E00B9D
:109F60004800CC0B4900AE0B4A009A0B4B007C0B0F
:109F70004C00680B4D00540B4E00400B4F00220B61
:109F800050000E0B5100FA0A5200E60A5300D20AA2
:109F90005400BE0A5500AA0A5600960A5700820AC3
:109FA0005800780A5900640A5A00500A5B003C0ABB
:109FB0005C00320A5D001E0A5E000A0A5F00000AA9
:109FC0006000EC096100E2096200CE096300BA0991
:109FD0006400B00965009C09660092096700880961
:109FE0006800740969006A096A0056096B004C0927
:109FF0006C0042096D0038096E0024096F001A09CF
:10A00000700010097100FC087200F2087300E80883
:10A010007400DE087500D4087600CA087700B60818
:10A020007800AC087900A2087A0098087B008E08B6
:10A030007C0084087D007A087E0070087F00660836
:10A0400080005C08810052088200480883003E08B6
:10A050008400340885002A08860020088700160836
:10A0600088000C08890002088A00F8078B00EE07B8
:10A070008D00E4078E00DA078F00D0079000C60736
:10A080009100BC079300B2079400A80795009E07B3
:10A090009600940798008A07990080079A0076072F
:10A0A0009B006C079D0062079E005807A0004E07AA
:10A0B000A1004407A2003A07A4003007A500260724
:10A0C000A7001C07A8001207AA000807AB00FE069D
:10A0D000AD00F406AF00EA06B000E006B200D60616
:10A0E000B400CC06B500C206B700B806B900AE068B
:10A0F000BB00A406BC009A06BE009006C0008606FF
:10A10000C2007C06C4007206C6006806C8005E066F
:10A11000CA005406CC004A06CE004006D0003606DF
:10A12000D2002C06D4002206D7001806D9000E064D
:10A13000DB000406DE00FA05E000F005E200E605BB
:10A14000E500DC05E700D205EA00C805ED00BE0524
:10A15000EF00B405F200AA05F500A005F800960589
:10A16000FA008C05FD0082050001780503016E05EB
:10A17000060164050A015A050D0150051001460546
:10A1800013013C05170132051A0128051E011E05A1
:10A190002101140525010A05290100052C01F604F9
:10A1A0003001EC043401E2043801D8043D01CE044E
:10A1B0004101C4044501BA044A01B0044E01A60499
:10A1C00053019C04580192045C01880461017E04DF
:10A1D000660174046C016A0471016004760156041E
:10A1E0007C014C0482014204870138048D012E0455
:10A1F000930124049A011A04A0011004A701060483
:10A20000AE01FC03B401F203BC01E803C301DE03A9
:10A21000CA01D403D201CA03DA01C003E201B603C2
:10A22000EB01AC03F301A203FC01980305028E03CA
:10A230000E02840318027A03220270032C026603C2
:10A2400037025C03420252034D02480358023E03A8
:10A250006402340371022A037D0220038A0216037A
:10A2600098020C03A6020203B402F802C302EE0233
:10A27000D302E402E302DA02F402D0020503C602CA
:10A280001703BC022903B2023D03A80251039E0238
:10A29000650394027B038A0292038002A90376027B
:10A2A000C1036C02DB030000207B224944223A22D6
:10A2B0003078257822202C202274656D70657261BB
:10A2C00074757265223A252E3366202C202268751B
:10A2D0006D6964697479223A252E3366202C202218
:10A2E0006C7578223A2564202C20226D7132223A36
:10A2F0002564202C202261646A726573223A2564E9
:10A30000202C22706972223A2564207D0A00000008
:10A310007B2072656C61793A2564202C206C656421
:10A320005F7265643A2564202C206C65645F6772F7
:10A3300065656E3A2564202C206C65645F79656CD8
:10A340006C6F773A2564202C2070776D3A25642055
:10A350007D0A0000626100006C696E670000000009
:10A3600071690000736900007969000073616E0013
:10A37000657200006A6975006C6975007775000088
:10A38000A0A3000800000020F0000000D057000843
:10A3900090A40008F0000020E01A0000E057000838
:10A3A0000000000010000000010000000024F40084
:10A3B0000000FFFF01010407CDF8D2D7D3D0B5C00C
:10A3C000CEEFC1AACDF8D7DBBACFBFAAB7A2B0E50E
:10A3D0000000AE001040B081FFA1A6A83FC8D30086
:10A3E000D580D805D9F1DA12D8308D14AF0000002D
:10A3F000000000000000000000000000000000005D
:10A40000FFFF00000000000000000000FFFF000050
:10A41000000000000000000000000000000000003C
:10A4200000000800503630003132333435363738CA
:10A4300039003139322E3134342E3230312E313030
:10A44000340037373737000000000000F401000007
:10A4500000000000FFFF000058A3000868A30008E8
:10A4600070A300086CA3000864A300087CA3000884
:10A4700078A3000860A3000854A3000874A3000890
:10A4800001000000000001000000000000000000CA
:0400000508000131BD
:00000001FF
