:020000040800F2
:10000000C0180020450100081D4D0008C14100082E
:10001000194D0008F10B0008095500080000000008
:100020000000000000000000000000004D4D00082E
:10003000310C000800000000214D00084F4D000861
:100040005F0100085F0100085F0100085F01000810
:100050005F0100085F0100085F0100085F01000800
:100060005F0100085F0100085F010008F50B000850
:100070005F0100085F0100085F0100085F010008E0
:100080005F0100085F010008D90900085F0100084E
:100090005F0100085F0100085F0100085F010008C0
:1000A0005F0100085F0100085F0100085F010008B0
:1000B0005F010008DD4D00085F0100085F010008D6
:1000C0005F0100085F0100085F0100085F01000890
:1000D0005F010008D9540008E9540008F9540008E9
:1000E0005F0100085F0100085F0100085F01000870
:1000F0005F0100085F0100085F0100085F01000860
:100100005F0100085F0100085F0100085F0100084F
:10011000ED500008FD5000085F010008ED4D00089B
:100120005F0100085F0100085F0100085F0100082F
:10013000DFF80CD000F03EFC004800475D67000887
:10014000C01800200648804706480047FEE7FEE743
:10015000FEE7FEE7FEE7FEE7FEE7FEE7FEE7FEE777
:10016000D94D000831010008202A04DB203A21FA89
:1001700002F00021704721FA02F3D040C2F12002C0
:100180009140084319467047D2B201E000F8012BB4
:10019000491EFBD270470022F6E710B513460A4607
:1001A00004461946FFF7F0FF204610BD30B505465E
:1001B0002A460B4612F8010B13F8014B08B1A04276
:1001C000F8D01CB1002802D06D1CF1E7284630BDE4
:1001D000421C10F8011B0029FBD1801A7047F0B4B3
:1001E00080EA0102D40F4200B2EB410F02D2024674
:1001F000084611464A0042D0C30DDDB2C1F3C752D2
:10020000AD1A202D35DAC1F3160141F4000204B114
:100210005242C5F1200602FA06F12A411044B3EB1E
:10022000D05F23D0C4B1012DA0EBC35009DCF0BCDA
:100230004FF0004202EAC352DBB200F5000000F0CA
:10024000FDBA400000F1807000EBC350A0F1807057
:1002500040EAD170490009E0490841EAC071A0EBC9
:10026000C35000F50000400800EBC350F0BC00F0A4
:10027000DCBA6142012202EB4101001BF6E7F0BC4F
:10028000704781F00041AAE780F00040A7E780EACC
:10029000010210B502F00043400022D04A001FD0F6
:1002A000010E01EB1261C0F35600C2F3560240F496
:1002B000000042F40002A0FB022000047F39140475
:1002C00000D0401C50EA124001D44000491EC2B286
:1002D0000C0604EBD010401C4008802A02D003E03A
:1002E000002010BD20F00100002900DA0020184392
:1002F00010BD30B480EA010202F0004530F0004247
:1003000021F0004013D090B1C30DD40DC2F31601FB
:10031000C0F31600E41A41F4000140F400027D34F9
:10032000914201D3641C00E04900002C02DA30BC89
:10033000002070474FF400000023914201D3891A36
:10034000034340084FEA4101F7D151B1914202D134
:100350004FF0004105E002D24FF0010101E06FF0E3
:10036000010103EBC450284430BC00F05EBA2DE913
:10037000FE4F804681EA0300C00F0C46009021F03A
:10038000004123F00045B8EB0200A94105D24046E8
:10039000214690461C460B46024623F0004010437F
:1003A00047D0270DC7F30A00C3F30A510290401A41
:1003B000019040286BDAC3F3130040F4801B0098CF
:1003C000924620B10023D2EB030A63EB0B0B01989A
:1003D0005946C0F14002504600F006FA06460D4666
:1003E00050465946019A00F00EFA10EB08006141A0
:1003F000002487EA115284EAE7731A4340D0009A36
:1004000062B3019A012A4FEA075215DC001B61EB27
:1004100002014FF0004202EA0752CDE90042001CFF
:1004200041F5801132462B4600F045FA03B0BDE895
:10043000F08F40462146F9E7001B61EB0201001CEA
:1004400041F5801300185B412018A2F5001747EB17
:10045000030140EAD570B6196D4111E06D084FEA0D
:10046000360645EAC0754FEA0752001B61EB0201F0
:10047000001C41F5801149084FEA30000019514134
:1004800032462B4603B0BDE8F04F00F005BA0098A5
:10049000012240000023D0EB020263EBE0730098DE
:1004A00021464FEAE074B8EB000061EB0401E9E794
:1004B00083F000435BE781F0004158E72DE9FE4FF0
:1004C00081EA030404F0004421F0004100944FF05D
:1004D000000B23F0004350EA01045ED052EA03040B
:1004E0005BD0C3F30A54C1F30A552C44A4F2F3348D
:1004F0000194A0FB0254C1F3130141F48011C3F332
:10050000130343F4801301FB024400FB034E840AEF
:10051000970A44EA815447EA8357A4FB0768029587
:100520008D0A05FB07854FEA932C04FB0C54270525
:10053000029D4FEA065847EA1637B5EB08056EEB01
:10054000070C870E920E47EA811742EA8312A7FB37
:100550000201B6EB0B0164EB00042B0D43EA0C33F4
:100560005E1844EB1C50DA465146E7FB0201C5F326
:1005700013044FEA0B3343EA14534FEA0432019C4D
:1005800043EA0603A4F10C040294009CCDE900B4F4
:1005900000F091F903B0BDE8F08F00200146F9E7C3
:1005A0002DE9F04D81EA030404F0004B21F00045F1
:1005B00014464FF0000A23F0004150EA050220D013
:1005C00054EA01021DD0C5F30A570246C5F31303CE
:1005D000C1F31300C1F30A5640F4801543F48013AD
:1005E000A7EB0608101BD64608F2FD3873EB050092
:1005F00002D308F1010801E092185B41B8F1000F45
:1006000003DA00200146BDE8F08D00204FF4801190
:10061000064684460EE0171B73EB050705D3121B35
:1006200063EB050306434CEA010C49084FEA30002E
:1006300092185B4150EA0107EDD152EA030012D053
:1006400082EA040083EA0501084305D0101BAB4190
:1006500006D20122002306E000224FF0004302E010
:100660006FF0010253101AEB06004CEB085110EB2F
:100670000A0041EB0B01BDE8F04D00F00DB99623E7
:100680000022114600F0DAB80EB540F23341029173
:100690000021CDE900110A460B4600F00CF903B029
:1006A00000BD20F00040C10DC0F3160040F4000072
:1006B0007F2901DA00207047962903DCC1F19601F9
:1006C000C8407047963988407047C1F30A5210B548
:1006D000C1F3130140F2FF3341F480119A4201DA71
:1006E000002010BD40F233439A42A2F2334203DCB1
:1006F0005242FFF739FD10BD904010BD00F000429E
:1007000030F000400AD0C10D01F56071C0F3160051
:1007100042EA0151C20840071143704700200146D8
:10072000704701F0004330B421F0004150EA01026B
:1007300006D00A0DA2F56072C1F31301002A02DC93
:1007400030BC00207047440F44EAC104C100E018E7
:1007500030BC00EBC25000F068B830B50B46014623
:1007600000202022012409E021FA02F59D4205D350
:1007700003FA02F5491B04FA02F52844151EA2F1FA
:100780000102F1DC30BD2DE9F05F05460020924604
:100790009B4688460646814640241BE02846414643
:1007A00047462246FFF7E0FC53465A46C01A91419D
:1007B00010D311461846224600F016F82D1A67EBA2
:1007C00001084F4622460120002100F00DF817EBEA
:1007D00000094E41201EA4F10104DFDC48463146E9
:1007E0002A464346BDE8F09F202A04DB203A00FA5F
:1007F00002F1002070479140C2F1200320FA03F378
:10080000194390407047202A06DBCB17203A41FA63
:1008100002F043EAE07306E041FA02F3D040C2F18D
:10082000200291400843194670470029A8BF70472D
:10083000401C490008BF20F00100704710B4B0FA16
:1008400080FC00FA0CF050EA010404BF10BC7047B1
:1008500049B1CCF1200421FA04F411FA0CF118BFCB
:10086000012121430843A3EB0C01CB1D4FEA00619A
:100870004FEA102042BF002010BC704700EBC3506D
:1008800010440029A4BF10BC7047401C490008BF99
:1008900020F0010010BC704710B5141E73F1000465
:1008A00008DA401C41F1000192185B411A4301D162
:1008B00020F0010010BD2DE9F04D92469B4611B18C
:1008C000B1FA81F202E0B0FA80F220329046FFF7EE
:1008D0008BFF04460F4640EA0A0041EA0B015346EB
:1008E0005A46084313D0114653EA010019D0C8F103
:1008F00040025046FFF738FC05460E465046594622
:100900004246FFF771FF084305D0012004E020466E
:100910003946BDE8F08D0020054346EAE0762C43D9
:1009200037430A986305E40AA0EB08000022FD0A99
:1009300044EA47540A3002D500200146E9E70105A0
:1009400010196941DDE9084500196941BDE8F04D1C
:10095000A2E7C1F30A52C1F3130140F2FF3341F49D
:1009600080119A4202DA00200146704740F2334378
:100970009A42A2F2334202DC5242FFF7F5BBFFF784
:1009800033BF000030B5041E71F1000404DB4FF0EA
:100990000044404264EB0101141E73F1000405DBC6
:1009A0001C464FF00043524263EB0403994208BFD8
:1009B000904230BD064C074D06E0E06840F0010370
:1009C00094E8070098471034AC42F6D3FFF7B4FB25
:1009D000409400086094000810B5024800F080FAC6
:1009E00010BD00009000002070B50446002520686E
:1009F000806800F0010018B32068806820F00100D2
:100A00002168886001F026FA054613E001F022FA19
:100A1000401B02280ED92068806800F0010048B110
:100A2000A06A40F01000A062E06A40F00100E062BD
:100A3000012070BD2068806800F001000028E5D129
:100A40000020F6E770B505466C6AA06A00F0500019
:100A5000E0B9A06A40F40070A0622068806800F4E9
:100A60006020B0F5602F0DD1207B58B9A06A20F42A
:100A70008070A062A06A00F4805018B9A06A40F0AB
:100A80000100A062204600F017FA03E0206A016B23
:100A90002846884770BD70B505466C6AA06A40F06C
:100AA0004000A062E06A40F00400E062204600F0EE
:100AB00016FA70BD70B50446656A284600F00EFA55
:100AC00070BD000038B50446002500200090206865
:100AD000806800F0010078BB2068806840F0010069
:100AE00021688860194800681949B0FBF1F000904E
:100AF00002E00098401E009000980028F9D101F013
:100B0000A9F9054619E001F0A5F9401B022814D9FE
:100B10002068806800F0010078B9A06A40F01000F9
:100B2000A062E06A40F00100E06200BF002084F8AB
:100B3000240000BF012038BD05E02068806800F077
:100B400001000028DFD00020F5E700000C000020A5
:100B500040420F000EB5012016490870282000F011
:100B6000ADFF15A000680290002001904FF6FF70C5
:100B7000032302AA71210090104801F00FFC4FF4EA
:100B80007A70012301AA712100900C4801F050FAFB
:100B900003280ED09DF8040000F0080018B108A04A
:100BA00004F0B4FC05E000200249087009A004F03C
:100BB000ADFC0EBD6E000020BE0800000401002048
:100BC0004148543231B3F5CABCBBAFB3C9B9A6A1D1
:100BD000A30A00004148543231B3F5CABCBBAFB3DD
:100BE000ACCAB1A3ACC7EBD6D8CAD4A1A30A000043
:100BF00000BFFEE710B5024800F000FD10BD000088
:100C0000C000002030B590F840500124AC40C56BC6
:100C10006C60046863604468102C04D10468A260AE
:100C20000468E16003E00468A1600468E26030BD2C
:100C3000704772B600BFFEE7F8B5044600260020F4
:100C4000009000BF94F82400012801D10220F8BDD3
:100C5000012084F8240000BF2046FFF7C5FE0646A9
:100C60002046FFF72FFF0646002E69D1A06A20F428
:100C7000885040F00200A062022001F005FE3449D5
:100C80000968B1FBF0F04000009002E00098401EBF
:100C9000009000980028F9D12068806840F0080092
:100CA0002168886001F0D6F8054616E001F0D2F818
:100CB000401B0A2811D92068806800F0080060B144
:100CC000A06A20F0020040F01000A06200BF0020E7
:100CD00084F8240000BF0120B9E72068806800F094
:100CE00008000028E2D12068806840F004002168F4
:100CF000886001F0AFF8054616E001F0ABF8401B44
:100D00000A2811D92068806800F0040060B1A06A48
:100D100020F0020040F01000A06200BF002084F824
:100D2000240000BF012092E72068806800F00400E2
:100D30000028E2D1A06A20F0020040F00100A06289
:100D400000BF002084F8240000BF30467FE7000089
:100D50000C0000207047000038B502460023002038
:100D6000009000BF92F82400012801D1022038BD74
:100D7000012082F8240000BF4868072812D21068BA
:100D8000406B0C79641E04EB84051F24AC40A04327
:100D90000D796D1E05EB85050C68AC402043146889
:100DA000606327E048680D2812D21068006B0C7948
:100DB000E41F04EB84051F24AC40A0430D79ED1F14
:100DC00005EB85050C68AC4020431468206311E0F6
:100DD0001068C06A0C790D3C04EB84051F24AC40FC
:100DE000A0430D790D3D05EB85050C68AC40204313
:100DF0001468E06208680A2812D31068C0680C788A
:100E00000A3C04EB44050724AC40A0430D780A3D9E
:100E100005EB45058C68AC4020431468E0600FE0AA
:100E2000106800690C7804EB44050724AC40A0432B
:100E30000D7805EB45058C68AC40204314682061B3
:100E40000868102802D00868112827D1174C1068AC
:100E5000A0421ED11068806800F40000F0B910684C
:100E6000806840F400001468A0600868102815D15C
:100E70000F4800680F4CB0FBF4F000EB800040001E
:100E8000009002E00098401E009000980028F9D1E0
:100E900004E0906A40F020009062012300BF00202F
:100EA00082F8240000BF184661E7000000240140DA
:100EB0000C00002040420F0010B504460548844253
:100EC00007D105F059F8034800F064FA01200249FF
:100ED000087010BD900000205E0000207047704731
:100EE00070B50446206805682068466806F0200052
:100EF00020282DD105F00200022829D1A06A00F097
:100F0000100018B9A06A40F40070A06220688068E0
:100F100000F46020B0F5602F13D1207B88B92068E1
:100F2000406820F0200021684860A06A20F48070AA
:100F3000A062A06A00F4805018B9A06A40F00100D5
:100F4000A0622046FFF7B8FF6FF01200216808602A
:100F500006F08000802839D105F00400042835D13E
:100F6000A06A00F0100018B9A06A40F40050A06216
:100F70002068806800F4E040B0F5E04F0DD02068B4
:100F8000406800F48060D0B92068806800F4602078
:100F9000B0F5602F13D1207B88B92068406820F01D
:100FA000800021684860A06A20F48050A062A06A96
:100FB00000F4807018B9A06A40F00100A0622046D9
:100FC000FFF7C8FE6FF00C002168086006F04000D3
:100FD00040280DD105F0010050B1A06A40F48030E6
:100FE000A062204600F0B6F86FF0010021680860AA
:100FF00070BD00002DE9F0410446002700250026C1
:10100000A84614B90120BDE8F081A06810B1207D88
:1010100000B100BFA06A30B90020E06284F824006B
:10102000204600F099F82046FFF7DEFC0746A06A4C
:1010300000F01000002873D1002F7ED1A06A20F4A8
:10104000885040F00200A0623F4AD4E9000190427B
:1010500008D1E069B0F5402F02D14FF4002002E042
:10106000E06900E0E0690143207B41EA400006437B
:10107000A068B0F5807F02D0A068012802D14FF4AB
:10108000807000E000200543207D012811D1207BE5
:1010900038B9A069401E4FF4006141EA4030054371
:1010A00007E0A06A40F02000A062E06A40F0010082
:1010B000E0622068406820F4694028432168486065
:1010C0002068806821490840304321688860A06812
:1010D000B0F5807F02D0A068012802D14FF4807063
:1010E00000E00020B0F5807F03D1208A401E4FEA47
:1010F00000582068C06A20F4700040EA08002168A7
:10110000C8622068806812490840B04209D10020B6
:10111000E062A06A20F0020040F00100A06211E04D
:101120000BE0A06A20F0020040F01000A062E06A2C
:1011300040F00100E062012704E0A06A40F01000E6
:10114000A062012738465EE7003C0140FDF7E1FF61
:10115000FE0E1FFF7047000010B586B00446002049
:10116000029003900490059025492068884245D15B
:1011700000BF2448806940F4007022498861084615
:10118000806900F40070019000BF00BF00BF0846F6
:10119000806940F0040088610846806900F004001E
:1011A000019000BF00BF702002900320039002A9AD
:1011B000154800F097FC1548154908600020486064
:1011C0000021134881608021C1608900016189008C
:1011D000416100218161C16100F0DCFB08B1FFF7D2
:1011E00028FD00BF0A482062446200BF0022072198
:1011F000122001F0F7FA122001F0E4FA06B010BD57
:101200000024014000100240000801400800024094
:10121000C00000202DE9F04104460D461646002787
:1012200057492068884203D056492068884205D132
:101230005348001D006800F4702000E000200028E2
:101240007ED100BF94F82400012802D10220BDE81D
:10125000F081012084F8240000BF2046FFF732FC13
:101260000746002F6DD1A06A40F60161884340F423
:101270008070A06243492068884209D14048001D1F
:10128000006800F4702008B9012002E0002000E0AE
:10129000012078B1A06A20F48010A0622068406824
:1012A00000F4806000B3A06A20F4005040F4805045
:1012B000A06219E0A06A40F48010A0623049206862
:1012C000884203D02F492068884205D12C48001D50
:1012D000006800F4806000E0002028B1A06A20F4DB
:1012E000005040F48050A062A06A00F4805020B109
:1012F000E06A20F00600E06201E00020E06200BF4A
:10130000002084F8240000BF1F48216A88621F481B
:10131000216AC8621E48216A08636FF002002168D2
:1013200008602068806840F48070216888602268C6
:1013300002F14C0133462A46206A00F071FB01E0BD
:101340001AE014E02068806800F46020B0F5602F97
:1013500006D12068806840F4A000216888600CE015
:101360002068806840F480102168886005E000BF34
:10137000002084F8240000E00127384667E70000D9
:101380000024014000280140450A0008B50A000871
:10139000970A000870B50446002500BF94F82400A1
:1013A000012801D1022070BD012084F8240000BF73
:1013B0002046FFF719FB0546D5B92068806820F460
:1013C000807021688860206A90F8210002280FD17F
:1013D000206A00F014F8054635B9A06A20F4885058
:1013E00040F00100A06203E0A06A40F04000A0626B
:1013F00000BF002084F8240000BF2846D3E7014640
:10140000002291F82100022808D00420886300BF40
:10141000002081F8200000BF0120704708680068A4
:1014200020F00E000B6818600868006820F00100CA
:101430000B68186091F8403001209840CB6B5860E1
:10144000012081F8210000BF002081F8200000BFAA
:101450001046E2E770B50446002594F82100022802
:1014600003D00420A0630125C1E02068006820F0BB
:101470000E00216808602068006820F001002168E3
:1014800008605C492068884252D95A4978392068F6
:10149000884201D1012047E05649643920688842DA
:1014A00001D1102040E0534950392068884201D1D1
:1014B000801539E04F493C392068884201D18014B9
:1014C00032E04C4928392068884202D14FF48030FC
:1014D0002AE0484914392068884202D14FF480102C
:1014E00022E044492068884201D140041CE042497E
:1014F0002068884201D1012016E03F49143120685C
:10150000884201D110200FE03B49283120688842F1
:1015100001D1801508E038493C312068884201D16A
:10152000801401E04FF480303349091F086051E016
:10153000304978392068884201D1012047E02D499F
:1015400064392068884201D1102040E0294950398F
:101550002068884201D1801539E026493C3920684D
:10156000884201D1801432E022492839206888421B
:1015700002D14FF480302AE01E4914392068884295
:1015800002D14FF4801022E01A492068884201D12C
:1015900040041CE018492068884201D1012016E06F
:1015A000154914312068884201D110200FE01249FA
:1015B00028312068884201D1801508E00E493C316D
:1015C0002068884201D1801401E04FF4803009493D
:1015D00080394860012084F8210000BF002084F891
:1015E000200000BF606B10B12046616B8847284621
:1015F00070BD0000800002400804024070B504463F
:10160000E06B05682068066894F840100420884064
:101610002840002875D006F004000028FAD0206881
:10162000006800F0200028B92068006820F004005D
:1016300021680860D5492068884254D9D34978394F
:101640002068884201D1042049E0D04964392068EB
:10165000884201D1402042E0CC495039206888427C
:1016600001D100153BE0C9493C392068884202D1CC
:101670004FF4804033E0C54928392068884202D1C0
:101680004FF480202BE0C14914392068884202D1F0
:101690004FF4800023E0BD492068884201D1C00496
:1016A0001DE0BB492068884201D1042017E0B849F9
:1016B00014312068884201D1402010E0B44928311B
:1016C0002068884201D1001509E0B1493C31206809
:1016D000884202D14FF4804001E04FF48020AC49B1
:1016E000091F086054E0A94978392068884201D16F
:1016F00004204AE0A54964392068884202D140208C
:1017000043E04CE0A14950392068884201D10015DE
:101710003BE09E493C392068884202D14FF480402A
:1017200033E09A4928392068884202D14FF480205A
:101730002BE0964914392068884202D14FF480008A
:1017400023E092492068884201D1C0041DE09049FD
:101750002068884201D1042017E08D4914312068A7
:10176000884201D1402010E0894928312068884210
:1017700001D1001509E086493C312068884202D138
:101780004FF4804001E04FF4802080498039486068
:10179000E06A002802D02046E16A8847F4E094F825
:1017A0004010022088402840002871D006F0020036
:1017B0000028FAD02068006800F0200040B92068B6
:1017C000006820F00A0021680860012084F82100E8
:1017D0006E492068884254D96C497839206888421B
:1017E00001D1022049E0694964392068884201D169
:1017F000202042E0654950392068884201D14015D7
:101800003BE062493C392068884202D14FF40050E5
:1018100033E05E4928392068884202D14FF4003015
:101820002BE05A4914392068884202D14FF4001045
:1018300023E056492068884201D180041DE05449C4
:101840002068884201D1022017E0514914312068F4
:10185000884201D1202010E04D492831206888427B
:1018600001D1401509E04A493C312068884202D143
:101870004FF4005001E04FF400304549091F086063
:1018800054E0424978392068884202D102204AE077
:1018900057E03E4964392068884201D1202042E067
:1018A0003A4950392068884201D140153BE0374918
:1018B0003C392068884202D14FF4005033E033496C
:1018C00028392068884202D14FF400302BE02F499C
:1018D00014392068884202D14FF4001023E02B49CC
:1018E0002068884201D180041DE02949206888428F
:1018F00001D1022017E0264914312068884201D125
:10190000202010E0224928312068884201D140156A
:1019100009E01F493C312068884202D14FF4005051
:1019200001E04FF4003019498039486000BF0020C1
:1019300084F8200000BFA06A30B32046A16A88471F
:1019400022E094F84010082088402840E0B106F0DA
:101950000800C8B12068006820F00E002168086007
:1019600094F8401001208840E16B48600120A0639A
:1019700084F8210000BF002084F8200000BF206B05
:1019800010B12046216B884770BD000080000240E6
:10199000080402400146002209B9012070471E4B8D
:1019A000086898420BD21D4B0868C01A1423B0FB7C
:1019B000F3F08000086419480838C8630AE0164B41
:1019C0000868C01A1423B0FBF3F0800008641248C2
:1019D0000838C863022081F821000868026843F6CD
:1019E000F0708243D1E901031843CB6818430B69B7
:1019F00018434B6918438B691843CB69184302435A
:101A00000868026000208863012081F8210000201E
:101A100081F8200000BFC1E708040240080002402E
:101A20002DE9F04104460D4616461F464FF00008CA
:101A300000BF94F82000012802D10220BDE8F08107
:101A4000012084F8200000BF94F8210001282CD147
:101A5000022084F821000020A0632068006820F0A4
:101A60000100216808603B46324629462046FFF7C0
:101A7000C9F8E06A30B12068006840F00E002168C3
:101A800008600BE02068006820F00400216808600E
:101A90002068006840F00A0021680860206800683B
:101AA00040F001002168086006E000BF002084F8D3
:101AB000200000BF4FF002084046BFE770B5044663
:101AC00000F0C8F906462546681C10B104480078A5
:101AD000054400BF00F0BEF9801BA842FAD370BDD8
:101AE000080000202DE9F847024600239C467BE1D0
:101AF0004FF0010808FA03F4D1F8008008EA040066
:101B0000A0427DD1DFF8F4A2D1F80480A8EB0A0945
:101B1000D0453AD014DCB8F1030F50D009DCB8F14D
:101B2000000F31D0B8F1010F1CD0B8F1020F49D12C
:101B300020E0B8F1110F18D0B8F1120F42D11EE019
:101B4000B9F5881F25D006DCB9F5803F20D0B9F55E
:101B5000801F37D11AE0B9F5001F18D0B9F5041F5E
:101B600030D117E0D1F80CC02DE0D1F80C8008F18D
:101B7000040C28E0D1F80C8008F1080C23E0D1F81F
:101B80000C8008F10C0C1EE000BF00BF00BF00BFBE
:101B900000BF00BFD1F80880B8F1000F02D14FF0AC
:101BA000040C0BE0D1F80880B8F1010F03D14FF01D
:101BB000080C146102E04FF0080C546103E04FF090
:101BC000000C00E000BF00BFFF2801D8904601E0F4
:101BD00002F104084646FF2802D84FEA830803E0D2
:101BE000A3F108084FEA88084746D6F800804FF06E
:101BF0000F0909FA07F928EA09080CFA07F900E0C1
:101C00007AE048EA0908C6F80080D1F8048008F0B4
:101C10008058B8F1805F6FD100BFDFF8E481D8F859
:101C2000188048F00108DFF8D891C9F81880C84634
:101C3000D8F8188008F00108CDF8008000BF00BF78
:101C40004FEAB9384FEA930958F829504FEA837898
:101C50004FEA18794FF00F0808FA09F825EA080545
:101C6000DFF8A081424502D14FF0000824E0DFF800
:101C70009881424502D14FF001081DE0DFF88C81C8
:101C8000424502D14FF0020816E0DFF88481424558
:101C900002D14FF003080FE0DFF87881424502D10E
:101CA0004FF0040808E0DFF87081424502D14FF0A0
:101CB000050801E04FF006084FEA83794FEA1979E9
:101CC00008FA09F848EA0505DFF850814FEA930958
:101CD00048F82950D1F8048008F48018B8F5801F1E
:101CE0000BD1DFF83C81D8F8008048EA0008DFF823
:101CF0003091C9F800800AE075E0DFF82481D8F857
:101D0000008028EA0008DFF81891C9F80080D1F8AF
:101D1000048008F40018B8F5001F0ED1DFF8008128
:101D200008F10408D8F8008048EA0008DFF8F090CD
:101D300009F10409C9F800800DE0DFF8E48008F13A
:101D40000408D8F8008028EA0008DFF8D49009F1E8
:101D50000409C9F80080D1F8048008F40038B8F507
:101D6000003F0ED1DFF8B880A8F10408D8F8008051
:101D700048EA0008DFF8A890A9F10409C9F8008032
:101D80000DE0DFF89C80A8F10408D8F8008028EA6C
:101D90000008DFF88C90A9F10409C9F80080D1F897
:101DA000048008F48038B8F5803F0ED1DFF87080E9
:101DB000A8F10808D8F8008048EA0008DFF8609029
:101DC000A9F10809C9F800800DE0DFF85480A8F1F6
:101DD0000808D8F8008028EA0008DFF84490A9F144
:101DE0000809C9F800805B1CD1F8008028FA03F8C4
:101DF000B8F1000F7FF47CAEBDE8F8870000111049
:101E00000010024000080140000C01400010014099
:101E10000014014000180140001C0140080001406E
:101E200008040140024693680B400BB1012000E01A
:101E30000020704710B5C26821EA020302EA0104DB
:101E400043EA0443036110BD0AB1016101E00B04E0
:101E500003617047014800687047000000000020DF
:101E600070B504460CB9012070BD94F83D0028B946
:101E7000002084F83C00204600F0FAFB242084F87F
:101E80003D002068006820F001002168086020689B
:101E9000006840F40040216808602068006820F471
:101EA00000402168086000F0DFFE05465C4960687C
:101EB000884206D85B48854201D2012007E0002015
:101EC00005E05948854201D2012000E000200128A8
:101ED00000D1C9E75548B5FBF0F62068406820F00E
:101EE0003F003043216848604D496068884201D80E
:101EF000701C07E04FF4967070434FF47A71B0FB9A
:101F0000F1F0401C2168096A21F03F010843216873
:101F1000086243496068884214D8681E61684900B5
:101F2000B0FBF1F0401CC0F30B00042801D20420E8
:101F30003DE0681E61684900B0FBF1F0401CC0F351
:101F40000B0034E0A06838B9681E616801EB4101FC
:101F5000B0FBF1F0401C0AE0681E616801EBC102B1
:101F600002EB0111B0FBF1F0401C40F48040C0F3E3
:101F70000B0008B901201AE0A06848B9681E616822
:101F800001EB4101B0FBF1F0401CC0F30B000CE091
:101F9000681E616801EBC10202EB0111B0FBF1F0B8
:101FA000401CC0F30B0040F4804040F40040216826
:101FB000C9694CF6FF72914308432168C861D4E9AE
:101FC000070108432168096821F0C001084321681E
:101FD0000860D4E9031008432168896848F2FF3299
:101FE0009143084321688860D4E9050108432168CA
:101FF000C96821F0FF0108432168C86020680068B3
:1020000040F001002168086000202064202084F84E
:102010003D000020206384F83E0000BF24E700005C
:10202000A086010080841E0000093D0040420F0090
:102030002DE9FC4704468946174698460A9E00202B
:102040000190FFF707FF054694F83D0020286FD167
:1020500019230122CD492046009502F072FA10B1F1
:102060000220BDE8FC8700BF94F83C00012801D1A4
:102070000220F6E7012084F83C0000BF20680068D9
:1020800000F0010028B92068006840F001002168D4
:1020900008602068006820F4006021680860222041
:1020A00084F83D00102084F83E0000202064676220
:1020B000A4F82A80608D2085B548E0622B46324620
:1020C0004946204602F09EF808B10120C9E7208D5C
:1020D00088B900BF00200090206840690090206807
:1020E0008069009000BF00BF2068006840F4007065
:1020F000216808604BE0208D01281AD12068006813
:1021000020F480602168086072B600BF0020009053
:1021100020684069009020688069009000BF00BF7F
:102120002068006840F400702168086062B62EE004
:1021300029E1208D022819D12068006840F4006050
:102140002168086072B600BF0020009020684069D6
:10215000009020688069009000BF00BF2068006880
:1021600020F480602168086062B610E02068006892
:1021700040F480602168086000BF00200090206863
:102180004069009020688069009000BF00BFEBE0CC
:10219000208D03287ED8208D012815D12A4631466E
:1021A000204602F0AAFA08B101205AE72068006927
:1021B000616A0870606A401C6062208D401E208544
:1021C000608D401E6085CFE0208D02282CD13346E3
:1021D000002270492046009502F0B3F908B10120B1
:1021E0003FE772B62068006840F40070216808601C
:1021F00020680069616A0870606A401C6062208D16
:10220000401E2085608D401E608562B62068006992
:10221000616A0870606A401C6062208D401E2085E3
:10222000608D401E60859FE033460022594920465C
:10223000009502F086F908B1012012E720680068D5
:1022400020F480602168086072B620680069616AC5
:102250000870606A401C6062208D401E2085608D81
:10226000401E60854C4800681921B0FBF1F04FF426
:102270007A71B0FBF1F0C0EBC00000EB8000019080
:1022800000BF0198401E01900198A8B9002020636A
:10229000202000E038E084F83D00002084F83E0073
:1022A000206C40F02000206462B600BF002084F85B
:1022B0003C0000BF0120D4E620684069C0F38000E4
:1022C0000028DED02068006840F4007021680860B3
:1022D00020680069616A0870606A401C6062208D35
:1022E000401E2085608D401E608562B620680069B2
:1022F000616A0870606A401C6062208D401E208503
:10230000608D401E60852FE02A463146204602F04F
:10231000F4F908B10120A4E620680069616A087038
:10232000606A401C6062208D401E2085608D401ECA
:10233000608520684069C0F38000A8B1208D032823
:1023400005D12068006820F480602168086020685A
:102350000069616A0870606A401C6062208D401EDE
:102360002085608D401E6085208D00287FF410AF91
:10237000202084F83D00002084F83E0000BF84F84F
:102380003C0000BF6DE602206BE60000020010007A
:102390000000FFFF040001000C0000202DE9F843BD
:1023A0000446894616461F46DDF82080FFF752FD99
:1023B000054694F83D0020287ED119230122514979
:1023C0002046009502F0BDF810B10220BDE8F88368
:1023D00000BF94F83C00012801D10220F6E701205B
:1023E00084F83C0000BF2068006800F0010028B9B4
:1023F0002068006840F001002168086020680068DB
:1024000020F4006021680860212084F83D0010203D
:1024100084F83E000020206466626785608D208518
:102420003948E0622B4642464946204601F086FF85
:1024300008B10120CAE700BF002000902068406971
:10244000009020688069009000BF00BF44E02A46E9
:102450004146204602F096F950B1206C042805D17F
:102460002068006840F40070216808600120ADE732
:10247000606A007821680861606A401C6062608D53
:10248000401E6085208D401E208520684069C0F375
:10249000800070B1208D60B1606A007821680861A9
:1024A000606A401C6062608D401E6085208D401E09
:1024B00020852A46414600E022E0204602F00EF840
:1024C00050B1206C042805D12068006840F40070E9
:1024D00021680860012079E7208D0028B7D12068A5
:1024E000006840F4007021680860202084F83D00F6
:1024F000002084F83E0000BF84F83C0000BF65E780
:10250000022063E7020010000000FFFF2DE9FC5FDE
:1025100004460F4690469946DDE90CAB0E9EFFF748
:1025200099FC054694F83D0020287DD1192301220D
:102530004D492046009502F004F810B10220BDE894
:10254000FC9F00BF94F83C00012801D10220F6E76F
:10255000012084F83C0000BF2068006800F0010002
:1025600028B92068006840F00100216808602068F0
:10257000006820F4006021680860212084F83D0094
:10258000402084F83E0000202064C4F824A0A4F871
:102590002AB0608D20853548E0624B464246394678
:1025A0002046CDE9006501F029FF08B10120C6E70A
:1025B00031E02A463146204602F0E4F850B1206C62
:1025C000042805D12068006840F400702168086084
:1025D0000120B4E7606A007821680861606A401CE5
:1025E0006062208D401E2085608D401E60852068C1
:1025F0004069C0F3800070B1208D60B1606A0078DE
:1026000021680861606A401C6062208D401E208540
:10261000608D401E6085208D0028CAD12A46314633
:10262000204601F05BFF00E01CE050B1206C042864
:1026300005D12068006840F400702168086001201E
:102640007DE72068006840F4007021680860202061
:1026500084F83D00002084F83E0000BF84F83C0070
:1026600000BF6CE702206AE7020010000000FFFFD5
:1026700010B586B0044600200290039004900590A7
:1026800015492068884225D100BF1448806940F070
:102690000800124988610846806900F0080001902E
:1026A00000BF00BFC02002901220039003200590BD
:1026B00002A90B48FFF716FA00BF0848C06940F4AA
:1026C00000100649C8610846C06900F40010019076
:1026D00000BF00BF06B010BD005400400010024013
:1026E000000C014003480068034909780844014987
:1026F00008607047000000200800002010B508485E
:10270000006840F0100006490860032000F0A8F8B7
:102710000F2000F007F800F02BF8002010BD00009B
:102720000020024070B504460E4800784FF47A71DC
:10273000B1FBF0F00C490968B1FBF0F5284600F058
:102740001DFD08B1012070BD102C07D200222146CA
:10275000501E00F047F80548046001E00120F2E750
:102760000020F0E7080000200C00002004000020FA
:1027700008B500BF1148806940F001000F49886129
:102780000846806900F00100009000BF00BF00BF54
:102790000846C06940F08050C8610846C06900F032
:1027A0008050009000BF00BF00BF0549486820F07E
:1027B000E06040F00070486000BF08BD00100240BB
:1027C0000000014001460846002809DB00F01F0315
:1027D00001229A4043099B0003F1E023C3F8002142
:1027E00000BF70472DE9F05F80460D461646002772
:1027F00002F09CFE074639462A46334601F00700A0
:10280000C0F1070ABAF1040F02D94FF0040A01E03F
:10281000C0F1070AD14600F1040ABAF1070F02D24B
:102820004FF0000A01E0A0F1030AD4464FF0010A7C
:102830000AFA09FAAAF1010A0AEA020A0AFA0CFAE1
:102840004FF0010B0BFA0CFBABF1010B0BEA030B86
:102850004AEA0B042146404602F070FEBDE8F09FB4
:1028600000BF00F00702064B19684FF6FF0319403E
:10287000044B0B4343EA0221014B196000BF704730
:102880000CED00E00000FA052DE9F04706464FF098
:102890000008002500270024A146042E37D004DCC0
:1028A000012E3CD0022E6CD160E0082E33D0102EC9
:1028B00067D136484468006800F0807008B3344837
:1028C000C4F38341475C04F4803078B12F484068FA
:1028D000C0F340402F4911F8008004F4803040B12B
:1028E0002D48B0FBF8F000FB07F502E02B4807FB92
:1028F00000F52648406800F48000B0F5800F01D153
:10290000A94603E068000321B0FBF1F93AE000F0CA
:10291000CBF9814636E000F0C7F9814632E01B482A
:10292000046A04F44070B0F5807F05D104F0020021
:1029300010B14FF4004918E004F44070B0F5007F86
:1029400007D11248406A00F0020010B149F6404930
:102950000BE004F44070B0F5407F06D10B480068EE
:1029600000F4003008B14FF224490BE000F08CF97C
:1029700006494968C1F38131491C4900B0FBF1F9AE
:1029800000E000BF00BF4846BDE8F08700100240ED
:102990009A710008AA71000800127A0000093D002F
:1029A000F8B5044600260025207800F00100002834
:1029B0006BD000274348C06900F0805070B900BF59
:1029C0004048C06940F080503E49C8610846C0692F
:1029D00000F08050009000BF00BF01273A48006817
:1029E00000F48070B0B93848006840F4807036490F
:1029F0000860FFF72FFA064606E0FFF72BFA801B68
:102A0000642801D90320F8BD2F48006800F48070C5
:102A10000028F2D02B48006A00F440752DB3A0883E
:102A200000F44070A84220D02648006A20F4407587
:102A3000012026490860002008602248056205F050
:102A4000010090B1FFF706FA064608E0FFF702FA28
:102A5000801B41F28831884201D90320D3E719480D
:102A6000006A00F002000028F0D01648006A20F446
:102A700040706168084313490862012F04D1084679
:102A8000C06920F08050C86100BF207800F00200CB
:102A9000022807D10B48406820F44040A168084351
:102AA00008494860207800F01000102807D1054838
:102AB000406820F4800061690843024948600020B2
:102AC000A1E70000001002400070004040044242B4
:102AD00070B504460D460CB9012070BD5A48006817
:102AE00000F00700A8420ED25748006820F0070007
:102AF0002843554908600846006800F00700A842CE
:102B000001D00120E9E7207800F0020002281DD161
:102B1000207800F00400042805D14C48406840F4B7
:102B2000E0604A494860207800F00800082805D194
:102B30004648406840F46050444948604348406813
:102B400020F0F000A168084340494860207800F078
:102B5000010078B36068012806D13C48006800F4A1
:102B6000003090B90120B8E76068022806D13748E4
:102B7000006800F0007040B90120AEE733480068FB
:102B800000F0020008B90120A7E73048406820F0B3
:102B90000300616808432D494860FFF75BF906466A
:102BA00009E0FFF757F9801B41F28831884202D9CA
:102BB000032092E707E02548406800F00C006168B8
:102BC000B0EB810FEDD12048006800F00700A8426B
:102BD0000ED91D48006820F0070028431A490860F4
:102BE0000846006800F00700A84201D0012074E701
:102BF000207800F00400042807D11448406820F42D
:102C0000E060E168084311494860207800F008005E
:102C1000082808D10D48406820F46050216940EA36
:102C2000C1000A49486000F03FF808494968C1F30B
:102C30000311074A515CC84006490860064800680D
:102C4000FFF770FD002048E700200240001002401E
:102C5000AC7100080C00002004000020014800684E
:102C6000704700000C00002000B5FFF7F7FF044993
:102C70004968C1F30221034A515CC84000BD00000D
:102C800000100240BC71000800B5FFF7E7FF0449DF
:102C90004968C1F3C221034A515CC84000BD00002D
:102CA00000100240BC71000870B500210022002411
:102CB00000230020134D696801F00C05F5B1042DC7
:102CC00002D0082D19D101E00F4819E00F4DC1F3D2
:102CD0008346AB5D01F4803555B10A4D6D68C5F38F
:102CE00040450B4E725D084D5D43B5FBF2F402E0CA
:102CF000084D03FB05F4204602E000BF024800BF78
:102D000000BF70BD0010024000127A0088710008F8
:102D10009871000800093D00F8B504460CB901207F
:102D2000F8BD207800F00100002878D0F84840680D
:102D300000F00C0004280CD0F548406800F00C00AE
:102D4000082811D1F248406800F48030B0F5803F87
:102D50000AD1EF48006800F4003000285FD06068B6
:102D600000285CD10120DBE700BF6068B0F5803F40
:102D700006D1E748006840F48030E549086028E063
:102D8000606858B9E248006820F48030E049086083
:102D90000846006820F4802008601AE06068B0F5FA
:102DA000A02F0BD1DA48006840F48020D849086091
:102DB0000846006840F4803008600AE0D4480068A3
:102DC00020F48030D24908600846006820F4802052
:102DD000086000BF606888B1FFF73CF8054606E070
:102DE000FFF738F8401B642801D9032098E7C8484A
:102DF000006800F400300028F2D010E0FFF72AF855
:102E0000054606E0FFF726F8401B642801D9032099
:102E100086E7BF48006800F400300028F2D120782F
:102E200000F00200022857D1B948406800F00C00B9
:102E300050B1B748406800F00C00082818D1B448D9
:102E4000406800F4803098B9B148006800F0020092
:102E500020B12069012801D0012061E7AC48006859
:102E600020F0F800616940EAC100A949086033E038
:102E70002069E8B10120A7490860FEF7EBFF05468D
:102E800006E0FEF7E7FF401B022801D9032047E7D1
:102E90009F48006800F002000028F2D09C480068BB
:102EA00020F0F800616940EAC1009949086013E028
:102EB000002098490860FEF7CDFF054606E0FEF7C2
:102EC000C9FF401B022801D9032029E79048006868
:102ED00000F002000028F2D1207800F00800082855
:102EE0002DD1A069B8B101208B490860FEF7B2FF6F
:102EF000054606E0FEF7AEFF401B022801D903207D
:102F00000EE78348406A00F002000028F2D001205A
:102F100001F008FF13E000207F490860FEF79AFFE8
:102F2000054606E0FEF796FF401B022801D9032064
:102F3000F6E67748406A00F002000028F2D12078D7
:102F400000F00400042873D100277148C06900F024
:102F5000805070B900BF6E48C06940F080506C4925
:102F6000C8610846C06900F08050009000BF00BFF3
:102F700001276A48006800F48070B0B967480068AB
:102F800040F4807065490860FEF764FF054606E07E
:102F9000FEF760FF401B642801D90320C0E65F48AC
:102FA000006800F480700028F2D000BFE0680128BB
:102FB00006D15748006A40F001005549086227E0F1
:102FC000E06858B95248006A20F001005049086290
:102FD0000846006A20F00400086219E0E06805284D
:102FE0000BD14B48006A40F004004949086208468A
:102FF000006A40F0010008620AE04548006A20F0DB
:103000000100434908620846006A20F00400086293
:1030100000BFE068A0B1FEF71DFF054609E0FEF71E
:1030200019FF401B41F28831884202D9032077E61C
:1030300022E03748006A00F002000028EFD012E0DA
:10304000FEF708FF054608E0FEF704FF401B41F2CB
:103050008831884201D9032062E62D48006A00F0D9
:1030600002000028F0D1012F05D12948C06920F0C5
:1030700080502749C86100BFE069C8B32448406850
:1030800000F00C00082860D0E069022848D1002038
:1030900020490866FEF7DEFE054606E0FEF7DAFE8A
:1030A000401B022801D903203AE61948006800F0C5
:1030B00000700028F2D1206AB0F5803F07D1144893
:1030C000406820F40030A168084311494860D4E901
:1030D000080108430E49496821F4741108430C495A
:1030E000486001200B490866FEF7B4FE054607E07C
:1030F0003DE0FEF7AFFE401B022801D903200FE69A
:103100000348006800F000700028F2D02FE00000B3
:103110000010024000004242800442420070004021
:10312000002014490866FEF795FE054606E0FEF706
:1031300091FE401B022801D90320F1E50E480068EA
:1031400000F000700028F2D111E0E069012800D100
:10315000E6E50948466806F48031206A814204D1D8
:1031600006F47011606A814201D00120D8E5002088
:10317000D6E50000000042420010024070B504464F
:103180002546681EB0F1807F01D301200FE0681E44
:103190004FF0E02148610F214FF0FF3002F0CEF9EF
:1031A00000204FF0E021886107200861002070BDF9
:1031B0007047704710B50346002200BF93F83C00EB
:1031C000012801D1022010BD012083F83C0000BF7E
:1031D00022F0FF00CC6840EA040222F440708C68C0
:1031E00040EA040222F480604C6840EA040222F4BF
:1031F00000600C6840EA040222F480500C6940EA46
:10320000040222F400504C6940EA040222F4804097
:10321000CC6940EA04021868426400BF002083F8C9
:103220003C0000BF00BFCEE730B502460B4600BFF2
:1032300092F83C00012801D1022030BD012082F823
:103240003C0000BF022082F83D001068446810680E
:10325000816824F070041868044310684460144DB9
:103260001068A84213D0134D1068A8420FD0106800
:10327000B0F1804F0BD0104D1068A84207D00F4D11
:103280001068A84203D00E4D1068A84205D121F065
:1032900080015868014310688160012082F83D0078
:1032A00000BF002082F83C0000BF00BFC5E700005F
:1032B000002C0140003401400004004000080040A0
:1032C000000C004010B504460CB9012010BD94F864
:1032D0003D0028B9002084F83C00204600F026F884
:1032E000022084F83D00211D206801F087FD0120A7
:1032F00084F8460000BF84F83E0001213F200155BC
:10330000402001554120015500BF00BF012084F835
:10331000420043200155442001554520015500BF7E
:10332000012084F83D000020D0E7000038B50446B5
:103330002C49206888420DD100BF2B48806940F499
:103340000060294988610846806900F400600090A7
:1033500000BF46E02068B0F1804F0DD100BF224889
:10336000C06940F001002049C8610846C06900F00A
:103370000100009000BF34E01C492068884216D14B
:1033800000BF1948C06940F002001749C8610846EB
:10339000C06900F00200009000BF00BF00220821B9
:1033A0001D20FFF71FFA1D20FFF70CFA19E0104946
:1033B0002068884215D100BF0B48C06940F020004A
:1033C0000949C8610846C06900F02000009000BFAC
:1033D00000BF00220B213720FFF704FA3720FFF748
:1033E000F1F938BD002C01400010024000040040FB
:1033F00000140040014691F83D00012801D0012051
:103400007047022081F83D000868C06840F0010064
:103410000B68D860164B0868984213D0154B0868A3
:1034200098420FD00868B0F1804F0BD0124B08685B
:10343000984207D0114B0868984203D0104B086897
:1034400098420CD10868806800F00702062A0CD068
:103450000868006840F001000B68186005E0086823
:10346000006840F001000B6818600020C8E7000009
:10347000002C0140003401400004004000080040DE
:10348000000C00402DE9F04104460D46002700BF26
:1034900094F83C00012802D10220BDE8F08101200F
:1034A00084F83C0000BF022084F83D002068866854
:1034B00026F0770626F47F46206886602868502824
:1034C00033D00CDC202850D004DC00284BD010284E
:1034D00051D149E0302849D040284CD139E060280A
:1034E0002DD0702807D0B0F5805F03D0B0F5005F15
:1034F00041D10DE041E0D5E902136A68206801F08E
:10350000DCFC2068866846F077062068866034E038
:10351000D5E902136A68206801F0CFFC2068806852
:1035200040F480402168886027E0EA686968206884
:1035300001F0B4FD5021206801F0CAFC1DE0EA68EA
:103540006968206801F0BDFD6021206801F0C0FCC1
:1035500013E0EA686968206801F0A0FD4021206856
:1035600001F0B6FC09E000BF00BF00BF2968206879
:1035700001F0AEFC01E0012700BF00BF012084F88C
:103580003D0000BF002084F83C0000BF384684E7BF
:10359000704710B5044620680069C0F34000D8B1F8
:1035A0002068C068C0F34000B0B16FF0020021682D
:1035B0000861012020772068806900F0030018B1BD
:1035C0002046FFF7E5FF05E0204600F003F920461E
:1035D00000F0B7F90020207720680069C0F3800070
:1035E000D8B12068C068C0F38000B0B16FF00400AB
:1035F00021680861022020772068806900F440700B
:1036000018B12046FFF7C4FF05E0204600F0E2F8BD
:10361000204600F096F90020207720680069C0F36A
:10362000C000D8B12068C068C0F3C000B0B16FF06E
:10363000080021680861042020772068C06900F034
:10364000030018B12046FFF7A3FF05E0204600F075
:10365000C1F8204600F075F9002020772068006945
:10366000C0F30010D8B12068C068C0F30010B0B13A
:103670006FF0100021680861082020772068C06979
:1036800000F4407018B12046FFF782FF05E02046A5
:1036900000F0A0F8204600F054F9002020772068C0
:1036A000006900F0010058B12068C06800F0010016
:1036B00030B16FF0010021680861204600F0BCF9CC
:1036C00020680069C0F3C01058B12068C068C0F31A
:1036D000C01030B16FF08000216808612046FFF70C
:1036E00067FD20680069C0F3801058B12068C06889
:1036F000C0F3801030B16FF04000216808612046AF
:1037000000F0A6F920680069C0F3401058B12068A5
:10371000C068C0F3401030B16FF02000216808612C
:103720002046FFF746FD10BD10B586B004460020C8
:10373000029003900490059021492068884217D197
:1037400000BF2048806940F004001E498861084697
:10375000806900F00400019000BF00BFC81402900F
:1037600002200390059002A91748FEF7BBF925E057
:103770002068B0F1804F21D100BF1248806940F02D
:103780000800104988610846806900F0080001902F
:1037900000BF00BF0820029002200390059002A9FC
:1037A0000A48FEF79FF900BF0949486820F44070B5
:1037B00040F0E06040F48070486000BF06B010BD8B
:1037C000002C01400010024000080140000C0140A4
:1037D0000000014070472DE9F04104460D461646B1
:1037E000002700BF94F83C00012802D10220BDE868
:1037F000F081012084F83C0000BF36B1042E1BD0BC
:10380000082E31D00C2E5ED145E02946206801F00B
:1038100069FB2068806940F00800216888612068A1
:10382000806920F004002168886120688069296926
:1038300008432168886148E02946206801F08AFB36
:103840002068806940F40060216888612068806990
:1038500020F480602168886120688069296940EAD5
:1038600001202168886130E02946206801F0B0FB22
:103870002068C06940F008002168C8612068C069FC
:1038800020F004002168C8612068C06929690843E4
:103890002168C86119E02946206801F0D5FB20683D
:1038A000C06940F400602168C8612068C06920F4E4
:1038B00080602168C8612068C069296940EA0120E8
:1038C0002168C86101E0012700BF00BF00BF0020E0
:1038D00084F83C0000BF384689E710B504460CB9AF
:1038E000012010BD94F83D0028B9002084F83C0068
:1038F000204600F025F8022084F83D00211D2068B4
:1039000001F07CFA012084F8460000BF84F83E00F4
:1039100001213F200155402001554120015500BFA4
:1039200000BF012084F84200432001554420015586
:103930004520015500BF012084F83D000020D0E75C
:103940007047704770B504460D4615B994F83E00AF
:103950000BE0042D02D13F20005D06E0082D02D1CE
:103960004020005D01E04120005D012801D00120E0
:1039700070BD1DB9022084F83E000EE0042D03D175
:1039800002213F20015508E0082D03D102214020EB
:10399000015502E0022141200155012229462068FB
:1039A00001F07AFA1F492068884203D01E49206836
:1039B000884201D1012000E0002028B12068406C3D
:1039C00040F400402168486416492068884213D0BA
:1039D0001549206888420FD02068B0F1804F0BD085
:1039E00012492068884207D011492068884203D0D4
:1039F0001049206888420CD12068806800F00706D2
:103A0000062E0CD02068006840F001002168086094
:103A100005E02068006840F001002168086000208F
:103A2000A6E70000002C01400034014000040040E3
:103A300000080040000C004010B50446034920680F
:103A40000968884201D103F097FB10BD30020020C5
:103A500070477047704700002DE9F84F0446206812
:103A600005682068C668206847694FF00009CA46A3
:103A700005F00F09B9F1000F0AD105F0200038B1A7
:103A800006F0200020B1204601F090FBBDE8F88F41
:103A9000B9F1000F7BD007F0010018B906F490705F
:103AA000002874D005F0010030B106F4807018B120
:103AB000606C40F00100606405F0040030B107F074
:103AC000010018B1606C40F00200606405F0020073
:103AD00030B107F0010018B1606C40F00400606480
:103AE00005F0080048B106F0200010B907F0010009
:103AF00018B1606C40F008006064606C002845D02C
:103B000005F0200028B106F0200010B1204601F099
:103B10004DFB20684069C0F3801A606C00F008001B
:103B200010B9BAF1000F2CD0204601F0F9FA206844
:103B3000406900F0400000B300BF00BF21681431AD
:103B400051E8001F21F040002168143141E80002D3
:103B5000002AF3D100BFE06B50B17748E16B4863B6
:103B6000E06BFDF777FC88B1E06B416B88470DE0B7
:103B70002046FFF76FFF09E009E02046FFF76AFFE4
:103B800004E02046FFF766FF002060647EE7206BBC
:103B9000012877D105F01000002873D006F010003E
:103BA0000028FAD000BF0020009020680068009034
:103BB00020684068009000BF00BF2068406900F0A6
:103BC000400000285FD0E06B006840681FFA80F872
:103BD000B8F1000F55D0A08D404552DDA4F82E80DD
:103BE000E06B8069202843D000BF00BF21680C3102
:103BF00051E8001F21F4807021680C3141E8000277
:103C0000002AF3D100BF00BF00BF2168143151E882
:103C1000001F21F001002168143141E80002002A50
:103C2000F3D100BF00BF00BF2168143151E8001F6D
:103C300021F040002168143141E80002002AF3D14C
:103C400000BF202084F842000020206300BF00BF96
:103C500021680C3151E8001F21F0100021680C315F
:103C600041E80002002AF3D100BFE06BFDF7C7FB7B
:103C700002206063A08DE28D801A81B22046FFF79A
:103C8000E8FE03E742E0A08DE18D401A1FFA80F8BC
:103C9000E08DD0B3B8F1000F37D000BF00BF21686E
:103CA0000C3151E8001F21F4907021680C3141E87B
:103CB0000002002AF3D100BF00BF00BF2168143109
:103CC00051E8001F21F001002168143141E8000291
:103CD000002AF3D100BF202084F842000020206396
:103CE00000BF00BF21680C3151E8001F21F0100017
:103CF00021680C3141E80002002AF3D100BF022004
:103D0000606341462046FFF7A4FEBFE605F0800051
:103D100030B106F0800018B1204601F063FBB5E633
:103D200005F0400030B106F0400018B1204601F027
:103D30002DFAABE600BFA9E60D51000810B5044608
:103D40000CB9012010BDA06900B100E000BF94F8DB
:103D5000410028B9002084F84000204600F02AF8ED
:103D6000242084F841002068C06820F400502168B5
:103D7000C860204601F098FA2068006920F490405D
:103D8000216808612068406920F02A0021684861A4
:103D90002068C06840F400502168C860002060645A
:103DA000202084F8410084F842000020606300BFB6
:103DB000C8E7000010B586B00446002002900390CA
:103DC000049005909B492068884237D100BF9A48EB
:103DD000C06940F400209849C8610846C06900F4F1
:103DE0000020019000BF00BF00BF0846806940F07E
:103DF000100088610846806900F01000019000BF43
:103E000000BF08150290022003900320059002A92C
:103E10008A48FDF767FE4FF400600290002003908F
:103E2000049002A98548FDF75DFE00220821342098
:103E3000FEF7D8FC3420FEF7C5FCF9E08049206885
:103E4000884243D100BF7C48C06940F480107A4961
:103E5000C8610846C06900F48010019000BF00BF2F
:103E600000BF0846806940F01000886108468069FC
:103E700000F01000019000BF00BF00BF084680693D
:103E800040F0200088610846806900F02000019021
:103E900000BF00BF88140290022003900320059009
:103EA00002A96648FDF71EFE042002900020039040
:103EB000049002A96348FDF715FE00220821352071
:103EC000FEF790FC3520FEF77DFCB1E05E492068EE
:103ED000884237D100BF5848806940F48040564935
:103EE00088610846806900F48040019000BF00BFEF
:103EF00000BF0846806940F0040088610846806978
:103F000000F00400019000BF00BF4815029002209D
:103F100003900320059002A94C48FDF7E3FD4FF400
:103F20008060029000200390049002A94748FDF7AA
:103F3000D9FD002208212520FEF754FC2520FEF79C
:103F400041FC75E042492068884236D100BF3A48BA
:103F5000C06940F400303849C8610846C06900F4BF
:103F60000030019000BF00BF00BF0846806940F0EC
:103F7000040088610846806900F00400019000BFD9
:103F800000BF04200290022003900320059002A9A4
:103F90002E48FDF7A7FD0820029000200390049012
:103FA00002A92A48FDF79EFD002208212620FEF7DF
:103FB00019FC2620FEF706FC3AE0264920688842D4
:103FC00036D100BF1C48C06940F480201A49C8613E
:103FD0000846C06900F48020019000BF00BF00BF08
:103FE0000846806940F0080088610846806900F052
:103FF0000800019000BF00BF081502900220039046
:104000000320059002A91448FDF76CFD4FF40060F1
:10401000029000200390049002A90F48FDF762FD72
:10402000002208212720FEF7DDFB2720FEF7CAFB30
:1040300006B010BD004C00400010024000100140CE
:1040400000500040001401400038014000080140C9
:104050000044004000480040000C014070B5044698
:104060000D46164694F8420020280BD105B10EB932
:10407000012070BD0020206332462946204601F011
:1040800091F9F6E70220F4E770B50546284602F0FC
:10409000E9FA044604EB84101B4911F830000128AA
:1040A00031D104EB841001EBC000B0F8046204EBE2
:1040B000841001EBC00090F8061204EB8410124A41
:1040C00002EBC000C01C815504EB8410114601EBCB
:1040D000C000B0F80402401C04EB841102EBC101E3
:1040E000A1F80402022004EB841102EBC101487024
:1040F00004EB841002EBC00000F2062101222846E6
:10410000FFF7ACFF00BF70BDE00300202DE9F84FC2
:1041100004460E46174699464FF0000A94F84100AF
:1041200020284AD106B117B90120BDE8F88F002038
:104130006064212084F84100FDF78CFE8246A7844C
:10414000E784A068B0F5805F04D1206910B900252C
:10415000B04602E035464FF000081BE0534600220F
:1041600080212046CDF8009001F06CF908B10320C1
:10417000DBE745B9B8F80000C0F3080021684860E3
:1041800008F1020803E02878216848606D1CE08C83
:10419000401EE084E08C0028E0D1534600224021FC
:1041A0002046CDF8009001F04DF908B10320BCE79E
:1041B000202084F841000020B7E70220B5E77047CF
:1041C00000BFFEE7014608684069C0F38020B0B137
:1041D0006FF480600A68506100200863202081F835
:1041E0003D00002081F83E00086C40F004000864A7
:1041F00000BF002081F83C0000BF01207047002074
:10420000FCE700002DE9F84304460D4690461E46A3
:10421000E76A2068006840F4806021680860082F21
:1042200004D0012F02D017F5803F06D12068006826
:1042300040F480702168086008E0206B112805D1E7
:104240002068006840F480702168086043460022BE
:104250004FF001112046009600F073F960B120681C
:10426000006800F48070B0F5807F02D14FF40070D8
:1042700020640320BDE8F8832069B0F5804F05D1A4
:10428000E8B240F001002168086149E005F440709F
:10429000F02141EAE0102168086133464246264990
:1042A000204600F0ADF908B10120E3E7E8B221684B
:1042B0000861334642462049891F204600F0A0F994
:1042C00008B10120D6E700BF0020009020684069B7
:1042D000009020688069009000BF00BF20680068DF
:1042E00040F4807021680860434600224FF00111BD
:1042F0002046009600F025F958B12068006800F4C7
:104300008070B0F5807F02D14FF4007020640320EC
:10431000B0E705F44070F12141EAE010216808613E
:10432000334642460449891F204600F069F908B126
:1043300001209FE700209DE7080001002DE9F843D8
:1043400004460D4617469846E66A082E04D0012E0C
:1043500002D016F5803F06D12068006840F48070D6
:104360002168086008E0206B122805D120680068E9
:1043700040F48070216808603B4600224FF0011134
:104380002046CDF8008000F0DCF860B120680068BD
:1043900000F48070B0F5807F02D14FF4007020648B
:1043A0000320BDE8F8832069B0F5804F04D105F003
:1043B000FE002168086112E005F44070F02141EA36
:1043C000E0102168086143463A460B49204600F058
:1043D00017F908B10120E4E7E8B221680861434613
:1043E0003A460549891F204600F00AF908B1012024
:1043F000D7E70020D5E70000080001002DE9F843C9
:104400000446884615469946DDE908672068006835
:1044100040F4807021680860334600224FF001119B
:104420002046009700F08DF860B12068006800F425
:104430008070B0F5807F02D14FF4007020640320BB
:10444000BDE8F88308F0FE00216808613B4632466B
:104450002149204600F0D4F808B10120F0E700BF60
:1044600000200090206840690090206880690090DA
:1044700000BF00BF3A463146204600F083F950B1F4
:10448000206C042805D12068006840F40070216881
:1044900008600120D4E7B9F1010F03D1E8B2216827
:1044A000086117E0C5F30720216808613A463146E4
:1044B000204600F067F950B1206C042805D120682F
:1044C000006840F40070216808600120B8E7E8B295
:1044D000216808610020B3E70200010070B50446BE
:1044E0000D46164625E02046FFF76CFE08B1012078
:1044F00070BD681CE8B1FDF7ADFC801BA84200D878
:10450000BDB920684069C0F3800090B900202063E5
:10451000202084F83D00002084F83E00206C40F00C
:104520002000206400BF002084F83C0000BF012070
:10453000DEE720684069C0F380000028D3D0002067
:10454000D6E72DE9F04104460D4617461E46DDF834
:10455000188038E0701CA8B3FDF77CFCA0EB0800C5
:10456000B04200D876BBC5F3074001280AD12068C5
:104570004069A9B20840A9B2884201D101200BE0EC
:10458000002009E020688069A9B20840A9B28842E9
:1045900001D1012000E00020B84214D100202063A6
:1045A000202084F83D00002084F83E00206C40F07C
:1045B0002000206400BF002084F83C0000BF0120E0
:1045C000BDE8F081FFE7C5F3074001280AD1206864
:1045D0004069A9B20840A9B2884201D101200BE08C
:1045E000002009E020688069A9B20840A9B2884289
:1045F00001D1012000E00020B842ABD00020DFE76D
:104600002DE9F04104460D4616461F4658E0206845
:104610004069C0F38020E8B12068006840F4007071
:10462000216808606FF48060216848610020206381
:10463000202084F83D00002084F83E00206C40F0EB
:104640000400206400BF002084F83C0000BF01206B
:10465000BDE8F081701C90B3FDF7FCFBC01BB042BD
:1046600000D866BBC5F3074001280AD1206840691D
:10467000A9B20840A9B2884201D101200BE0002074
:1046800009E020688069A9B20840A9B2884201D136
:10469000012000E0002090B900202063202084F851
:1046A0003D00002084F83E00206C40F02000206493
:1046B00000BF002084F83C0000BF0120C8E7FFE7EE
:1046C000C5F3074001280AD120684069A9B2084013
:1046D000A9B2884201D101200BE0002009E0206846
:1046E0008069A9B20840A9B2884201D1012000E046
:1046F000002000288BD00020AAE770B504460D46A4
:10470000164637E020684069C0F30010A0B16FF092
:1047100010002168486100202063202084F83D00BB
:10472000002084F83E00206C206400BF002084F844
:104730003C0000BF012070BDFDF78CFB801BA84230
:1047400000D8BDB920684069C0F3801090B900203E
:104750002063202084F83D00002084F83E00206C77
:1047600040F02000206400BF002084F83C0000BF1F
:104770000120E0E720684069C0F380100028C1D024
:104780000020D8E770B504460D46164625E02046C1
:10479000FFF718FD08B1012070BD681CE8B1FDF7F6
:1047A00059FB801BA84200D8BDB920684069C0F3FE
:1047B000C01090B900202063202084F83D00002024
:1047C00084F83E00206C40F02000206400BF0020F0
:1047D00084F83C0000BF0120DEE720684069C0F398
:1047E000C0100028D3D00020D6E700000EB500206E
:1047F0000090019002901E481E49086081151D48D6
:10480000816001210173002101754FF46021C161B4
:10481000002018494860032116480161FCF7EAFBB3
:1048200008B1FCF706FA0420009001200190052051
:10483000029069460F48FCF78FFA08B1FCF7F9F9C6
:10484000052000900220019069460A48FCF784FA8E
:1048500008B1FCF7EEF906200090032001906946AC
:104860000448FCF779FA08B1FCF7E3F90EBD000043
:10487000002401409000002008B500BF0A484069AC
:1048800040F00100084948610846406900F0010015
:10489000009000BF00BF002211460B20FDF7A2FFD1
:1048A0000B20FDF78FFF08BD0010024000B585B05A
:1048B0000020019002900390049000BF2F4880696F
:1048C00040F010002D4988610846806900F0100012
:1048D000009000BF00BF00BF0846806940F0200084
:1048E00088610846806900F02000009000BF00BF8A
:1048F00000BF0846806940F004008861084680696E
:1049000000F00400009000BF00BF00BF08468069AF
:1049100040F0080088610846806900F008000090B7
:1049200000BF00BF002233211548FDF78DFA012298
:1049300004211348FDF788FA4FF4604001900020ED
:104940000290039001A90F48FDF7CCF88020019058
:1049500000200290039001A90B48FDF7C3F837200F
:10496000019001200290002003900220049001A9F0
:104970000348FDF7B7F805B000BD00000010024085
:10498000000C0140001001400008014010B50B4828
:104990000B4908600B484860002109488160C160EC
:1049A0004FF480410161002141618161C161016277
:1049B000FDF756FA08B1FCF73CF910BD0054004071
:1049C00004010020801A060000B595B00020119067
:1049D0001290139014900F9010901C2108A8FBF7D0
:1049E000DAFB20216846FBF7D6FB2B482B490860F1
:1049F000052048600021294881604FF6FF71C160A1
:104A000000210161416180218161FEF75BFC08B1F9
:104A1000FCF70FF94FF48050119011A91F48FEF7D1
:104A200031FD08B1FCF705F91C48FEF756FF08B147
:104A3000FCF7FFF800200F9010900FA91748FEF721
:104A4000F3FB08B1FCF7F5F860200890002009900E
:104A50000A900C900D900E900C2208A90F48FEF7BA
:104A6000BAFE08B1FCF7E5F8002000900190029032
:104A7000039004904FF40050059000200790694681
:104A80000648FEF797FB08B1FCF7D3F80348FEF79A
:104A90004BFE15B000BD0000002C01405801002065
:104AA00000B58DB0002009900A900B900C900790F3
:104AB00008901C216846FBF76EFB4FF080402049B0
:104AC000086040F2CF20486000211D48816040F21C
:104AD000E731C160002101618161FEF7F3FB08B19C
:104AE000FCF7A7F84FF48050099009A91448FEF785
:104AF000C9FC08B1FCF79DF81148FEF7EEFE08B1BD
:104B0000FCF797F800200790089007A90C48FEF7DB
:104B10008BFB08B1FCF78DF860200090002001901D
:104B200002900490042269460548FEF754FE08B13D
:104B3000FCF77FF80248FEF7F7FD0DB000BD00005E
:104B4000A001002000B587B00020039004900590DC
:104B500006900190029015481549086041F61F40E3
:104B6000486000211248816040F2E731C1600021B5
:104B700001618161FEF7A6FB08B1FCF75AF84FF41A
:104B80008050039003A90A48FEF77CFC08B1FCF7AB
:104B900050F800200190029001A90548FEF744FB5F
:104BA00008B1FCF746F807B000BD00000004004063
:104BB000E80100201CB50020009001900E480F492C
:104BC000086041F61F40486000210C488160632165
:104BD000C16000218161FEF775FB08B1FCF729F87F
:104BE00000200090019069460448FEF71DFB08B1C3
:104BF000FCF71FF81CBD000000140040300200202C
:104C000010B50B480B4908604FF4E13048600021B3
:104C100008488160C16001610C214161002181610E
:104C2000C161FFF78BF808B1FCF703F810BD000075
:104C3000004C00407802002010B50B480B4908607A
:104C40004FF4E1304860002108488160C160016193
:104C50000C21416100218161C161FFF76FF808B14A
:104C6000FBF7E7FF10BD000000500040C00200202D
:104C700010B50B480B4908604FF4E1304860002143
:104C800008488160C16001610C214161002181619E
:104C9000C161FFF753F808B1FBF7CBFF10BD00006F
:104CA000003801400803002010B50B480B4908608C
:104CB0004FF4E1304860002108488160C160016123
:104CC0000C21416100218161C161FFF737F808B112
:104CD000FBF7AFFF10BD0000004400405003002070
:104CE00010B50B480B4908604FF41650486000217E
:104CF00008488160C16001610C214161002181612E
:104D0000C161FFF71BF808B1FBF793FF10BD00006E
:104D1000004800409803002000BFFEE700BFFEE708
:104D20007047000008B508490968C9084FF47A724D
:104D3000B1FBF2F14143009100BF00BF00994A1E50
:104D400000920029F9D108BD0C000020704710B571
:104D5000FDF7C8FC10BD00B595B028210BA8FBF7E6
:104D60001AFA142106A8FBF716FA18216846FBF771
:104D700012FA01200B9000040C9000200D900120ED
:104D80000F9002201290C10313914FF4E01114917F
:104D90000BA8FDF7C1FF08B1FBF74BFF0F200690F2
:104DA00002200790002008904FF4806009900020B6
:104DB0000A90022106A8FDF78BFE08B1FBF739FF28
:104DC00002200090800302906846FDF7E9FD08B1DB
:104DD000FBF72FFF15B000BD7047000010B502486B
:104DE000FEF7D7FB10BD0000E801002010B5024817
:104DF000FEF7CFFB10BD00003002002010B50268A6
:104E0000204B98420ED0204B98420BD0B0F1804FEF
:104E100008D01E4B984205D01D4B984202D01D4B26
:104E2000984203D122F070024B681A43154B984206
:104E30000ED0154B98420BD0B0F1804F08D0134BD9
:104E4000984205D0124B984202D0124B984203D19F
:104E500022F44072CB681A4322F080034C6943EA83
:104E6000040202608B68C3620B688362054B984240
:104E700002D0054B984201D10B69036301234361C2
:104E800010BD0000002C014000340140000400402F
:104E900000080040000C004030B501F01F0501245F
:104EA00004FA05F3046A9C430462046A01F01F05D6
:104EB00002FA05F52C43046230BD30B50C4681681A
:104EC00021F47F4142EA032525432943816030BD17
:104ED0000A46816821F0700142F00703194381609E
:104EE0007047000030B5026A056A25F001050562C9
:104EF0004368846924F0700424F003040D682C4393
:104F000022F002028D682A43104DA84200D103E02E
:104F10000F4DA84206D100BF22F00802CD682A43F7
:104F200022F00402094DA84202D0094DA84207D13F
:104F300023F4807323F400734D692B438D692B4355
:104F4000436084614D684563026230BD002C0140BE
:104F50000034014030B5026A056A25F0100505628B
:104F60004368846924F4E04424F440740D6844EAFE
:104F7000052422F020028D6842EA0512124DA84253
:104F800000D103E0114DA84207D100BF22F08002FA
:104F9000CD6842EA051222F040020B4DA84202D031
:104FA0000A4DA84209D123F4806323F400634D69BC
:104FB00043EA85038D6943EA8503436084614D6854
:104FC0008563026230BD0000002C014000340140C6
:104FD00030B5026A056A25F4807505624368C469C4
:104FE00024F0700424F003040D682C4322F40072B2
:104FF0008D6842EA0522124DA84200D103E0114D0E
:10500000A84207D100BF22F40062CD6842EA05221F
:1050100022F480620A4DA84202D00A4DA84209D16A
:1050200023F4805323F400534D6943EA05138D693B
:1050300043EA05134360C4614D68C563026230BD35
:10504000002C01400034014030B5036A056A25F4A4
:10505000805505624468C26922F4E04222F440723D
:105060000D6842EA052223F400538D6843EA0533B4
:10507000084DA84202D0084DA84204D124F480442F
:105080004D6944EA85144460C2614D680564036259
:1050900030BD0000002C01400034014030B50B460B
:1050A0001446026A056A25F001050562816921F04E
:1050B000F00141EA041122F00A021A4381610262FE
:1050C00030BD30B50B461446026A056A25F010055E
:1050D0000562816921F4704141EA043122F0A002A5
:1050E00042EA03128161026230BD000010B502483D
:1050F000FEF7B2FC10BD00007802002010B5024897
:10510000FEF7AAFC10BD0000C002002070B50546E5
:105110006C6A0020E085E0842046FEF79BFC70BDB1
:1051200000BF00BF02680C3252E8002F22F49071D9
:1051300002680C3242E80013002BF3D100BF00BF1D
:1051400000BF0268143252E8002F22F00101026809
:10515000143242E80013002BF3D100BF016B012988
:105160000ED100BF00BF02680C3252E8002F22F0BF
:10517000100102680C3242E80013002BF3D100BF8B
:10518000202180F8421000210163704710B50446C9
:105190002068C06820F040002168C860202084F8A2
:1051A00041002046FFF70BF8002010BDF8B504467B
:1051B00094F84200222875D1A068B0F5805F0CD128
:1051C000206950B90025A66A20684068C0F308002D
:1051D0003080A06A801CA06215E0A56A0026A06845
:1051E000B0F5805F03D0A06828B9206918B920689D
:1051F0004068287004E02068406800F07F00287054
:10520000A06A401CA062E08D401E80B2E0850028AC
:1052100046D12068C06820F020002168C86020685E
:10522000C06820F480702168C8602068406920F060
:10523000010021684861202084F84200002060635A
:10524000206B012826D10020206300BF00BF216809
:105250000C3151E8001F21F0100021680C3141E8A9
:105260000002002AF3D100BF2068006800F010009F
:1052700010280AD100BF002000902068006800902C
:1052800020684068009000BF00BFA18D2046FEF757
:10529000E0FB02E02046FEF7F7FE0020F8BD01E04B
:1052A0000020FBE70220F9E770B504462168096990
:1052B00021F44051E2681143226811612269A1681A
:1052C0001143626941EA02052168C96841F20C6232
:1052D000914329432268D1602168496921F44071D2
:1052E000A2691143226851612D4A2168914202D17D
:1052F000FDF7CAFC01E0FDF7B7FC00EBC00101EBD4
:10530000001162689200B1FBF2F100EBC00202EB07
:10531000001263689B00B2FBF3F26423B2FBF3F26A
:1053200002EBC20303EB0212A1EB8201322202EB79
:1053300001116422B1FBF2F101F0F00100EBC002B7
:1053400002EB001263689B00B2FBF3F26423B2FB32
:10535000F3F201EB021200EBC00101EB00116368F4
:105360009B00B1FBF3F100EBC00303EB0013666895
:10537000B600B3FBF6F36426B3FBF6F303EBC30608
:1053800006EB0313A1EB8301322303EB011164232A
:10539000B1FBF3F101F00F0111442268916070BD7F
:1053A0000038014010B5034699629A85DA850020DD
:1053B0005864222083F84200186928B11868C06830
:1053C00040F480701C68E0601868406940F001009B
:1053D0001C6860611868C06840F020001C68E060CC
:1053E000002010BD014691F84100212828D188688D
:1053F000B0F5805F0BD1086948B90A6A1088C0F31C
:1054000008000B685860086A801C086205E00B6A97
:10541000581C086218780B685860C88C401E80B20F
:10542000C88458B90868C06820F080000B68D8604C
:105430000868C06840F040000B68D86000207047E2
:105440000220FCE72DE9F04104460D461746984638
:10545000069E34E0701C88B32EB1FCF7FBFCA0EB79
:105460000800B0422BD900BF00BF21680C3151E8C1
:10547000001F21F4D07021680C3141E80002002A9D
:10548000F3D100BF00BF00BF2168143151E8001FF5
:1054900021F001002168143141E80002002AF3D113
:1054A00000BF202084F8410084F8420000BF0020A3
:1054B00084F8400000BF0320BDE8F081FFE72068CA
:1054C00000682840A84201D1012000E00020B84235
:1054D000C0D00020F0E7000010B50248FEF7BCFA8B
:1054E00010BD00000803002010B50248FEF7B4FA12
:1054F00010BD00005003002010B50248FEF7ACFAC2
:1055000010BD00009803002000BFFEE70FB4054B5C
:1055100010B503A9044A029800F0F6F810BC5DF833
:1055200014FB0000F56100088C00002002480068B0
:10553000C0F30220704700000CED00E010B5002819
:1055400004DB0A07130E054A135406E00A07140E7B
:10555000034A00F00F031B1FD45410BD00E400E009
:1055600018ED00E002E008C8121F08C1002AFAD1B5
:1055700070477047002001E001C1121F002AFBD1D3
:10558000704700002DE9FF5F82B00021DDE90430A3
:10559000020DDDF840B0034318D044F61050A2F2DB
:1055A000FF3242431514119801281FD0A5EB0B00C0
:1055B000401C5FEA000A4FF000064E4FDFF83891BA
:1055C000B046504615D5CAF1000413E011980124E5
:1055D0004AA3012801D16FEA0B010298119AC0E990
:1055E0000031C0E9024206B0BDE8F09FCBF10000F7
:1055F000DFE704460021404A491842EB0450CDE958
:10560000001012E0E00707D032463B4640464946CC
:10561000FAF754FF8046894632463B461046194603
:10562000FAF74CFF06460F466410002CEAD1DDE97C
:105630000401DDE90023BAF1000F06DAFAF73EFFB4
:1056400042464B46FAF73AFF05E0FAF7A9FF424611
:105650004B46FAF7A5FF04460E460022284BFBF7FF
:1056600091F903D84FF0FF30014607E00022254BA7
:1056700020463146FAF77BFEFBF76BF9102409E070
:10568000002C0ADB0A220023FBF77DF8039B303253
:105690001A55641E50EA0102F2D1641C039AC4F147
:1056A00011031444119A012A03D0012208430DD199
:1056B0000AE0084304D000204FF0110B119072E76C
:1056C000A3EB0B056D1E0DE05B4504DD4FF0000202
:1056D00005F1010504E003DA4FF00002A5F1010530
:1056E000002AECD002981199C0E90231C0E90045C6
:1056F00079E70000000014400000F03F3000000097
:105700000000F0430000E03F2DE9FF4F95B09B46BD
:105710008946064600250FE2252877D10024274632
:10572000F84A0121059400E0044316F8013F203BAC
:1057300001FA03F01042F7D130782A2811D06FF027
:105740002F033078A0F13002092A16D8059A44F0C8
:10575000020402EB820203EB42021044761C059025
:10576000EFE759F8042B0592002A03DA504244F47B
:105770000054059044F00204761C30782E2816D18F
:1057800016F8010F44F004042A280DD06FF02F0200
:105790003078A0F13003092B09D807EB870302EB1F
:1057A0004303C718761CF3E759F8047B761C30785E
:1057B0006C280FD006DC4C2817D068280DD06A283A
:1057C00014D104E0742810D07A280FD10DE044F4ED
:1057D00000140AE044F4801401E044F440147278A8
:1057E000824202D104F58014761C761C307866283B
:1057F0000BD013DC582877D009DC002875D0452859
:10580000F6D04628F4D047281AD19DE118E0632845
:1058100035D0642879D0652812D195E1702873D0ED
:1058200008DC6728F1D069286FD06E280DD06F286A
:1058300006D1B5E073282CD0752875D0782874D09F
:105840005A46179990476D1C75E1C4F3025002281F
:1058500009D003280DD0D9F8001004280DD00D6010
:1058600009F1040967E1D9F80010EA17C1E900520B
:10587000F6E7D9F800100D80F2E70D70F0E719F89F
:10588000041B8DF8001000208DF80100EA4601206D
:1058900003E059F804AB4FF0FF3061074FF000010F
:1058A00002D40DE008F101018846B9420FDA8045C3
:1058B000F8DB1AF808100029F4D108E008F101011A
:1058C00088468142FADB1AF808100029F6D10598BB
:1058D0005B46A0EB080721463846179A00F094FA79
:1058E000284400EB080507E04DE029E10DE01AF837
:1058F000010B5A4617999047B8F10108F7D25B4659
:1059000021463846179A13E142E00A220092C4F376
:1059100002524FF0000A022A08D059F804CB032A99
:105920004FEAEC710AD00DE029E02AE009F1070105
:1059300021F00702F2E802C1914609E00FFA8CFC5F
:105940004FEAEC71042A03D14FFA8CFC4FEAEC7158
:10595000002907DA0A460021DCF1000C61EB0201A4
:105960002D2202E0220504D52B228DF804200122ED
:1059700003E0E20701D02022F7E7904659E00A2130
:1059800002E010220DE010214FF0000A00910BE020
:1059900010224FF0000A44F004040827009203E0AC
:1059A00008224FF0000A0092C4F30252022A05D0E6
:1059B00059F804CB0021032A08D009E009F10701B6
:1059C00021F00702F2E802C1914605E01FFA8CFCC3
:1059D000042A01D10CF0FF0C4FF00008220728D553
:1059E000702806D0009B83F0100353EA0A0305D009
:1059F0000EE040228DF80420012208E05CEA01025A
:105A000006D030228DF804208DF805000222904641
:105A1000009B83F0080353EA0A030AD15CEA0102FF
:105A200001D1620705D530228DF804204FF001081E
:105A30007F1E582804D034A003900EA802900DE0D9
:105A400036A0F9E753466046009AFAF79CFE844672
:105A50000398825C0298401E029002705CEA01008A
:105A6000F0D1029806A9081A00F1200A600702D5B1
:105A700024F4803400E00127574502DDA7EB0A003B
:105A800000E0002000EB0A01009005984144401A14
:105A90000590E00306D45B462146179A059800F06E
:105AA000B3F90544002706E001A85A46C05D1799DE
:105AB00090476D1C7F1C4745F6DBE0030CD55B4629
:105AC0002146179A059800F09FF9054404E030201C
:105AD0005A46179990476D1C0099481E009000295E
:105AE000F5DC08E0029802995A460078491C0291B8
:105AF000179990476D1CBAF10001AAF1010AF1DC77
:105B000065E1000009280100303132333435363781
:105B100038396162636465660000000030313233F9
:105B20003435363738394142434445460000000099
:105B300000F058F90544761C307800287FF4ECAD6D
:105B400019B02846BDE8F08F620700D4062709F196
:105B5000070222F0070CFCE80223E14603F00048AC
:105B60005FEA080C02D00FF2702C0DE05FEA045CD3
:105B700002D50FF2682C07E05FEAC47C02D00FF276
:105B8000602C01E0AFF2700C4FF0FF3823F00043BF
:105B9000CDF850C065280CD006DC452809D0462831
:105BA0001DD047283DD13DE0662818D067287ED11A
:105BB00038E00021112F01DB112000E0781CCDE935
:105BC000000106A90EA8FFF7DDFCDDE90F010E9A22
:105BD00003910021009207F1010A04914DE04FF07A
:105BE00000400097CDE9011006A90EA8FFF7CAFCF6
:105BF000DDE90F0203920E9B11990022DDF80CA043
:105C00000093049211B9791C00EB010AB7EB0A006A
:105C100004D4C0F1FF3007F1010A0490AAEB070099
:105C2000019044E0012F00DA01270021112F01DD4E
:105C3000112000E03846CDE9000106A90EA8FFF7C3
:105C4000A1FCDDE90F010E9A03910021049100925D
:105C5000BA4621070CD40399514500DA8A46BAF1B5
:105C6000010F05DD009AAAF10101515C302908D02D
:105C7000B84202DA10F1040F06DA0121CDE9011071
:105C800015E0AAF10101E9E7002805DC04990144C7
:105C90000491AAEB000102E0411C514500DD8A4657
:105CA0000499401A401C01904FF0004002902007D8
:105CB00004D40198504501DBCDF8048000208DF814
:105CC0004F0002980DF14F07B0F1004F25D02B2067
:105CD0000E9002984FF0020800280CDA4042029021
:105CE0002D200E9007E00A210298FAF736FD303198
:105CF000029007F8011DB8F10001A8F10108F2DCDB
:105D000002980028EFD1791E0E980870307800F0C4
:105D1000200040F0450007F8020D12A8C01B00F15A
:105D200007081498007800B1012000EB0A010198DF
:105D300001EBE07105984144401A401E0590E003D4
:105D400006D45B462146179A059800F05DF8054495
:105D50001498007818B15A46179990476D1CE003C3
:105D600024D55B462146179A059800F04DF8054466
:105D70001CE00498002807DBDDE90301884203DD0D
:105D80000098405C179901E0179930205A469047D7
:105D9000049805F10105401C04900198401E0190F3
:105DA00004D12E205A46179990476D1CBAF1000174
:105DB000AAF1010ADDDC05E017F8010B5A46179934
:105DC00090476D1CB8F10001A8F10108F4DC5B46B6
:105DD0002146179A0598ABE62D0000002B00000025
:105DE000200000002DE9F041044600251E4617461C
:105DF000880404D405E039462020B0476D1C641E99
:105E0000F9D52846BDE8F0812DE9F041044600258A
:105E10001E469046C80301D5302700E0202788049D
:105E200004D505E041463846B0476D1C641EF9D5DF
:105E30002846BDE8F08100000420034908700020D6
:105E400002490870704700005000002057000020F1
:105E500030B503460C461546204600F087FB054941
:105E60000860022004490870044803700448057063
:105E700030BD0000580000205000002056000020D7
:105E80005700002000B535480078012806D00228C8
:105E900005D0032813D004285CD146E05BE0032042
:105EA0002E4908702E4800684088401E2D49088001
:105EB00001202D49088000202C4908804BE028480B
:105EC00000682949098800EB810040882749098832
:105ED000884212DD2548008848B921490968224ACC
:105EE000128831F822002249097800F0CBFD1F48C2
:105EF0000088401C1D49088016E01B48008819498D
:105F00000988884205DA18480088401C164908802C
:105F100007E017480178002000F0B4FD04200F4985
:105F2000087000201149088015E011480178002010
:105F300000F0A8FD00200C4908800A4908800D489F
:105F4000007818B102200549087002E001200349D9
:105F5000087000E000BF00BF00BD0000500000203E
:105F60005800002052000020540000205C00002057
:105F700056000020570000203EB500200090019000
:105F8000029000BF12E0032190FBF1F201FB12012D
:105F90005DF82110154A52F820201144032290FB8D
:105FA000F2F302FB13024DF82210401CB0F5967F6D
:105FB000E9DB64210098B0FBF1F00D490880642111
:105FC0000198B0FBF1F00B49088064210298B0FB06
:105FD000F1F0094908800846008800F0F1FA04460B
:105FE000204600F0ABFA054908803EBD10100020A5
:105FF000620000206400002066000020680000208D
:1060000030B50546284600F02DFB0446002009E087
:10601000002204EB84110C4B03EBC101C91C0A5490
:10602000411C88B204EB8411074A02EBC101B1F8AC
:1060300004128142ECDC002004EB841102EBC1016C
:10604000A1F8040230BD0000E003002010B50446B2
:10605000012220210748FBF7F7FE0748FAF7ECFD7D
:106060000A2094FBF0F005490880214604A0FFF7C0
:106070004DFA10BD000C014090000020600000208F
:10608000C9E8D6C3414443B5C4D6DCC6DAD0D4BBD4
:10609000E3B1A8CAB1BCE4CEAAA3BA2564206D734B
:1060A000A1A30A0010B50446FAF754FD0A2094FB98
:1060B000F0F003490880214602A0FFF727FA10BD3F
:1060C0006C000020C9E8D6C3CEC2CAAAB6C8B4AB19
:1060D000B8D0C6F7B5C4D6DCC6DAD0D4BBE3B1A815
:1060E000CAB1BCE4CEAAA3BA2564206D73A1A30AE9
:1060F0000000000010B50C210348FDF723FC03A0AD
:10610000FFF704FA10BD000058010020B5F7D3C313
:10611000626565705F706C61795F62676D2829BC2C
:10612000B4BFC9B2A5B7C5D2F4C0D6A1A30A0000B6
:1061300010B504210148FDF705FC10BDA0010020A9
:1061400010B504466FF00100216808612046FDF794
:1061500051F910BD70B50546284600F083FA044693
:10616000052C01DC012C04DA214612A0FFF7CEF940
:106170001FE0012004EB8411164A02F8310004EB01
:10618000841102EBC1014870002004EB841102EB82
:10619000C101A1F8040204EB841002EBC00000F27C
:1061A000062101222846FDF759FF21460AA0FFF7E4
:1061B000ADF970BDB4AEBFDAB3F5CABCBBAFD2ECBB
:1061C000B3A3A3ACB5B1C7B0B4AEBFDABAC53A2574
:1061D00064000000E0030020D2D1BEADBFAAC6F427
:1061E000B4AEBFDA2564B5C4BDD3CAD5D6D0B6CF58
:1061F0000A00000013B50C464FF6FF7301226946F2
:106200000248FDF783FF00981CBD00000803002032
:1062100010B504460448008894FBF0F100FB1140DF
:1062200008B900F099FF10BD60000020022001496C
:10623000087070476F00002010B5044607480078CA
:1062400050B10748008894FBF0F100FB114008B9F9
:10625000FFF7ECFF00F006F810BD00006E00002014
:106260006C0000202DE9FC4752480078012806D038
:10627000022805D0032814D004287DD137E096E009
:106280004DA0006801904FF6FF70032301AA712111
:1062900000904A48FCF782F810B90320454908707D
:1062A00000BF47480078401E4549087008460078FE
:1062B000E0B90A200723434A712100903F48FBF7C9
:1062C000B7FE68B93F48007800F08000012803D08D
:1062D00004203849087006E002203649087002E0C0
:1062E0000220344908700820354908705FE0002416
:1062F000A1463448407849EA00393248807849EA72
:1063000000193048C07849EA10192E48C07800F0CA
:106310000F0044EA00442B48007944EA002429484D
:10632000407904434846FAF7AAF98246FAF7E6F9B3
:106330000546254A254BFAF733F90746FAF7F1F9EE
:10634000234908602046FAF79AF907464FF093412F
:10635000F9F7CFFF06461F49F9F799FF05461E4991
:10636000F9F78FFF1D49086019480068FAF7C6F968
:10637000074600221A4B00E018E0F9F7F8FF05463F
:10638000FAF7A3F91749087014480068FAF7B6F944
:1063900005460022124BF9F7EAFF0746FAF795F98E
:1063A0001149087001200349087000E000BF00BFD8
:1063B000BDE8FC876F000020AC3300000401002022
:1063C00082000020700000207B14AE47E17AC440B8
:1063D0007C00002000004843000048427800002074
:1063E0000000E03F810000208000002010B54E48F2
:1063F0000078012804D002280CD0032828D11DE001
:106400004FF400514948FBF70DFD10B902204649F1
:1064100008701EE04FF400514448FBF703FD48B9F3
:106420000320414908704248007840F0010040498B
:10643000087002E001203C4908700AE04FF4005166
:106440003A48FBF7EFFC012801D13749087000E01A
:1064500000BF00BF37480078042804D005280CD0BE
:10646000062829D11DE04FF480413048FBF7DAFCC3
:1064700010B905202F4908701FE04FF480412B48C8
:10648000FBF7D0FC48B906202A4908702848007854
:1064900040F002002649087002E0042025490870F7
:1064A0000BE04FF480412148FBF7BCFC012802D1EE
:1064B00004202049087000E000BF00BF1E4800789B
:1064C000072804D008280CD0092829D11DE04FF452
:1064D00000411648FBF7A6FC10B9082016490870C1
:1064E0001FE04FF400411148FBF79CFC48B909201C
:1064F000114908700E48007840F004000C490870FB
:1065000002E007200C4908700BE04FF400410748F7
:10651000FBF788FC012802D107200749087000E03A
:1065200000BF00BF10BD000015000020001001409A
:1065300010000020160000201700002001464FF434
:106540007A7200200AE0084B33F820308B4204DADC
:10655000054B03EB80035A8803E0401CB0F58C7FA9
:10656000F1DD00BF10467047DA8F000801460829A8
:1065700013D2DFE801F0120406080A0C0E100948D5
:106580000DE009480BE0094809E0094807E009481F
:1065900005E0094803E0094801E0084800BF00BFE2
:1065A000704700003E860008E286000892870008D7
:1065B000268800085A880008928E000886870008FE
:1065C0002DE9F84F82465046FAF75EF880460D4AAC
:1065D0000D4BF9F773FF064632460B4600200B4978
:1065E000F9F7DEFF0446FAF79CF883460849584657
:1065F000F9F747FE0446FAF754F880B20090009885
:10660000BDE8F88F9A9999999999F13F008863416B
:1066100000401C4502480068806B80B27047000053
:10662000A00100200C4909880A2291FBF2F10B4AD3
:106630001180114609880A39014488B2064909883F
:106640000A2291FBF2F190FBF1F201FB120111B968
:106650000121034A11707047840000208800002047
:1066600086000020014600200F4B0A681B689A42F2
:1066700000D101200D4B0A681B689A4200D102200C
:106680000B4B0A681B689A4200D10320094B0A6829
:106690001B689A4200D10420074B0A681B689A4283
:1066A00000D105207047000008030020500300209F
:1066B0009803002078020020C0020020012047E05B
:1066C00000EB8011244A12F8311001293ED100EB71
:1066D000801102EBC1014978012906D0022905D0B9
:1066E00003290BD004292FD11FE02EE0032100EB5A
:1066F0008012194B03EBC202517026E000EB8011AF
:10670000154A02EBC101B1F8041202290CDD042183
:1067100000EB8012104B03EBC2025170012100EB21
:10672000801203EBC20291700FE000EB80110A4A65
:1067300002EBC101897831B9012100EB8012064BCF
:1067400003EBC202517000E000BF00BF411CC8B2A1
:106750000528B5DB70470000E0030020FBF7CEFF03
:10676000FEF7F9FAFEF7A2F8FEF786F8FEF780FAD0
:10677000FEF7E8F9FEF794F9FEF71CFAFEF794FA33
:10678000FEF73EFAFEF758FAFEF7AAFAFEF7FEF811
:10679000FEF71AF9FEF72AF800F0EAFC01E000F033
:1067A000EFFCFCE770B5002415E004F1B001C8B2BD
:1067B00000F038F9002000F035F9102000F032F92F
:1067C000002504E0002000F045F9681CC5B2802DCA
:1067D000F8DB601CC4B2082CE7DB70BD3EB50120BD
:1067E0001B490870002400BF1EE04FF48071012295
:1067F000184820441346CDE9012100900022782159
:106800001548FBF783FE00280CD0002010490870C3
:1068100012A0FEF77BFE1DA0FEF778FE26A0FEF775
:1068200075FE3EBD601CC4B21B2CDEDB0848007840
:1068300058B12DA0FEF76AFEFFF7B4FF0020082331
:1068400080220146009000F06BF800BFE9E70000ED
:106850003100002032000020040100200A0A6F6C81
:106860006564B3F5CABCBBAFCAA7B0DCA3ACC7EBC9
:10687000BCECB2E94F4C4544C6C1C4BBCAC7B7F172
:10688000C1ACBDD32121210A000000006F6C6564FA
:10689000B3F5CABCBBAFCAA7B0DCA3ACC7EBBCECBA
:1068A000B2E94F4C4544C6C1C4BBCAC7B7F1C1AC7D
:1068B000BDD32121210A00006F6C6564B3F5CABC09
:1068C000BBAFCAA7B0DCA3ACC7EBBCECB2E94F4C82
:1068D0004544C6C1C4BBCAC7B7F1C1ACBDD32121B1
:1068E000210A0A0A000000006F6C6564B3F5CABC97
:1068F000BBAFB3C9B9A6A1A30D0A000070B5044689
:106900000D4605F1B001C8B200F08CF8102141EA43
:10691000141000F087F804F00F0000F083F870BD49
:106920002DE9F04782460F4615469846DDF820903F
:1069300000265AE039467A1CD7B25046FFF7DEFFF0
:1069400006FB05F084B24AE0B9F10C0F43D2DFE850
:1069500009F0060B10151A1F24292E33383D25493E
:10696000085D00F077F837E02349085D00F072F821
:1069700032E02249085D00F06DF82DE02049085D05
:1069800000F068F828E01F49085D00F063F823E094
:106990001D49085D00F05EF81EE01C49085D00F02E
:1069A00059F819E01A49085D00F054F814E0194943
:1069B000085D00F04FF80FE01749085D00F04AF855
:1069C0000AE01649085D00F045F805E01449085D45
:1069D00000F040F800E000BF00BF601C84B206FB7E
:1069E0000550A042B0DC701C86B24645A2DBBDE873
:1069F000F08700006E7B00086E7F0008EE7F0008C5
:106A00006E800008EE8000086E810008EE810008AC
:106A10006E820008EE8200086E830008EE83000894
:106A20006E84000801B584B00848007860B14FF466
:106A30008070012104AA0B46CDE9002102900022BA
:106A400078210348FBF762FD05B000BD310000204E
:106A50000401002001B584B00848007860B14FF40B
:106A60008070012104AA0B46CDE90021029040224A
:106A700078210348FBF74AFD05B000BD3100002036
:106A80000401002010B50A46B0F5837F03DB44F60D
:106A90002063984207DD00230C4C246823640B4CD0
:106AA0002468636210E00A4BB3FBF0F35B1E99B2FB
:106AB00000BF064B1B68D962044BD96000BF41FA86
:106AC00002F3024C2468236410BD0000580100202A
:106AD000001BB70010B540F6B8300D4908800D48CE
:106AE000FFF72EFB0CA0FEF711FDFFF721FBFFF7D0
:106AF00001FBFFF773FE06480088FFF7A7FA04487A
:106B00000088FFF7CFFA0B48FFF724FB10BD000009
:106B10008400002030020020D2D1BEADBFAAC6F44E
:106B2000D7B4CCACBBFAB6A8CAB1C6F7D6D0B6CFEC
:106B3000A1A30A00080300202DE9FC414348007886
:106B4000002871D04FF400414148FBF76BF908B9B8
:106B5000012000E0002004464FF480413C48FBF750
:106B600061F908B9012000E0002005464FF400510A
:106B70003748FBF757F908B9012000E00020064626
:106B800023462A46314633A0FEF7C0FC2F48007842
:106B900000F0010060B137A0FEF7B8FC04213948CD
:106BA000FBF748F92948007880F001002749087070
:106BB0002648007800F0020060B133A0FEF7A6FC82
:106BC00001213048FBF736F92048007880F00200B8
:106BD0001E4908701D48007800F0040060B12EA026
:106BE000FEF794FC02212748FBF724F917480078A8
:106BF00080F0040015490870FFF70CFD04460221DF
:106C00002048FBF70FF908B9012000E000200546F5
:106C100004211C48FBF706F9804601211948FBF7BF
:106C200001F910B9012001E00EE000200646102114
:106C30001448FBF7F7F807464346324639461AA090
:106C4000CDE90054FEF762FCBDE8FC811000002095
:106C5000001001406B6579313A2564202C206B656A
:106C600079323A2564202C206B6579333A256420EB
:106C70002E200A00B0B4CFC2C1CBB0B4BCFC31A14D
:106C8000A30A0000000C0140B0B4CFC2C1CBB0B425
:106C9000BCFC32A1A30A0000B0B4CFC2C1CBB0B4D7
:106CA000BCFC33A1A30A000072656C61793A2564CB
:106CB000202C206C65645F7265643A2564202C206A
:106CC0006C65645F677265656E3A2564202C206C84
:106CD00065645F79656C6C6F773A2564202C207051
:106CE000776D3A2564200A002DE9FC41FFF724FF67
:106CF00000F096F81C480078002833D01B48006844
:106D0000F9F7FCFC04460D4619480068F9F7F6FC53
:106D1000064632460B4617A0CDE90045FEF7F6FBC6
:106D20001D4803881D4802881D4801881DA0FEF7E4
:106D3000EDFB80212348FBF775F80446214622A08D
:106D4000FEF7E4FB15480088B0F5FA6F05DD012277
:106D500011460820FFF77CF801E0FFF76DF80020EE
:106D600001490870BDE8FC81860000207C000020FD
:106D70007800002074656D70657261747572653A93
:106D8000252E3366202C2068756D69646974793A04
:106D9000252E3366202C00006400002062000020B5
:106DA000680000206C75783A2564202C206D712DC8
:106DB000323A2564202C2061646A7265733A256436
:106DC000202C0000000801407069723A2564202ED2
:106DD000200A000010B51148008841F27071884205
:106DE00003DD01200D49088004E00C480088401CA8
:106DF0000A49088009480088FFF714FC0748008802
:106E0000FFF706FA05480088FFF716FAFFF756FC69
:106E1000FFF7ECFAFFF736F810BD00008A000020FB
:106E20002DE9FF5F834890F80A02002871D082A103
:106E30008348F9F7BBF9044682A18148F9F7B6F90E
:106E4000054683A17E48F9F7B1F9064683A17C483F
:106E5000F9F7ACF9074684A17948F9F7A7F9804614
:106E60000CB383A12046F9F7A1F90446214681A07D
:106E7000FEF74CFB6078302805D1002210218148B4
:106E8000FAF7E2FF0FE06078312805D101221021E6
:106E90007C48FAF7D9FF06E06078322803D1102148
:106EA0007848FAF7C7FF0DB371A12846F9F77EF9C4
:106EB0000546294674A0FEF729FB6878302805D1DD
:106EC000012211466F48FAF7BFFF0FE068783128BA
:106ED00005D1002201216B48FAF7B6FF06E0687879
:106EE000322803D101216748FAF7A4FF16B360A145
:106EF0003046F9F75BF90646314667A0FEF706FB18
:106F00007078302806D1002204215E48FAF79CFFF1
:106F100010E08CE07078312805D101220421594815
:106F2000FAF792FF06E07078322803D10421554821
:106F3000FAF780FF0FB34EA13846F9F737F9074645
:106F4000394659A0FEF7E2FA7878302805D10122B7
:106F500002214C48FAF778FF0FE07878312805D104
:106F6000002202214748FAF76FFF06E078783228BE
:106F700003D102214348FAF75DFFB8F1000F27D093
:106F80003BA14046F9F712F9804641464AA0FEF778
:106F9000BDFA4046F9F71CF9032819D998F8010001
:106FA00030386421484398F80210303901EB8101F0
:106FB00000EB410198F80300303808441FFA80F9CB
:106FC000494641A0FEF7A2FA484600F0A5F800BFE6
:106FD000FFF720FB814602212A48FAF723FF08B970
:106FE000012000E00020824604212648FAF71AFF1B
:106FF000012103902348FAF715FF08B9012000E0AA
:107000000020834610211F48FAF70CFFCDE900A9A4
:1070100002905A4601462FA0039BFEF777FA3D489F
:10702000FEF7EEFF0021034880F80A1200BFBDE81A
:10703000FF9F0000E003002072656C61793A000058
:10704000EB0500206C65645F7265643A0000000027
:107050006C65645F677265656E3A00006C65645FBD
:1070600079656C6C6F773A0070776D3A00000000BC
:107070003A000000737472785F72656C61793A252A
:10708000730A0000000C0140737472785F726564CB
:107090003A25730A00000000737472785F677265A6
:1070A000656E3A25730A0000737472785F79656CB7
:1070B0006C6F773A25730A00737472785F70776D1E
:1070C0003A25730A0000000070776D20697320254F
:1070D000642E0A0072656C61793A2564202C206C5C
:1070E00065645F7265643A2564202C206C65645F7A
:1070F000677265656E3A2564202C206C65645F7943
:10710000656C6C6F773A2564202C2070776D3A257A
:1071100064200A000803002010B50446B4F57A7F05
:1071200003DB04A0FEF7F2F902E00A48006884637A
:1071300010BD000050574DB2CECAFDB4EDCEF3A342
:10714000ACD6BBC4DCD4DA302D393939D6AEBCE488
:10715000A1A30A00A001002010B54FF496720249C5
:107160000248FAF757F810BD1010002090000020D8
:1071700010B5FFF7AFFC10BD10B5FFF72BFE10BD2B
:1071800010B5FFF7B1FD10BD02030405060708099D
:107190000A0B0C0D0E0F1010010202030405060766
:1071A00008090A0B0C0D0E0F101001020000000060
:1071B00000000000010203040607080900000000A7
:1071C0000102030400000000000000004C40000029
:1071D000000202020000207C28283E20006C4A7435
:1071E00024000C523C7C5270304C7A6C50400002AF
:1071F000000000000000007C820000423C00000013
:1072000000183810180000001018100000C000000E
:1072100000000808080808080040000000000040BE
:1072200030080600007C42427C000000447C0000E4
:10723000006462524C000064424A7C000010287CCA
:107240002000006C4C4C7000007C4A4A7400000422
:10725000641C0400007C4A527C00005C52523C00DA
:107260000000484800000000C80000000018282462
:1072700042000018181818000042242818000004C2
:1072800062520C0018647A566C1840301C1C700056
:10729000007C54545C20186442424224007C4444E4
:1072A0002418007C54544400007C14141C043844FA
:1072B00042426400007C10107C0000007C4400000E
:1072C000808080FC0400007C08344000007C40404A
:1072D0004000704C70107C00007C08103C0018646A
:1072E00042424438007C14140C0438446242C438CE
:1072F000007C14146C00004C4A52740004047C049A
:107300000404007C40407C00000C30300C00003C49
:10731000143C1C040044283844000004780804008D
:107320000064544C44000000FE82800000060830D7
:107330004000008082FE0000000101010100808009
:10734000808080800001010000000060585870407B
:10735000007E48487000007048484000007048486F
:107360007E4000706868500000087C0C0C0000F043
:10737000E8E8D808007E080870000008784000009F
:10738000008080887A00007E1038480000007E402F
:10739000000078484870487008780808700000704D
:1073A0004848700008F84848700000704848F000ED
:1073B00008487008080000505868680000087C48B9
:1073C0004800087840407840081820201800083805
:1073D000283838080048383848000098A060180855
:1073E0000048685848000000007E8000000000FF50
:1073F000000000807E000000000101020200000089
:10740000000000000000000000000000000000007C
:1074100000F8000000000000003300000000001031
:107420000C02100C020000000000000000000040F0
:10743000C07840C0780000043F04043F040000709E
:107440008888FC08300000182020FF211E00F0086A
:10745000F0806018000000310C031E211E0000F0B7
:107460000888700000001E21232C1927211000120B
:107470000E000000000000000000000000000000FE
:1074800000E018040200000000071820400000027D
:107490000418E000000000402018070000004040F1
:1074A00080F0804040000202010F01020200000053
:1074B0000000E0000000000101010F0101010000D7
:1074C00000000000000000907000000000000000BC
:1074D00000000000000000010101010101000000A6
:1074E000000000000000003030000000000000003C
:1074F0000000C0380400006018070000000000E031
:1075000010080810E000000F102020100F000000ED
:107510001010F8000000000020203F202000007024
:1075200008080808F000003028242221300000302C
:107530000808088870000018202121221C00000083
:10754000804030F8000000060524243F242400F881
:107550008888880808000019202020110E0000E00B
:10756000108888900000000F112020201F000018B4
:107570000808886818000000003E01000000007044
:10758000880808887000001C222121221C0000F0BD
:1075900008080810E0000001122222110F0000006C
:1075A00000C0C000000000000030300000000000FB
:1075B000008000000000000000E00000000000006B
:1075C0008040201008000001020408102000004044
:1075D0004040404040000002020202020200000857
:1075E00010204080000000201008040201000070FC
:1075F0004808088870000000003037000000C030E4
:10760000C828E810E000071827282F2817000000D6
:10761000C038E0000000203C23020227382008F890
:10762000888888700000203F202020110E00C03084
:10763000080808083800071820202010080008F85B
:1076400008080810E000203F202020100F0008F854
:107650008888E8081000203F20202320180008F820
:107660008888E8081000203F200003000000C03098
:1076700008080838000007182020221E020008F819
:1076800008000008F808203F210101213F200008E0
:1076900008F8080800000020203F2020000000001B
:1076A0000808F8080800C08080807F00000008F803
:1076B00088C028180800203F20012638200008F83C
:1076C000080000000000203F20202020300008F8A3
:1076D000F800F8F80800203F013E013F200008F8BC
:1076E00030C00008F808203F200007183F00E010D5
:1076F00008080810E0000F10202020100F0008F8E4
:1077000008080808F000203F210101010000E010F6
:1077100008080810E0000F10282830504F0008F823
:10772000888888887000203F2000030C302000707B
:107730008808080838000038202121221C00180879
:1077400008F8080818000000203F2000000008F892
:1077500008000008F808001F202020201F000878DB
:10776000880000C83808000007380E01000008F83B
:1077700000F800F8080000033E013E03000008186E
:1077800068808068180820302C03032C30200838CB
:10779000C800C83808000000203F20000000100882
:1077A0000808C838080020382621202018000000CA
:1077B00000FE020202000000007F40404000000482
:1077C00038C000000000000000010638C0000002C0
:1077D0000202FE000000004040407F000000000068
:1077E000040202040000000000000000000000008D
:1077F0000000000000008080808080808080000287
:107800000204000000000000000000000000000072
:1078100080808000000000192424123F200010F016
:10782000008080000000003F112020110E000000A9
:10783000008080800000000E112020201100000038
:1078400080808090F000001F202020103F2000004A
:10785000808080800000001F2424242417000080E2
:1078600080E0909020000020203F202000000000B9
:10787000808080808000006B94949493600010F06E
:10788000008080800000203F210000203F200080F9
:107890009898000000000020203F202000000000F9
:1078A00000809898000000C08080807F000010F069
:1078B000000080808000203F240629302000001036
:1078C00010F8000000000020203F202000008080F1
:1078D000808080808000203F20003F20003F80800B
:1078E000008080800000203F210000203F20000019
:1078F000808080800000001F202020201F008080CA
:1079000000808000000080FF912020110E00000008
:10791000008080008000000E11202091FF80808078
:1079200080008080800020203F2120000100000096
:10793000808080808000003324242424190000806B
:1079400080E0808000000000001F20201000808068
:10795000000000808000001F202020103F20808039
:1079600080008080800000030C300C0300008080C9
:10797000008080008080010E300C073806010080F6
:107980008080008080000020310E2E312000808019
:1079900080000080808000818678180601000080C9
:1079A0008080808080000021302C22213000000067
:1079B000000000FC020200000000013E4040000008
:1079C0000000FF00000000000000FF0000000202B5
:1079D000FC000000000040403E01000000000002EA
:1079E000010202040200000000000000000000FC90
:1079F000FC246484E43444C484F414FCFC0000FFDC
:107A0000FF100C070F14180E030E487F7F000000B4
:107A1000007E56D65656565656567E00000000003A
:107A2000165249492733190D4341713F00000000A8
:107A3000080888E8784E48484848C8C80800000642
:107A40000201007F0A0A0A0A0A4A7F3F00000080FA
:107A50009C880008E86E6C78786E6AE80800004040
:107A6000203F20405F5555555555555F400000F06B
:107A70003820FE2020701CDE3818F818F8000004AA
:107A80000406FF0202446731184741703F000004BA
:107A9000FC2424FC0410161CF0181E10100000100A
:107AA0001F1109FF084161390F0D3161C10000FC50
:107AB000FC246484E43444C484F414FCFC0000FF1B
:107AC000FF100C070F14180E030E487F7F00006094
:107AD00078CC6020383848484E4848483800004C38
:107AE00066252424423212C27E02023262000080E5
:107AF0008040A0B098868C98B0E040C08000000024
:107B000000FE262626262626267E7E0000000080F1
:107B1000848484FCFC848484FC848484800000410C
:107B20004161311F030101017F01010101000000DA
:107B3000203C2420E03E2020243C2820200000106F
:107B40001048C643472D39312947434040000020A3
:107B500020FE202000FC24E4242424E40400000C63
:107B600003FF0143729FC0633E182761400000007D
:107B70000000000000000000000000000000000005
:107B8000000080C0F0FCFEFEFEFCFCF87810000057
:107B900000000000000000000000000000000000E5
:107BA00000000000000000000000000000000000D5
:107BB00000000000000000000000000000000000C5
:107BC0000000000000000018F8F8F8FCFCFCFEFEC5
:107BD000F8800000000080E0F8FEFEFCFCFCFCF8F1
:107BE0007818000000000000000000000000000005
:107BF000000000007C7F7F7F7F7F7F7F7FFFFFFF14
:107C0000FFFFFFFFFFFFFFFF7F7F7F7F7F7F7F7F84
:107C10007F7F7F7F7F7F7F7F7F7F7F7F7F7F7F7F74
:107C20007F7F7F7F7F7F7F7F7F7F7F7F7F7F0F0053
:107C30000080E0E0E0C08080800000000000607F05
:107C40007F7F7F7F7F7F7F7F7F7F7F7F7F7F7F7F44
:107C50007F7FFFFFFFFFFFFFFFFFFFFF7F7F7F7F34
:107C60007F7F7F7F7F7F7F7F7F7F7F1F0000000080
:107C7000000000000000000080E0F0FCFEFFFFFFBD
:107C8000FFFFFFFFFFFFFDFCFCFCFCFCFCFCFCFC21
:107C9000FCFCFCFCFCFCFCFCFCFCFCFCFCFCFCFC24
:107CA000FCFCF8F8F8F0F0F0E06000000000001CC8
:107CB0001F3F3F7FFFFFFFFFFFFFFEFEFCFC783012
:107CC00000F0F0F0F8F8F8F8FCFCFCFCFCFCFCFC24
:107CD000FCFCFFFFFFFFFFFFFFFFFFFCFCFCFCFCC9
:107CE000F8F8F8F8F0F0F0000000000000000000E4
:107CF00000000080E0F8FCFEFFFFFFFFFFFFFFFF3A
:107D0000FFFFFFFFFF0703030381818181C1C1C121
:107D1000C1C1C1C1E1E1E1E1E1E1E1E1E1E3E3E3CD
:107D2000FFFFFFFFFFFFFFFFFF0000000000C0F8A4
:107D3000FCFCFCF8F8F0F1E1C38707070301000041
:107D4000E0FFFFFFFFFFFFFFFFF7F3F3F1F1F1F1BA
:107D5000F1F1F1F1F1F1F1F1F1F1F1F3F3FFFFFFE5
:107D6000FFFFFFFFFFFF00000000000000000070A9
:107D700078FEFFFFFFFFFF7F3F1F07FFFFFFFFFFB3
:107D8000FFFFFFFFFFFEFFFFFF7F7F7F3F3F3F3F84
:107D90003F3F1F1F1F1F1F1F1F1F1F1F1F1F9FFF53
:107DA000FFFFFFFFFFFFFFFF0000000000030307CE
:107DB0000F1F3FFFFFFFFFFFFFFFFEF8000000C0A7
:107DC000FFFFFFFFFFFFFFFFEFE3E3E3E3E3E3E397
:107DD000E3E3E3E3E3E3E3E3E3E3E3E3FBFFFFFF07
:107DE000FFFFFFFFFF010000000000000000000097
:107DF00000000103030301000000F8FFFFFFFFFF85
:107E0000FFFFFF1F010100000000C0F0F8F8FCFCBC
:107E1000FEFEFEFEFEFEFEFEFEFEFEFEFEFEFFFF80
:107E2000FFFFFFFFFFFFFFF1F0E0E0E0C0C0C08018
:107E30008080E0FFFFFFFFFFFFFFFF7F000080FF6C
:107E4000FFFFFFFFFFFFFFFFE7E7E7E7E7E7C7C742
:107E5000C7C7C7C7C7E7E7E7E7E7E7FFFFFFFFFFDA
:107E6000FFFFFFFF03000000000000000000000013
:107E7000000000000000000000F0FFFFFFFFFFFF18
:107E8000FFFF7F0000000000000F7FFFFFFFFFFFEC
:107E9000FFFFF9F0F0E0E0C0C0C0C18181FFFFFF4B
:107EA000FFFFFFFFFF3F0F1F1F1F3F3F7F7FFFFFB2
:107EB000FFFFFFFFFFFFFFFFFFFFF9F0F0F0E3E33D
:107EC000E3C7C7C7C78F8F8F8F8F8F9F9F9F9F9F3E
:107ED0009F9F9F9F9F9F8F8F8F8F8F8F8787C7C7F2
:107EE000C7C3E3E3E0F0F0F0800000000000000012
:107EF0000000000000000000607F7F7F7F7F7F7FA9
:107F00007F7F000000000000000000000103070761
:107F10000F0F0F1F1F1F3F3F3F3F3F7F7F7F7F7F21
:107F20007F7FFFFF7F0000000000000000000000D6
:107F30000001010303030707070F0F0F1F1F1F1F78
:107F40003F3F3F3F7F7F7F7F7F7F7F7F7FFFFFFFC1
:107F5000FFFFFFFFFFFFFF7F7F7F7F7F7F7F3F3F31
:107F60003F3F3F1F1F1F0F0F0F06000000000000C4
:107F700000000000000080C0E0F0F8FCFCFCFCFC0D
:107F8000FCF8F0E0C08000000000000000000000ED
:107F90000000F8FCFEFFFF7F3F1F0FFFFFFFFFFF0A
:107FA000070F1F3F7FFFFFFEFCF8000000000000EE
:107FB0000000000000000000000000FFFFFFFFFFC6
:107FC00000000000000000000000000000000000B1
:107FD00000000000000000000000003F3F3F3F3F66
:107FE0000000000000000000000000000000000091
:107FF000000000000000000000000000FCFCFCFC91
:10800000FC00000000000000000000000000000074
:10801000000000000000000000000000FFFFFFFF64
:10802000FF00000000000000000000000000000051
:1080300000001F3F7FFFFFFEFCF8F0E0FFFFFFFFA7
:10804000FFF0F8FCFEFFFF7F3F1F00000000000074
:108050000000000000000103070F1F3F3F3F3F3FAC
:108060003F1F0F0703010000000000000000000098
:1080700000000000000080C0E0F0F0F0F0F0000030
:1080800000000000000000000000000000000000F0
:10809000E0F0F8FCFEFFFFFFFFDFCFC7C3C1C0C0A9
:1080A000C0C0C0C0C0C0C0C0C0C0C0C000000000D0
:1080B000070F1F3F7FFFFFFFFFFFF7E7C787070798
:1080C000070707070707070707070707000000005C
:1080D0000000000000000103070F0F0F0F0F00004A
:1080E0000000000000000000000000000000000090
:1080F0000000000000000000000000000000F0F0A0
:10810000F0F0F0E0C080000000000000000000007F
:10811000E0E0E0E0E0E0E0E0E0E0E0E0E0E0E1E35B
:10812000E7EFFFFFFFFFFFFEFCF8F0E000000000BC
:10813000030303030303030303030303030383C3CF
:10814000E3F3FBFFFFFFFF7F3F1F0F07000000006F
:1081500000000000000000000000000000000F0F01
:108160000F0F0F07030100000000000000000000D7
:10817000000080C0E0F0F8F87C7C3C3C3C3C3C3C9F
:108180003C3C7C7CF8F8F0E0C0800000000000007F
:10819000FCFFFFFF0F0301000080F0FEFE3F7FFEAB
:1081A000FEE000000001030FFFFFFFFC00000000E5
:1081B0003FFFFFFFF0C08000787F7F3F0707070F7A
:1081C0007F7F7E700080C0F0FFFFFF3F0000000057
:1081D00000000103070F1F1F3E3E3C3C3C3C3C3C63
:1081E0003C3C3E3E1F1F0F07030100000000000043
:1081F000000080C0E0F0F8F87C7C3C3C3C3C3C3C1F
:108200003C3C7C7CF8F8F0E0C080000000000000FE
:10821000FCFFFFFF0F03010000FEFEFFCFCFCEFEED
:10822000FEFE7C000001030FFFFFFFFC00000000CA
:108230003FFFFFFFF0C08000007F7F7F7171717B87
:108240007F3F1F000080C0F0FFFFFF3F00000000E5
:1082500000000103070F1F1F3E3E3C3C3C3C3C3CE2
:108260003C3C3E3E1F1F0F070301000000000000C2
:10827000000080C0E0F0F8F87C7C3C3C3C3C3C3C9E
:108280003C3C7C7CF8F8F0E0C0800000000000007E
:10829000FCFFFFFF0F03010000E0FCFEFE1E0F0FBE
:1082A0000E0E0E000001030FFFFFFFFC0000000098
:1082B0003FFFFFFFF0C0800000071F3F7F78707016
:1082C000707838000080C0F0FFFFFF3F0000000022
:1082D00000000103070F1F1F3E3E3C3C3C3C3C3C62
:1082E0003C3C3E3E1F1F0F07030100000000000042
:1082F000000080C0E0F0F8F87C7C3C3C3C3C3C3C1E
:108300003C3C7C7CF8F8F0E0C080000000000000FD
:10831000FCFFFFFF0F03010000FEFEFF0F0F0F1E0B
:10832000FEFCF8000001030FFFFFFFFC000000004F
:108330003FFFFFFFF0C08000007F7F7F7070787C80
:108340003F3F1F000080C0F0FFFFFF3F0000000024
:1083500000000103070F1F1F3E3E3C3C3C3C3C3CE1
:108360003C3C3E3E1F1F0F070301000000000000C1
:10837000000080C0E0F0F8F8FCFCFCFCFCFCFCFC1D
:10838000FCFCFCFCF8F8F0E0C080000000000000FD
:10839000FCFFFFFFFFFFFFFFFFFFFFFFFFFFFFFFF0
:1083A000FFFFFFFFFFFFFFFFFFFFFFFC00000000DC
:1083B0003FFFFFFFFFFFFFFFFFFFFFFFFFFFFFFF8D
:1083C000FFFFFFFFFFFFFFFFFFFFFF3F0000000079
:1083D00000000103070F1F1F3F3F3F3F3F3F3F3F4D
:1083E0003F3F3F3F1F1F0F07030100000000000039
:1083F000000080C0E0F0F8F8FCFCFCFCFCFCFCFC9D
:10840000FCFCFCFCF8F8F0E0C0800000000000007C
:10841000FCFFFFFFFFFF0F0703010000000000004B
:1084200000000103070FFFFFFFFFFFFC000000003B
:108430003FFFFFFFFFFFF0E0C080000000000000F2
:10844000000080C0E0F0FFFFFFFFFF3F00000000E2
:1084500000000103070F1F1F3F3F3F3F3F3F3F3FCC
:108460003F3F3F3F1F1F0F070301000000000000B8
:1084700000000000000000000000000000000000FC
:108480000000F0F878383838383838383838383824
:1084900038F8F8F0000000000000000000000000C4
:1084A00000000000000000000000000000000000CC
:1084B000000000000000000000000080878FCFCE89
:1084C000CEEEF0E0C0FEFEFECECECE8F8F070000D7
:1084D00000000080C0E0F0E0C0800000000000006C
:1084E000000000000000000000000080C0E0707884
:1084F0003C1E9ECFC7E7F373713931393939110109
:10850000010171717103C3E7C70E1E1E3D7BF7F3B6
:10851000F0BD7B7F7F3E1C000000000000000000DB
:1085200080E0F0FE3F0FC7E1F07C1F0F0703010062
:108530000000000000000000000000000080C0E01B
:10854000F0F97D3E1F0F66E07021070F7FFEF0C03F
:1085500000000000000000000000FFFFFF0100FE1F
:10856000FFFF010000000000000000000000F0F824
:10857000FCBC1CBCFCFEFF0F070301000000000058
:108580000000068EC7C60003FFFFFF0000000000CA
:10859000000000001F7FFFF000077FFFF0C0000019
:1085A00000000000000000000103070707070703A1
:1085B0000100000000000000000000E0F0FF5F0389
:1085C000C0F8FF7F1F000000000000000000000056
:1085D000010F1F3E7CF0E3C78F1E3C7870E0E0E0A7
:1085E000C0C0C080808080808080C0C0C0E0E0F0DB
:1085F00070783C1E8FC7E1F07C3E1F070100000031
:10860000000000000000000000000000000000006A
:108610000103070F0F1E1C3C3D3971717173737399
:1086200073737373713371393D3C1C0E0F0707036D
:108630000100000000000000000000000000000039
:10864000280020031900E803190020031900E8039B
:10865000190020031900E803190020031900E8039A
:10866000190020031900E803190020031900E8038A
:10867000190020031900E803190020031900E8037A
:10868000190020031900E803190020031900E8036A
:10869000190020031900E803190020031900E8035A
:1086A000190020031900E803190020031900E8034A
:1086B000190020031900E803190020031900E8033A
:1086C000190020031900E803190020031900E8032A
:1086D000190020031900E803190020031900E8031A
:1086E000190000002800E803640020036400E80388
:1086F000640020036400E803640020036400E803CE
:10870000640020036400E803640020036400E803BD
:10871000640020036400E803640020036400E803AD
:10872000640020036400E803640020036400E8039D
:10873000640020036400E803640020036400E8038D
:10874000640020036400E803640020036400E8037D
:10875000640020036400E803640020036400E8036D
:10876000640020036400E803640020036400E8035D
:10877000640020036400E803640020036400E8034D
:1087800064002003640000000300170414001003B9
:108790001400000025000B0228004B022800930261
:1087A00028000B0228000B0228004B02280093022D
:1087B00028000B02280093022800BA0228001003A8
:1087C00028000000280093022800BA0228001003A5
:1087D0002800000028001003140070031400100388
:1087E0001400BA021400930228000B0228001003A0
:1087F00014007003140010031400BA021400930252
:1088000028000B0228000B022800880128000B0218
:108810002800000028000B022800880128000B0215
:1088200028000000280000000D0020061900270580
:108830000D0017040D009704190010031900100310
:108840000D00DC030D0097040D0075050D002705D4
:108850001900170419000000190000008C012705F9
:108860000F0027051E0027050F0000000F0017044A
:108870000F0027051E0020061E0000001E0010032A
:108880001E0000001E0017041E0000000F00100351
:108890000F0000001E0093021E0000000F00700376
:1088A0001E00DC030F0000000F00C1030F00700367
:1088B0001E0010031E0027051E0020061E00E006F5
:1088C0001E0075050F0020060F0000000F00270591
:1088D0001E0017040F0097040F00DC031E000000A9
:1088E0000F0017041E0000000F0010030F0000000F
:1088F0001E0093021E0000000F0070031E00DC0328
:108900000F0000000F00C1030F0070031E001003D2
:108910001E0027051E0020061E00E0061E0075052D
:108920000F0020060F0000000F0027051E0017048F
:108930000F0097040F00DC031E0000000F00000072
:108940001E0020060F00CA050F0075050F00E40485
:108950001E0027050F0000000F0040030F007003EA
:108960000F0017040F0000000F0070030F00170422
:108970000F0097040F0000001E0020060F00CA051C
:108980000F0075050F00E4041E0027050F0000000E
:108990000F002C081E002C080F002C081E000000E1
:1089A0001E0000001E0020060F00CA050F007505FE
:1089B0000F00E4041E0027050F0000000F00400315
:1089C0000F0070030F0017040F0000000F0070036A
:1089D0000F0017040F0097040F0000001E00200670
:1089E0001E0000000F0075051E0000000F00270587
:1089F0001E0000001E0000003C0000001E002006BB
:108A00000F00CA050F0075050F00E4041E002705BE
:108A10000F0000000F0040030F0070030F00170449
:108A20000F0000000F0070030F0017040F009704E1
:108A30000F0000001E0020060F00CA050F0075057C
:108A40000F00E4041E0027050F0000000F002C0893
:108A50001E002C080F002C081E0000001E00000045
:108A60001E0020060F00CA050F0075050F00E40464
:108A70001E0027050F0000000F0040030F007003C9
:108A80000F0017040F0000000F0070030F00170401
:108A90000F0097040F0000001E0020061E000000BB
:108AA0000F0075051E0000000F0027051E000000C6
:108AB0001E0000003C0017040F0017041E001704DE
:108AC0000F0000000F0017040F0097041E00270579
:108AD0000F0017041E0070030F0010031E0000009B
:108AE0001E0017040F0017041E0017040F000000DB
:108AF0000F0017040F0097040F0027050F00000058
:108B0000780017040F0017041E0017040F00000060
:108B10000F0017040F0097041E0027050F0017040D
:108B20001E0070030F0010031E0000001E0027052A
:108B30000F0027051E0027050F0000000F00170477
:108B40000F0027051E0020061E0000001E00100357
:108B50001E0000001E0017041E0000000F0010037E
:108B60000F0000001E0093021E0000000F007003A3
:108B70001E00DC030F0000000F00C1030F00700394
:108B80001E0010031E0027051E0020061E00E00622
:108B90001E0075050F0020060F0000000F002705BE
:108BA0001E0017040F0097040F00DC031E000000D6
:108BB0000F0017041E0000000F0010030F0000003C
:108BC0001E0093021E0000000F0070031E00DC0355
:108BD0000F0000000F00C1030F0070031E00100300
:108BE0001E0027051E0020061E00E0061E0075055B
:108BF0000F0020060F0000000F0027051E001704BD
:108C00000F0097040F00DC031E0000000F00270573
:108C10000F0017041E0010030F0000001E00400389
:108C20001E0070030F0075051E0075050F00700310
:108C30001E0000001E00DC031E00E0061E00E00611
:108C40001E00E0061E0020061E0075051E002705FA
:108C50000F0017041E0070030F0010031E00000019
:108C60001E0027050F0017041E0010030F00000050
:108C70001E0040031E0070030F0075051E007505E1
:108C80000F0070031E0000001E00DC030F007505BE
:108C90001E0075050F0075051E0027051E009704B0
:108CA0001E0017041E0000001E0000003C002705E7
:108CB0000F0017041E0010030F0000001E004003E9
:108CC0001E0070030F0075051E0075050F00700370
:108CD0001E0000001E00DC031E00E0061E00E00671
:108CE0001E00E0061E0020061E0075051E0027055A
:108CF0000F0017041E0070030F0010031E00000079
:108D00001E0027050F0017041E0010030F000000AF
:108D10001E0040031E0070030F0075051E00750540
:108D20000F0070031E0000001E00DC030F0075051D
:108D30001E0075050F0075051E0027051E0097040F
:108D40001E0017041E0000001E0000003C00170457
:108D50000F0017041E0017040F0000000F00170477
:108D60000F0097041E0027050F0017041E00700354
:108D70000F0010031E0000001E0017040F00170450
:108D80001E0017040F0000000F0017040F009704C7
:108D90000F0027050F000000780017040F001704CC
:108DA0001E0017040F0000000F0017040F009704A7
:108DB0001E0027050F0017041E0070030F0010038C
:108DC0001E0000001E0027050F0027051E002705B6
:108DD0000F0000000F0017040F0027051E002006DB
:108DE0001E0000001E0010031E0000001E002705CC
:108DF0000F0017041E0010030F0000001E004003A8
:108E00001E0070030F0075051E0075050F0070032E
:108E10001E0000001E00DC031E00E0061E00E0062F
:108E20001E00E0061E0020061E0075051E00270518
:108E30000F0017041E0070030F0010031E00000037
:108E40001E0027050F0017041E0010030F0000006E
:108E50001E0040031E0070030F0075051E007505FF
:108E60000F0070031E0000001E00DC030F007505DC
:108E70001E0075050F0075051E0027051E009704CE
:108E80001E0017041E0000001E0000003C00000031
:108E90001E000000520093023C0093021E004B0291
:108EA0001E000B023C000B021E00B8011E004B020C
:108EB0001E0093021E004B021E0093021E0088013A
:108EC0003C0088013C00B8013C00B8011E0088014C
:108ED0001E00B8013C000B023C0010031E00700392
:108EE0001E0093021E0010031E004B023C004B02AA
:108EF0003C0093023C0093021E004B021E009302B2
:108F00003C0010033C0070031E0070031E00700341
:108F10001E0017041E0070033C0010031E00930285
:108F20001E004B023C004B021E0093021E00100369
:108F30003C0088013C004B021E0093021E004B02C5
:108F40001E0093021E000B023C000B023C00930229
:108F50003C0093021E004B021E0093023C001003D3
:108F60003C0070031E0017041E0070031E00100357
:108F70001E0070033C0010031E0093021E004B02F3
:108F80003C004B021E0093021E0010033C008801AF
:108F90003C004B021E0093021E004B021E00930277
:108FA0001E000B023C000B023C004B021E004B0259
:108FB0001E004B021E0093021E0010033C00100313
:108FC0001E0070031E0017043C0070033C001704D1
:108FD0003C0017043C0000003C00409C0100EE6691
:108FE0000200A0500300D0430400423B05001635A8
:108FF000060066300700A62C08009A2909000627FB
:109000000A00E0240B00F6220C0052210D00E01FA4
:109010000E00961E0F006A1D10005C1C1100621BE2
:109020001200861A1300B4191400F618150042181D
:109030001600A21717000C17180076161900F41561
:109040001A0072151B00FA141C008C141D00281441
:109050001E00BA131F006013200006132100AC127B
:1090600022005C1223000C122400BC112500761192
:10907000260030112700EA102800AE1029007210D7
:109080002A0036102B00FA0F2C00C80F2D008C0F71
:109090002E005A0F2F00280F3000000F3100CE0E87
:1090A00032009C0E3300740E34004C0E3500240E3A
:1090B0003600FC0D3700D40D3800AC0D3900840D9E
:1090C0003A00660D3B003E0D3C00200D3D00020DB8
:1090D0003E00E40C3F00C60C40009E0C41008A0C90
:1090E00042006C0C43004E0C4400300C4500120C46
:1090F0004600FE0B4700E00B4800CC0B4900AE0BCE
:109100004A009A0B4B007C0B4C00680B4D00540B33
:109110004E00400B4F00220B50000E0B5100FA0A7C
:109120005200E60A5300D20A5400BE0A5500AA0AA9
:109130005600960A5700820A5800780A5900640AB5
:109140005A00500A5B003C0A5C00320A5D001E0AAD
:109150005E000A0A5F00000A6000EC096100E20993
:109160006200CE096300BA096400B00965009C0979
:1091700066009209670088096800740969006A0935
:109180006A0056096B004C096C0042096D003809F1
:109190006E0024096F001A09700010097100FC08A4
:1091A0007200F2087300E8087400DE087500D40845
:1091B0007600CA087700B6087800AC087900A208E3
:1091C0007A0098087B008E087C0084087D007A086D
:1091D0007E0070087F00660880005C0881005208ED
:1091E0008200480883003E088400340885002A086D
:1091F000860020088700160888000C0889000208ED
:109200008A00F8078B00EE078D00E4078E00DA076E
:109210008F00D0079000C6079100BC079300B207EB
:109220009400A80795009E079600940798008A0767
:10923000990080079A0076079B006C079D006207E3
:109240009E005807A0004E07A1004407A2003A075D
:10925000A4003007A5002607A7001C07A8001207D6
:10926000AA000807AB00FE06AD00F406AF00EA0650
:10927000B000E006B200D606B400CC06B500C206C7
:10928000B700B806B900AE06BB00A406BC009A063B
:10929000BE009006C0008606C2007C06C4007206AE
:1092A000C6006806C8005E06CA005406CC004A061E
:1092B000CE004006D0003606D2002C06D40022068E
:1092C000D7001806D9000E06DB000406DE00FA05FA
:1092D000E000F005E200E605E500DC05E700D20568
:1092E000EA00C805ED00BE05EF00B405F200AA05CE
:1092F000F500A005F8009605FA008C05FD00820532
:109300000001780503016E05060164050A015A058E
:109310000D0150051001460513013C0517013205EA
:109320001A0128051E011E052101140525010A0543
:10933000290100052C01F6043001EC043401E2049B
:109340003801D8043D01CE044101C4044501BA04EA
:109350004A01B0044E01A60453019C045801920432
:109360005C01880461017E04660174046C016A0476
:1093700071016004760156047C014C0482014204B0
:10938000870138048D012E04930124049A011A04E4
:10939000A0011004A7010604AE01FC03B401F2030E
:1093A000BC01E803C301DE03CA01D403D201CA032E
:1093B000DA01C003E201B603EB01AC03F301A2033F
:1093C000FC01980305028E030E02840318027A033F
:1093D000220270032C02660337025C03420252032E
:1093E0004D02480358023E036402340371022A030B
:1093F0007D0220038A02160398020C03A6020203D0
:10940000B402F802C302EE02D302E402E302DA027B
:10941000F402D0020503C6021703BC022903B202FC
:109420003D03A80251039E02650394027B038A0256
:1094300092038002A9037602C1036C02DB030000E1
:1094400060940008000000209000000064550008AF
:10945000F0940008900000203018000074550008B7
:109460000000000010000000010000000024F400D3
:109470000000FFFF01010407CDF8D2D7D3D0B5C05B
:10948000CEEFC1AACDF8D7DBBACFBFAAB7A2B0E55D
:109490000000AE001040B081FFA1A6A83FC8D300D5
:1094A000D580D805D9F1DA12D8308D14AF0000007C
:1094B00000000000000000000000000000000000AC
:1094C000FFFF00000000000000000000FFFF0000A0
:1094D000000000000000000000000000000000008C
:1094E00000000800FFFF0000000001000000000075
:0400000508000131BD
:00000001FF
