:020000040800F2
:10000000401B0020450100082D4F0008CD4300088B
:10001000294F0008650C0008355700080000000053
:100020000000000000000000000000005D4F00081C
:10003000A50C000800000000314F00085F4F0008C9
:100040005F0100085F0100085F0100085F01000810
:100050005F0100085F0100085F0100085F01000800
:100060005F0100085F0100085F010008690C0008DB
:100070005F0100085F0100085F0100085F010008E0
:100080005F0100085F0100084D0A00085F010008D9
:100090005F0100085F0100085F0100085F010008C0
:1000A0005F0100085F0100085F0100085F010008B0
:1000B0005F010008ED4F00085F0100085F010008C4
:1000C0005F0100085F0100085F0100085F01000890
:1000D0005F0100080557000815570008255700085C
:1000E0005F0100085F0100085F0100085F01000870
:1000F0005F0100085F0100085F0100085F01000860
:100100005F0100085F0100085F0100085F0100084F
:10011000FD5200080D5300085F010008FD4F000864
:100120005F0100085F0100085F0100085F0100082F
:10013000DFF80CD000F078FC00480047416C000864
:10014000401B00200648804706480047FEE7FEE7C0
:10015000FEE7FEE7FEE7FEE7FEE7FEE7FEE7FEE777
:10016000E94F000831010008202A04DB203A21FA77
:1001700002F00021704721FA02F3D040C2F12002C0
:100180009140084319467047D2B201E000F8012BB4
:10019000491EFBD270470022F6E710B513460A4607
:1001A00004461946FFF7F0FF204610BD30B505465E
:1001B0002A460B4612F8010B13F8014B08B1A04276
:1001C000F8D01CB1002802D06D1CF1E7284630BDE4
:1001D000421C10F8011B0029FBD1801A704703460E
:1001E00011F8012B00F8012B002AF9D118467047AD
:1001F00030B505460020034600E05B1C934205D263
:10020000EC5CC85C201A01D1002CF6D130BD000096
:1002100070B50F4D00B92868002412E00A4602E0CC
:100220009E4203D0521C1378002BF9D1DAB222433C
:1002300005D02BB124B1002100F8011B04E00446D5
:10024000401C0678002EE9D12860204670BD0000D1
:10025000BC000020F0B480EA0102D40F4200B2EBEF
:10026000410F02D20246084611464A0042D0C30D51
:10027000DDB2C1F3C752AD1A202D35DAC1F3160134
:1002800041F4000204B15242C5F1200602FA06F11F
:100290002A411044B3EBD05F23D0C4B1012DA0EBB1
:1002A000C35009DCF0BC4FF0004202EAC352DBB29B
:1002B00000F5000000F0FDBA400000F1807000EB96
:1002C000C350A0F1807040EAD170490009E04908AC
:1002D00041EAC071A0EBC35000F50000400800EBFC
:1002E000C350F0BC00F0DCBA6142012202EB4101D4
:1002F000001BF6E7F0BC704781F00041AAE780F0F0
:100300000040A7E780EA010210B502F00043400078
:1003100022D04A001FD0010E01EB1261C0F356003B
:10032000C2F3560240F4000042F40002A0FB022097
:1003300000047F39140400D0401C50EA124001D45C
:100340004000491EC2B20C0604EBD010401C40080D
:10035000802A02D003E0002010BD20F00100002917
:1003600000DA0020184310BD30B480EA010202F028
:10037000004530F0004221F0004013D090B1C30D91
:10038000D40DC2F31601C0F31600E41A41F40001C3
:1003900040F400027D34914201D3641C00E0490026
:1003A000002C02DA30BC002070474FF4000000231C
:1003B000914201D3891A034340084FEA4101F7D122
:1003C00051B1914202D14FF0004105E002D24FF00D
:1003D000010101E06FF0010103EBC450284430BC7F
:1003E00000F05EBA2DE9FE4F804681EA0300C00F9F
:1003F0000C46009021F0004123F00045B8EB0200CC
:10040000A94105D24046214690461C460B4602466D
:1004100023F00040104347D0270DC7F30A00C3F371
:100420000A510290401A019040286BDAC3F313007E
:1004300040F4801B0098924620B10023D2EB030ABF
:1004400063EB0B0B01985946C0F14002504600F097
:1004500006FA06460D4650465946019A00F00EFA35
:1004600010EB08006141002487EA115284EAE77327
:100470001A4340D0009A62B3019A012A4FEA075208
:1004800015DC001B61EB02014FF0004202EA07524B
:10049000CDE90042001C41F5801132462B4600F0A8
:1004A00045FA03B0BDE8F08F40462146F9E7001B4E
:1004B00061EB0201001C41F5801300185B4120181C
:1004C000A2F5001747EB030140EAD570B6196D415C
:1004D00011E06D084FEA360645EAC0754FEA07524B
:1004E000001B61EB0201001C41F5801149084FEA35
:1004F00030000019514132462B4603B0BDE8F04FA1
:1005000000F005BA0098012240000023D0EB02025F
:1005100063EBE073009821464FEAE074B8EB00000B
:1005200061EB0401E9E783F000435BE781F0004100
:1005300058E72DE9FE4F81EA030404F0004421F05E
:10054000004100944FF0000B23F0004350EA0104F7
:100550005ED052EA03045BD0C3F30A54C1F30A55D8
:100560002C44A4F2F3340194A0FB0254C1F3130110
:1005700041F48011C3F3130343F4801301FB0244DD
:1005800000FB034E840A970A44EA815447EA8357E2
:10059000A4FB076802958D0A05FB07854FEA932C9B
:1005A00004FB0C542705029D4FEA065847EA16370C
:1005B000B5EB08056EEB070C870E920E47EA811724
:1005C00042EA8312A7FB0201B6EB0B0164EB0004C5
:1005D0002B0D43EA0C335E1844EB1C50DA465146AF
:1005E000E7FB0201C5F313044FEA0B3343EA14534C
:1005F0004FEA0432019C43EA0603A4F10C0402947E
:10060000009CCDE900B400F091F903B0BDE8F08F93
:1006100000200146F9E72DE9F04D81EA030404F0DA
:10062000004B21F0004514464FF0000A23F0004132
:1006300050EA050220D054EA01021DD0C5F30A5742
:100640000246C5F31303C1F31300C1F30A5640F485
:10065000801543F48013A7EB0608101BD64608F25A
:10066000FD3873EB050002D308F1010801E0921890
:100670005B41B8F1000F03DA00200146BDE8F08DC0
:1006800000204FF48011064684460EE0171B73EBE2
:10069000050705D3121B63EB050306434CEA010C67
:1006A00049084FEA300092185B4150EA0107EDD14A
:1006B00052EA030012D082EA040083EA05010843EB
:1006C00005D0101BAB4106D20122002306E0002218
:1006D0004FF0004302E06FF0010253101AEB0600E6
:1006E0004CEB085110EB0A0041EB0B01BDE8F04D5B
:1006F00000F00DB996230022114600F0DAB80EB5CD
:1007000040F2334102910021CDE900110A460B4627
:1007100000F00CF903B000BD20F00040C10DC0F3A3
:10072000160040F400007F2901DA00207047962966
:1007300003DCC1F19601C840704796398840704784
:10074000C1F30A5210B5C1F3130140F2FF3341F473
:1007500080119A4201DA002010BD40F233439A42E0
:10076000A2F2334203DC5242FFF7FEFC10BD904080
:1007700010BD00F0004230F000400AD0C10D01F57C
:100780006071C0F3160042EA0151C20840071143EC
:10079000704700200146704701F0004330B421F05B
:1007A000004150EA010206D00A0DA2F56072C1F3C1
:1007B0001301002A02DC30BC00207047440F44EAD9
:1007C000C104C100E01830BC00EBC25000F068B8B2
:1007D00030B50B46014600202022012409E021FA11
:1007E00002F59D4205D303FA02F5491B04FA02F50E
:1007F0002844151EA2F10102F1DC30BD2DE9F05FA5
:100800000546002092469B4688460646814640247F
:100810001BE02846414647462246FFF7A5FC5346C3
:100820005A46C01A914110D311461846224600F08C
:1008300016F82D1A67EB01084F46224601200021C9
:1008400000F00DF817EB00094E41201EA4F1010441
:10085000DFDC484631462A464346BDE8F09F202A61
:1008600004DB203A00FA02F1002070479140C2F107
:10087000200320FA03F3194390407047202A06DB37
:10088000CB17203A41FA02F043EAE07306E041FA5E
:1008900002F3D040C2F1200291400843194670474C
:1008A0000029A8BF7047401C490008BF20F0010084
:1008B000704710B4B0FA80FC00FA0CF050EA010462
:1008C00004BF10BC704749B1CCF1200421FA04F4F4
:1008D00011FA0CF118BF012121430843A3EB0C01CD
:1008E000CB1D4FEA00614FEA102042BF002010BC30
:1008F000704700EBC35010440029A4BF10BC7047E0
:10090000401C490008BF20F0010010BC704710B522
:10091000141E73F1000408DA401C41F10001921822
:100920005B411A4301D120F0010010BD2DE9F04DCB
:1009300092469B4611B1B1FA81F202E0B0FA80F220
:1009400020329046FFF78BFF04460F4640EA0A002C
:1009500041EA0B0153465A46084313D0114653EA65
:10096000010019D0C8F140025046FFF7FDFB0546D3
:100970000E46504659464246FFF771FF084305D0E0
:10098000012004E020463946BDE8F08D00200543F3
:1009900046EAE0762C4337430A986305E40AA0EB65
:1009A00008000022FD0A44EA47540A3002D500201C
:1009B0000146E9E7010510196941DDE9084500191B
:1009C0006941BDE8F04DA2E7C1F30A52C1F313013A
:1009D00040F2FF3341F480119A4202DA00200146CE
:1009E000704740F233439A42A2F2334202DC524251
:1009F000FFF7BABBFFF733BF30B5041E71F1000437
:100A000004DB4FF00044404264EB0101141E73F11B
:100A1000000405DB1C464FF00043524263EB040325
:100A2000994208BF904230BD064C074D06E0E06891
:100A300040F0010394E8070098471034AC42F6D325
:100A4000FFF77AFB10A0000830A0000810B502489C
:100A500000F080FA10BD0000C400002070B504460C
:100A600000252068806800F0010018B320688068C5
:100A700020F001002168886001F026FA054613E0A5
:100A800001F022FA401B02280ED92068806800F08D
:100A9000010048B1A06A40F01000A062E06A40F096
:100AA0000100E062012070BD2068806800F0010054
:100AB0000028E5D10020F6E770B505466C6AA06A0B
:100AC00000F05000E0B9A06A40F40070A062206815
:100AD000806800F46020B0F5602F0DD1207B58B9FC
:100AE000A06A20F48070A062A06A00F4805018B957
:100AF000A06A40F00100A062204600F017FA03E06F
:100B0000206A016B2846884770BD70B505466C6A3F
:100B1000A06A40F04000A062E06A40F00400E06299
:100B2000204600F016FA70BD70B50446656A284686
:100B300000F00EFA70BD000038B504460025002014
:100B400000902068806800F0010078BB2068806811
:100B500040F0010021688860194800681949B0FB1D
:100B6000F1F0009002E00098401E009000980028EC
:100B7000F9D101F0A9F9054619E001F0A5F9401BEA
:100B8000022814D92068806800F0010078B9A06AB2
:100B900040F01000A062E06A40F00100E06200BF97
:100BA000002084F8240000BF012038BD05E0206843
:100BB000806800F001000028DFD00020F5E7000089
:100BC0000C00002040420F000EB5012016490870AD
:100BD000282000F0ADFF15A00068029000200190D1
:100BE0004FF6FF70032302AA71210090104801F014
:100BF0000FFC4FF47A70012301AA712100900C4878
:100C000001F050FA03280ED09DF8040000F008000F
:100C100018B108A004F090FD05E00020024908701A
:100C200009A004F089FD0EBD6E000020BE08000082
:100C3000380100204148543231B3F5CABCBBAFB3D0
:100C4000C9B9A6A1A30A00004148543231B3F5CA7C
:100C5000BCBBAFB3ACCAB1A3ACC7EBD6D8CAD4A1A6
:100C6000A30A000000BFFEE710B5024800F000FD37
:100C700010BD0000F400002030B590F84050012471
:100C8000AC40C56B6C60046863604468102C04D190
:100C90000468A2600468E16003E00468A16004687D
:100CA000E26030BD704772B600BFFEE7F8B504469B
:100CB00000260020009000BF94F82400012801D1F4
:100CC0000220F8BD012084F8240000BF2046FFF771
:100CD000C5FE06462046FFF72FFF0646002E69D1C7
:100CE000A06A20F4885040F00200A062022001F0C7
:100CF00005FE34490968B1FBF0F04000009002E0C5
:100D00000098401E009000980028F9D12068806863
:100D100040F008002168886001F0D6F8054616E02A
:100D200001F0D2F8401B0A2811D92068806800F031
:100D3000080060B1A06A20F0020040F01000A0623C
:100D400000BF002084F8240000BF0120B9E720681C
:100D5000806800F008000028E2D12068806840F038
:100D600004002168886001F0AFF8054616E001F044
:100D7000ABF8401B0A2811D92068806800F00400F5
:100D800060B1A06A20F0020040F01000A06200BF35
:100D9000002084F8240000BF012092E720688068CA
:100DA00000F004000028E2D1A06A20F0020040F028
:100DB0000100A06200BF002084F8240000BF30467C
:100DC0007FE700000C0000207047000038B50246A5
:100DD00000230020009000BF92F82400012801D1D8
:100DE000022038BD012082F8240000BF486807288F
:100DF00012D21068406B0C79641E04EB84051F242A
:100E0000AC40A0430D796D1E05EB85050C68AC4028
:100E100020431468606327E048680D2812D21068E8
:100E2000006B0C79E41F04EB84051F24AC40A04345
:100E30000D79ED1F05EB85050C68AC402043146867
:100E4000206311E01068C06A0C790D3C04EB840546
:100E50001F24AC40A0430D790D3D05EB85050C68C2
:100E6000AC4020431468E06208680A2812D3106876
:100E7000C0680C780A3C04EB44050724AC40A0434E
:100E80000D780A3D05EB45058C68AC40204314689D
:100E9000E0600FE0106800690C7804EB440507245B
:100EA000AC40A0430D7805EB45058C68AC40204371
:100EB000146820610868102802D00868112827D11A
:100EC000174C1068A0421ED11068806800F4000022
:100ED000F0B91068806840F400001468A0600868E9
:100EE000102815D10F4800680F4CB0FBF4F000EB50
:100EF00080004000009002E00098401E00900098A2
:100F00000028F9D104E0906A40F0200090620123AB
:100F100000BF002082F8240000BF184661E70000EF
:100F2000002401400C00002040420F0010B5044690
:100F30000548844207D105F04DF9034800F064FAF2
:100F400001200249087010BDC40000205E0000208E
:100F50007047704770B50446206805682068466889
:100F600006F0200020282DD105F00200022829D10A
:100F7000A06A00F0100018B9A06A40F40070A062E6
:100F80002068806800F46020B0F5602F13D1207BCA
:100F900088B92068406820F0200021684860A06A75
:100FA00020F48070A062A06A00F4805018B9A06A92
:100FB00040F00100A0622046FFF7B8FF6FF012007A
:100FC0002168086006F08000802839D105F004000F
:100FD000042835D1A06A00F0100018B9A06A40F4C6
:100FE0000050A0622068806800F4E040B0F5E04F57
:100FF0000DD02068406800F48060D0B92068806817
:1010000000F46020B0F5602F13D1207B88B92068F0
:10101000406820F0800021684860A06A20F4805079
:10102000A062A06A00F4807018B9A06A40F00100C4
:10103000A0622046FFF7C8FE6FF00C002168086030
:1010400006F0400040280DD105F0010050B1A06A23
:1010500040F48030A062204600F0B6F86FF0010046
:101060002168086070BD00002DE9F04104460027AA
:1010700000250026A84614B90120BDE8F081A0682B
:1010800010B1207D00B100BFA06A30B90020E0623D
:1010900084F82400204600F099F82046FFF7DEFC93
:1010A0000746A06A00F01000002873D1002F7ED1FF
:1010B000A06A20F4885040F00200A0623F4AD4E9C0
:1010C0000001904208D1E069B0F5402F02D14FF401
:1010D000002002E0E06900E0E0690143207B41EA92
:1010E00040000643A068B0F5807F02D0A0680128C8
:1010F00002D14FF4807000E000200543207D0128DC
:1011000011D1207B38B9A069401E4FF4006141EA3B
:101110004030054307E0A06A40F02000A062E06A8A
:1011200040F00100E0622068406820F469402843F4
:101130002168486020688068214908403043216860
:101140008860A068B0F5807F02D0A068012802D135
:101150004FF4807000E00020B0F5807F03D1208A3A
:10116000401E4FEA00582068C06A20F4700040EA30
:1011700008002168C8622068806812490840B042AF
:1011800009D10020E062A06A20F0020040F00100D6
:10119000A06211E00BE0A06A20F0020040F0100015
:1011A000A062E06A40F00100E062012704E0A06A6A
:1011B00040F01000A062012738465EE7003C014085
:1011C000FDF7E1FFFE0E1FFF7047000010B586B06F
:1011D0000446002002900390049005902549206861
:1011E000884245D100BF2448806940F400702249FC
:1011F00088610846806900F40070019000BF00BF5C
:1012000000BF0846806940F0040088610846806994
:1012100000F00400019000BF00BF70200290032086
:10122000039002A9154800F097FC1548154908607D
:10123000002048600021134881608021C16089003E
:1012400001618900416100218161C16100F0DCFB25
:1012500008B1FFF728FD00BF0A482062446200BFC2
:1012600000220721122001F0F7FA122001F0E4FA1F
:1012700006B010BD002401400010024000080140EB
:1012800008000240F40000202DE9F04104460D461C
:101290001646002757492068884203D056492068DF
:1012A000884205D15348001D006800F4702000E01A
:1012B000002000287ED100BF94F82400012802D12C
:1012C0000220BDE8F081012084F8240000BF204600
:1012D000FFF732FC0746002F6DD1A06A40F601618E
:1012E000884340F48070A06243492068884209D155
:1012F0004048001D006800F4702008B9012002E099
:10130000002000E0012078B1A06A20F48010A062E3
:101310002068406800F4806000B3A06A20F40050A8
:1013200040F48050A06219E0A06A40F48010A062EE
:1013300030492068884203D02F492068884205D16F
:101340002C48001D006800F4806000E0002028B1F7
:10135000A06A20F4005040F48050A062A06A00F41B
:10136000805020B1E06A20F00600E06201E0002039
:10137000E06200BF002084F8240000BF1F48216AFB
:1013800088621F48216AC8621E48216A08636FF09C
:101390000200216808602068806840F4807021683D
:1013A0008860226802F14C0133462A46206A00F028
:1013B00071FB01E01AE014E02068806800F460200E
:1013C000B0F5602F06D12068806840F4A000216845
:1013D00088600CE02068806840F480102168886094
:1013E00005E000BF002084F8240000E00127384613
:1013F00067E700000024014000280140B90A000806
:10140000290B00080B0B000870B50446002500BF2F
:1014100094F82400012801D1022070BD012084F835
:10142000240000BF2046FFF719FB0546D5B9206808
:10143000806820F4807021688860206A90F821001C
:1014400002280FD1206A00F014F8054635B9A06AC9
:1014500020F4885040F00100A06203E0A06A40F050
:101460004000A06200BF002084F8240000BF28468E
:10147000D3E70146002291F82100022808D0042079
:10148000886300BF002081F8200000BF0120704762
:101490000868006820F00E000B6818600868006893
:1014A00020F001000B68186091F84030012098404E
:1014B000CB6B5860012081F8210000BF002081F82B
:1014C000200000BF1046E2E770B50446002594F8FE
:1014D0002100022803D00420A0630125C1E0206878
:1014E000006820F00E00216808602068006820F085
:1014F0000100216808605C492068884252D95A4935
:1015000078392068884201D1012047E05649643982
:101510002068884201D1102040E0534950392068AA
:10152000884201D1801539E04F493C392068884212
:1015300001D1801432E04C4928392068884202D118
:101540004FF480302AE0484914392068884202D19B
:101550004FF4801022E044492068884201D14004C1
:101560001CE042492068884201D1012016E03F4931
:1015700014312068884201D110200FE03B49283106
:101580002068884201D1801508E038493C31206844
:10159000884201D1801401E04FF480303349091FA3
:1015A000086051E0304978392068884201D1012033
:1015B00047E02D4964392068884201D1102040E07D
:1015C000294950392068884201D1801539E02649DF
:1015D0003C392068884201D1801432E02249283900
:1015E0002068884202D14FF480302AE01E49143925
:1015F0002068884202D14FF4801022E01A49206806
:10160000884201D140041CE018492068884201D179
:10161000012016E0154914312068884201D11020BC
:101620000FE0124928312068884201D1801508E076
:101630000E493C312068884201D1801401E04FF40A
:101640008030094980394860012084F8210000BFBA
:10165000002084F8200000BF606B10B12046616B51
:101660008847284670BD0000800002400804024000
:1016700070B50446E06B05682068066894F8401071
:10168000042088402840002875D006F00400002877
:10169000FAD02068006800F0200028B920680068AF
:1016A00020F0040021680860D5492068884254D998
:1016B000D34978392068884201D1042049E0D049D3
:1016C00064392068884201D1402042E0CC49503939
:1016D0002068884201D100153BE0C9493C392068A7
:1016E000884202D14FF4804033E0C5492839206850
:1016F000884202D14FF480202BE0C1491439206880
:10170000884202D14FF4800023E0BD49206888421E
:1017100001D1C0041DE0BB492068884201D10420EA
:1017200017E0B84914312068884201D1402010E008
:10173000B44928312068884201D1001509E0B14937
:101740003C312068884202D14FF4804001E04FF4E0
:101750008020AC49091F086054E0A9497839206805
:10176000884201D104204AE0A549643920688842B2
:1017700002D1402043E04CE0A14950392068884222
:1017800001D100153BE09E493C392068884202D1D6
:101790004FF4804033E09A4928392068884202D1CA
:1017A0004FF480202BE0964914392068884202D1FA
:1017B0004FF4800023E092492068884201D1C004A0
:1017C0001DE090492068884201D1042017E08D492E
:1017D00014312068884201D1402010E08949283125
:1017E0002068884201D1001509E086493C31206813
:1017F000884202D14FF4804001E04FF480208049BC
:1018000080394860E06A002802D02046E16A8847B3
:10181000F4E094F84010022088402840002871D05D
:1018200006F002000028FAD02068006800F02000CE
:1018300040B92068006820F00A0021680860012093
:1018400084F821006E492068884254D96C4978395F
:101850002068884201D1022049E069496439206842
:10186000884201D1202042E06549503920688842F1
:1018700001D140153BE062493C392068884202D1E1
:101880004FF4005033E05E4928392068884202D185
:101890004FF400302BE05A4914392068884202D1B5
:1018A0004FF4001023E056492068884201D180049B
:1018B0001DE054492068884201D1022017E05149B7
:1018C00014312068884201D1202010E04D49283190
:1018D0002068884201D1401509E04A493C3120681E
:1018E000884202D14FF4005001E04FF400304549E6
:1018F000091F086054E0424978392068884202D1C3
:1019000002204AE057E03E4964392068884201D10C
:10191000202042E03A4950392068884201D14015E0
:101920003BE037493C392068884202D14FF40050EF
:1019300033E0334928392068884202D14FF400301F
:101940002BE02F4914392068884202D14FF400104F
:1019500023E02B492068884201D180041DE02949F9
:101960002068884201D1022017E0264914312068FE
:10197000884201D1202010E0224928312068884285
:1019800001D1401509E01F493C312068884202D14D
:101990004FF4005001E04FF400301949803948609D
:1019A00000BF002084F8200000BFA06A30B32046AA
:1019B000A16A884722E094F8401008208840284017
:1019C000E0B106F00800C8B12068006820F00E0001
:1019D0002168086094F8401001208840E16B48605D
:1019E0000120A06384F8210000BF002084F82000BB
:1019F00000BF206B10B12046216B884770BD0000EE
:101A000080000240080402400146002209B901207A
:101A100070471E4B086898420BD21D4B0868C01ACD
:101A20001423B0FBF3F08000086419480838C86339
:101A30000AE0164B0868C01A1423B0FBF3F08000CC
:101A4000086412480838C863022081F82100086839
:101A5000026843F6F0708243D1E901031843CB6872
:101A600018430B6918434B6918438B691843CB69BA
:101A7000184302430868026000208863012081F84F
:101A80002100002081F8200000BFC1E708040240C7
:101A9000080002402DE9F04104460D4616461F4657
:101AA0004FF0000800BF94F82000012802D1022066
:101AB000BDE8F081012084F8200000BF94F82100E7
:101AC00001282CD1022084F821000020A063206886
:101AD000006820F00100216808603B463246294634
:101AE0002046FFF7C9F8E06A30B12068006840F08E
:101AF0000E00216808600BE02068006820F00400F8
:101B0000216808602068006840F00A0021680860C9
:101B10002068006840F001002168086006E000BF0E
:101B2000002084F8200000BF4FF002084046BFE7C5
:101B300070B5044600F0C8F906462546681C10B189
:101B400004480078054400BF00F0BEF9801BA8429D
:101B5000FAD370BD080000202DE9F84702460023A3
:101B60009C467BE14FF0010808FA03F4D1F80080AD
:101B700008EA0400A0427DD1DFF8F4A2D1F8048085
:101B8000A8EB0A09D0453AD014DCB8F1030F50D0C5
:101B900009DCB8F1000F31D0B8F1010F1CD0B8F159
:101BA000020F49D120E0B8F1110F18D0B8F1120F8F
:101BB00042D11EE0B9F5881F25D006DCB9F5803F7B
:101BC00020D0B9F5801F37D11AE0B9F5001F18D021
:101BD000B9F5041F30D117E0D1F80CC02DE0D1F8D1
:101BE0000C8008F1040C28E0D1F80C8008F1080CF6
:101BF00023E0D1F80C8008F10C0C1EE000BF00BF00
:101C000000BF00BF00BF00BFD1F80880B8F1000FCF
:101C100002D14FF0040C0BE0D1F80880B8F1010FAD
:101C200003D14FF0080C146102E04FF0080C54612E
:101C300003E04FF0000C00E000BF00BFFF2801D818
:101C4000904601E002F104084646FF2802D84FEA18
:101C5000830803E0A3F108084FEA88084746D6F84E
:101C600000804FF00F0909FA07F928EA09080CFA71
:101C700007F900E07AE048EA0908C6F80080D1F8E0
:101C8000048008F08058B8F1805F6FD100BFDFF8A2
:101C9000E481D8F8188048F00108DFF8D891C9F835
:101CA0001880C846D8F8188008F00108CDF80080E0
:101CB00000BF00BF4FEAB9384FEA930958F82950DE
:101CC0004FEA83784FEA18794FF00F0808FA09F8BD
:101CD00025EA0805DFF8A081424502D14FF000084F
:101CE00024E0DFF89881424502D14FF001081DE061
:101CF000DFF88C81424502D14FF0020816E0DFF890
:101D00008481424502D14FF003080FE0DFF878816B
:101D1000424502D14FF0040808E0DFF870814245E7
:101D200002D14FF0050801E04FF006084FEA837931
:101D30004FEA197908FA09F848EA0505DFF85081F1
:101D40004FEA930948F82950D1F8048008F4801824
:101D5000B8F5801F0BD1DFF83C81D8F8008048EA45
:101D60000008DFF83091C9F800800AE075E0DFF87C
:101D70002481D8F8008028EA0008DFF81891C9F813
:101D80000080D1F8048008F40018B8F5001F0ED1C7
:101D9000DFF8008108F10408D8F8008048EA00085C
:101DA000DFF8F09009F10409C9F800800DE0DFF8D0
:101DB000E48008F10408D8F8008028EA0008DFF879
:101DC000D49009F10409C9F80080D1F8048008F41E
:101DD0000038B8F5003F0ED1DFF8B880A8F104084C
:101DE000D8F8008048EA0008DFF8A890A9F10409B3
:101DF000C9F800800DE0DFF89C80A8F10408D8F84D
:101E0000008028EA0008DFF88C90A9F10409C9F8DD
:101E10000080D1F8048008F48038B8F5803F0ED1F6
:101E2000DFF87080A8F10808D8F8008048EA0008B8
:101E3000DFF86090A9F10809C9F800800DE0DFF82B
:101E40005480A8F10808D8F8008028EA0008DFF8D4
:101E50004490A9F10809C9F800805B1CD1F8008002
:101E600028FA03F8B8F1000F7FF47CAEBDE8F887DC
:101E7000000011100010024000080140000C014059
:101E8000001001400014014000180140001C0140F6
:101E90000800014008040140024693680B400BB162
:101EA000012000E00020704710B5C26821EA02035B
:101EB00002EA010443EA0443036110BD0AB101616F
:101EC00001E00B040361704701480068704700009F
:101ED0000000002070B504460CB9012070BD94F8D4
:101EE0003D0028B9002084F83C00204600F0FAFBB1
:101EF000242084F83D002068006820F0010021685B
:101F000008602068006840F400402168086020688C
:101F1000006820F400402168086000F0DFFE0546FC
:101F20005C496068884206D85B48854201D201203E
:101F300007E0002005E05948854201D2012000E079
:101F40000020012800D1C9E75548B5FBF0F620680C
:101F5000406820F03F003043216848604D49606888
:101F6000884201D8701C07E04FF4967070434FF41C
:101F70007A71B0FBF1F0401C2168096A21F03F0141
:101F800008432168086243496068884214D8681E83
:101F900061684900B0FBF1F0401CC0F30B0004285D
:101FA00001D204203DE0681E61684900B0FBF1F0F9
:101FB000401CC0F30B0034E0A06838B9681E6168AB
:101FC00001EB4101B0FBF1F0401C0AE0681E6168C2
:101FD00001EBC10202EB0111B0FBF1F0401C40F437
:101FE0008040C0F30B0008B901201AE0A06848B98E
:101FF000681E616801EB4101B0FBF1F0401CC0F3C9
:102000000B000CE0681E616801EBC10202EB0111DC
:10201000B0FBF1F0401CC0F30B0040F4804040F4F2
:1020200000402168C9694CF6FF729143084321685A
:10203000C861D4E9070108432168096821F0C0019B
:10204000084321680860D4E90310084321688968BF
:1020500048F2FF329143084321688860D4E90501C2
:1020600008432168C96821F0FF0108432168C8605E
:102070002068006840F001002168086000202064AA
:10208000202084F83D000020206384F83E0000BF3B
:1020900024E70000A086010080841E0000093D00A6
:1020A00040420F002DE9FC470446894617469846F2
:1020B0000A9E00200190FFF707FF054694F83D00B7
:1020C00020286FD119230122CD492046009502F026
:1020D0003EFB10B10220BDE8FC8700BF94F83C0035
:1020E000012801D10220F6E7012084F83C0000BF5E
:1020F0002068006800F0010028B92068006840F0FE
:102100000100216808602068006820F400602168F0
:102110000860222084F83D00102084F83E00002052
:1021200020646762A4F82A80608D2085B548E0624B
:102130002B4632464946204602F06AF908B1012092
:10214000C9E7208D88B900BF002000902068406951
:10215000009020688069009000BF00BF2068006880
:1021600040F40070216808604BE0208D01281AD1EE
:102170002068006820F480602168086072B600BFA3
:1021800000200090206840690090206880690090DD
:1021900000BF00BF2068006840F40070216808603C
:1021A00062B62EE029E1208D022819D1206800684E
:1021B00040F400602168086072B600BF0020009003
:1021C00020684069009020688069009000BF00BFCF
:1021D0002068006820F480602168086062B610E022
:1021E0002068006840F480602168086000BF00201B
:1021F000009020684069009020688069009000BFCE
:1022000000BFEBE0208D03287ED8208D012815D15A
:102210002A463146204602F076FB08B101205AE7F3
:1022200020680069616A0870606A401C6062208DE5
:10223000401E2085608D401E6085CFE0208D0228E5
:102240002CD13346002270492046009502F07FFAD7
:1022500008B101203FE772B62068006840F40070C2
:102260002168086020680069616A0870606A401C23
:102270006062208D401E2085608D401E608562B6A4
:1022800020680069616A0870606A401C6062208D85
:10229000401E2085608D401E60859FE033460022F1
:1022A00059492046009502F052FA08B1012012E780
:1022B0002068006820F480602168086072B6206899
:1022C0000069616A0870606A401C6062208D401E6F
:1022D0002085608D401E60854C4800681921B0FB48
:1022E000F1F04FF47A71B0FBF1F0C0EBC00000EBFD
:1022F0008000019000BF0198401E01900198A8B98C
:1023000000202063202000E038E084F83D00002019
:1023100084F83E00206C40F02000206462B600BFCC
:10232000002084F83C0000BF0120D4E6206840690A
:10233000C0F380000028DED02068006840F4007000
:102340002168086020680069616A0870606A401C42
:102350006062208D401E2085608D401E608562B6C3
:1023600020680069616A0870606A401C6062208DA4
:10237000401E2085608D401E60852FE02A46314634
:10238000204602F0C0FA08B10120A4E620680069E6
:10239000616A0870606A401C6062208D401E208562
:1023A000608D401E608520684069C0F38000A8B140
:1023B000208D032805D12068006820F48060216802
:1023C000086020680069616A0870606A401C606289
:1023D000208D401E2085608D401E6085208D002848
:1023E0007FF410AF202084F83D00002084F83E00E8
:1023F00000BF84F83C0000BF6DE602206BE60000E1
:10240000020010000000FFFF040001000C0000208B
:102410002DE9F8430446894616461F46DDF820801C
:10242000FFF752FD054694F83D0020287ED1192380
:10243000012251492046009502F089F910B102208D
:10244000BDE8F88300BF94F83C00012801D10220C8
:10245000F6E7012084F83C0000BF2068006800F027
:10246000010028B92068006840F001002168086078
:102470002068006820F4006021680860212084F84A
:102480003D00102084F83E000020206466626785CD
:10249000608D20853948E0622B46424649462046F9
:1024A00002F052F808B10120CAE700BF00200090F6
:1024B00020684069009020688069009000BF00BFDC
:1024C00044E02A464146204602F062FA50B1206CB0
:1024D000042805D12068006840F400702168086075
:1024E0000120ADE7606A007821680861606A401CDD
:1024F0006062608D401E6085208D401E20852068B2
:102500004069C0F3800070B1208D60B1606A0078CE
:1025100021680861606A401C6062608D401E6085B1
:10252000208D401E20852A46414600E022E02046BC
:1025300002F0DAF850B1206C042805D12068006858
:1025400040F4007021680860012079E7208D0028A0
:10255000B7D12068006840F400702168086020202E
:1025600084F83D00002084F83E0000BF84F83C0061
:1025700000BF65E7022063E7020010000000FFFFD4
:102580002DE9FC5F04460F4690469946DDE90CAB09
:102590000E9EFFF799FC054694F83D0020287DD15A
:1025A000192301224D492046009502F0D0F810B1C0
:1025B0000220BDE8FC9F00BF94F83C00012801D137
:1025C0000220F6E7012084F83C0000BF2068006884
:1025D00000F0010028B92068006840F0010021687F
:1025E00008602068006820F40060216808602120ED
:1025F00084F83D00402084F83E0000202064C4F8A8
:1026000024A0A4F82AB0608D20853548E0624B46AE
:10261000424639462046CDE9006501F0F5FF08B194
:102620000120C6E731E02A463146204602F0B0F9E3
:1026300050B1206C042805D12068006840F4007077
:10264000216808600120B4E7606A007821680861A9
:10265000606A401C6062208D401E2085608D401E97
:10266000608520684069C0F3800070B1208D60B142
:10267000606A007821680861606A401C6062208D91
:10268000401E2085608D401E6085208D0028CAD1A7
:102690002A463146204602F027F800E01CE050B1FF
:1026A000206C042805D12068006840F4007021687F
:1026B000086001207DE72068006840F40070216810
:1026C0000860202084F83D00002084F83E0000BF10
:1026D00084F83C0000BF6CE702206AE702001000AB
:1026E0000000FFFF10B586B0044600200290039062
:1026F0000490059015492068884225D100BF1448F0
:10270000806940F00800124988610846806900F03D
:102710000800019000BF00BFC0200290122003906B
:102720000320059002A90B48FFF716FA00BF0848DE
:10273000C06940F400100649C8610846C06900F449
:102740000010019000BF00BF06B010BD0054004053
:1027500000100240000C014003480068034909785A
:10276000084401490860704700000020080000206C
:1027700010B50848006840F01000064908600320C2
:1027800000F0A8F80F2000F007F800F02BF8002068
:1027900010BD00000020024070B504460E480078CD
:1027A0004FF47A71B1FBF0F00C490968B1FBF0F518
:1027B000284600F01DFD08B1012070BD102C07D285
:1027C00000222146501E00F047F80548046001E051
:1027D0000120F2E70020F0E7080000200C000020B4
:1027E0000400002008B500BF1148806940F00100D6
:1027F0000F4988610846806900F00100009000BF21
:1028000000BF00BF0846C06940F08050C86108465C
:10281000C06900F08050009000BF00BF00BF0549B4
:10282000486820F0E06040F00070486000BF08BDDC
:10283000001002400000014001460846002809DB64
:1028400000F01F0301229A4043099B0003F1E0239B
:10285000C3F8002100BF70472DE9F05F80460D46A8
:102860001646002702F08CFF074639462A463346B3
:1028700001F00700C0F1070ABAF1040F02D94FF0C6
:10288000040A01E0C0F1070AD14600F1040ABAF1D6
:10289000070F02D24FF0000A01E0A0F1030AD4466C
:1028A0004FF0010A0AFA09FAAAF1010A0AEA020A31
:1028B0000AFA0CFA4FF0010B0BFA0CFBABF1010B0F
:1028C0000BEA030B4AEA0B042146404602F060FF84
:1028D000BDE8F09F00BF00F00702064B19684FF6F5
:1028E000FF031940044B0B4343EA0221014B1960DB
:1028F00000BF70470CED00E00000FA052DE9F0473D
:1029000006464FF00008002500270024A146042EAB
:1029100037D004DC012E3CD0022E6CD160E0082EB2
:1029200033D0102E67D136484468006800F08070BC
:1029300008B33448C4F38341475C04F4803078B171
:102940002F484068C0F340402F4911F8008004F43C
:10295000803040B12D48B0FBF8F000FB07F502E0F5
:102960002B4807FB00F52648406800F48000B0F5CE
:10297000800F01D1A94603E068000321B0FBF1F903
:102980003AE000F0CBF9814636E000F0C7F9814625
:1029900032E01B48046A04F44070B0F5807F05D132
:1029A00004F0020010B14FF4004918E004F4407044
:1029B000B0F5007F07D11248406A00F0020010B164
:1029C00049F640490BE004F44070B0F5407F06D171
:1029D0000B48006800F4003008B14FF224490BE0C6
:1029E00000F08CF906494968C1F38131491C49005E
:1029F000B0FBF1F900E000BF00BF4846BDE8F0873A
:102A000000100240BE7C0008CE7C000800127A0054
:102A100000093D00F8B5044600260025207800F0A6
:102A2000010000286BD000274348C06900F08050A7
:102A300070B900BF4048C06940F080503E49C8614D
:102A40000846C06900F08050009000BF00BF012719
:102A50003A48006800F48070B0B93848006840F423
:102A6000807036490860FFF72FFA064606E0FFF748
:102A70002BFA801B642801D90320F8BD2F48006879
:102A800000F480700028F2D02B48006A00F44075F2
:102A90002DB3A08800F44070A84220D02648006AD8
:102AA00020F4407501202649086000200860224873
:102AB000056205F0010090B1FFF706FA064608E04E
:102AC000FFF702FA801B41F28831884201D90320C6
:102AD000D3E71948006A00F002000028F0D0164839
:102AE000006A20F440706168084313490862012FAE
:102AF00004D10846C06920F08050C86100BF20782A
:102B000000F00200022807D10B48406820F4404042
:102B1000A168084308494860207800F01000102898
:102B200007D10548406820F48000616908430249E4
:102B300048600020A1E70000001002400070004043
:102B40004004424270B504460D460CB9012070BDE8
:102B50005A48006800F00700A8420ED257480068A3
:102B600020F007002843554908600846006800F037
:102B70000700A84201D00120E9E7207800F0020018
:102B800002281DD1207800F00400042805D14C480B
:102B9000406840F4E0604A494860207800F008004E
:102BA000082805D14648406840F4605044494860D0
:102BB0004348406820F0F000A1680843404948605D
:102BC000207800F0010078B36068012806D13C4805
:102BD000006800F4003090B90120B8E7606802286E
:102BE00006D13748006800F0007040B90120AEE718
:102BF0003348006800F0020008B90120A7E7304818
:102C0000406820F00300616808432D494860FFF7E1
:102C10005BF9064609E0FFF757F9801B41F288315E
:102C2000884202D9032092E707E02548406800F077
:102C30000C006168B0EB810FEDD12048006800F016
:102C40000700A8420ED91D48006820F0070028435D
:102C50001A4908600846006800F00700A84201D041
:102C6000012074E7207800F00400042807D11448FC
:102C7000406820F4E060E16808431149486020782A
:102C800000F00800082808D10D48406820F4605082
:102C9000216940EAC1000A49486000F03FF808494C
:102CA0004968C1F30311074A515CC84006490860EE
:102CB00006480068FFF770FD002048E7002002404A
:102CC00000100240D07C00080C000020040000200E
:102CD00001480068704700000C00002000B5FFF7B5
:102CE000F7FF04494968C1F30221034A515CC84017
:102CF00000BD000000100240E07C000800B5FFF7B6
:102D0000E7FF04494968C1F3C221034A515CC84046
:102D100000BD000000100240E07C000870B50021FA
:102D20000022002400230020134D696801F00C05E7
:102D3000F5B1042D02D0082D19D101E00F4819E09A
:102D40000F4DC1F38346AB5D01F4803555B10A4D9B
:102D50006D68C5F340450B4E725D084D5D43B5FB94
:102D6000F2F402E0084D03FB05F4204602E000BF48
:102D7000024800BF00BF70BD0010024000127A0080
:102D8000AC7C0008BC7C000800093D00F8B5044696
:102D90000CB90120F8BD207800F00100002878D09F
:102DA000F848406800F00C0004280CD0F548406852
:102DB00000F00C00082811D1F248406800F480307F
:102DC000B0F5803F0AD1EF48006800F400300028D9
:102DD0005FD0606800285CD10120DBE700BF60683D
:102DE000B0F5803F06D1E748006840F48030E549FF
:102DF000086028E0606858B9E248006820F4803034
:102E0000E04908600846006820F4802008601AE065
:102E10006068B0F5A02F0BD1DA48006840F480203C
:102E2000D84908600846006840F4803008600AE02D
:102E3000D448006820F48030D24908600846006811
:102E400020F48020086000BF606888B1FFF73CF87C
:102E5000054606E0FFF738F8401B642801D9032037
:102E600098E7C848006800F400300028F2D010E06D
:102E7000FFF72AF8054606E0FFF726F8401B64280E
:102E800001D9032086E7BF48006800F4003000281D
:102E9000F2D1207800F00200022857D1B9484068EA
:102EA00000F00C0050B1B748406800F00C00082852
:102EB00018D1B448406800F4803098B9B14800682F
:102EC00000F0020020B12069012801D0012061E753
:102ED000AC48006820F0F800616940EAC100A949E7
:102EE000086033E02069E8B10120A7490860FEF7D7
:102EF000EBFF054606E0FEF7E7FF401B022801D97D
:102F0000032047E79F48006800F002000028F2D045
:102F10009C48006820F0F800616940EAC1009949C6
:102F2000086013E0002098490860FEF7CDFF0546D1
:102F300006E0FEF7C9FF401B022801D9032029E75C
:102F40009048006800F002000028F2D1207800F0DC
:102F5000080008282DD1A069B8B101208B4908606C
:102F6000FEF7B2FF054606E0FEF7AEFF401B022863
:102F700001D903200EE78348406A00F002000028D0
:102F8000F2D0012001F0D6FF13E000207F49086055
:102F9000FEF79AFF054606E0FEF796FF401B022863
:102FA00001D90320F6E67748406A00F002000028C5
:102FB000F2D1207800F00400042873D10027714872
:102FC000C06900F0805070B900BF6E48C06940F021
:102FD00080506C49C8610846C06900F0805000907C
:102FE00000BF00BF01276A48006800F48070B0B9D4
:102FF0006748006840F4807065490860FEF764FF28
:10300000054606E0FEF760FF401B642801D9032057
:10301000C0E65F48006800F480700028F2D000BF6E
:10302000E068012806D15748006A40F00100554980
:10303000086227E0E06858B95248006A20F00100B1
:10304000504908620846006A20F00400086219E04E
:10305000E06805280BD14B48006A40F0040049495C
:1030600008620846006A40F0010008620AE045482C
:10307000006A20F00100434908620846006A20F017
:103080000400086200BFE068A0B1FEF71DFF05461E
:1030900009E0FEF719FF401B41F28831884202D94E
:1030A000032077E622E03748006A00F0020000289B
:1030B000EFD012E0FEF708FF054608E0FEF704FF38
:1030C000401B41F28831884201D9032062E62D4835
:1030D000006A00F002000028F0D1012F05D1294834
:1030E000C06920F080502749C86100BFE069C8B3BB
:1030F0002448406800F00C00082860D0E0690228ED
:1031000048D1002020490866FEF7DEFE054606E0AD
:10311000FEF7DAFE401B022801D903203AE61948DF
:10312000006800F000700028F2D1206AB0F5803FFE
:1031300007D11448406820F40030A16808431149C1
:103140004860D4E9080108430E49496821F4741124
:1031500008430C49486001200B490866FEF7B4FE9D
:10316000054607E03DE0FEF7AFFE401B022801D90F
:1031700003200FE60348006800F000700028F2D03A
:103180002FE0000000100240000042428004424252
:1031900000700040002014490866FEF795FE0546C1
:1031A00006E0FEF791FE401B022801D90320F1E55D
:1031B0000E48006800F000700028F2D111E0E069CC
:1031C000012800D1E6E50948466806F48031206A06
:1031D000814204D106F47011606A814201D001205D
:1031E000D8E50020D6E50000000042420010024071
:1031F00070B504462546681EB0F1807F01D30120DA
:103200000FE0681E4FF0E02148610F214FF0FF30C2
:1032100002F0BEFA00204FF0E0218861072008612B
:10322000002070BD7047704710B50346002200BFF4
:1032300093F83C00012801D1022010BD012083F841
:103240003C0000BF22F0FF00CC6840EA040222F4F8
:1032500040708C6840EA040222F480604C6840EAC6
:10326000040222F400600C6840EA040222F4805058
:103270000C6940EA040222F400504C6940EA04025E
:1032800022F48040CC6940EA04021868426400BF1E
:10329000002083F83C0000BF00BFCEE730B50246F7
:1032A0000B4600BF92F83C00012801D1022030BD3E
:1032B000012082F83C0000BF022082F83D00106827
:1032C00044681068816824F070041868044310682A
:1032D0004460144D1068A84213D0134D1068A842E2
:1032E0000FD01068B0F1804F0BD0104D1068A8427D
:1032F00007D00F4D1068A84203D00E4D1068A842A9
:1033000005D121F0800158680143106881600120D7
:1033100082F83D0000BF002082F83C0000BF00BFE3
:10332000C5E70000002C01400034014000040040CB
:1033300000080040000C004010B504460CB9012004
:1033400010BD94F83D0028B9002084F83C002046C8
:1033500000F026F8022084F83D00211D206801F0CD
:1033600055FE012084F8460000BF84F83E0001218C
:103370003F200155402001554120015500BF00BFAD
:10338000012084F842004320015544200155452086
:10339000015500BF012084F83D000020D0E7000067
:1033A00038B504462C49206888420DD100BF2B480F
:1033B000806940F40060294988610846806900F40A
:1033C0000060009000BF46E02068B0F1804F0DD152
:1033D00000BF2248C06940F001002049C86108468A
:1033E000C06900F00100009000BF34E01C49206873
:1033F000884216D100BF1948C06940F00200174941
:10340000C8610846C06900F00200009000BF00BF1C
:10341000002208211D20FFF71FFA1D20FFF70CFADC
:1034200019E010492068884215D100BF0B48C069D7
:1034300040F020000949C8610846C06900F020003A
:10344000009000BF00BF00220B213720FFF704FAD5
:103450003720FFF7F1F938BD002C01400010024081
:103460000004004000140040014691F83D0001288E
:1034700001D001207047022081F83D000868C06833
:1034800040F001000B68D860164B0868984213D0D2
:10349000154B086898420FD00868B0F1804F0BD0E8
:1034A000124B0868984207D0114B0868984203D025
:1034B000104B086898420CD10868806800F0070239
:1034C000062A0CD00868006840F001000B681860FC
:1034D00005E00868006840F001000B6818600020F3
:1034E000C8E70000002C0140003401400004004007
:1034F00000080040000C00402DE9F04104460D4654
:10350000002700BF94F83C00012802D10220BDE84A
:10351000F081012084F83C0000BF022084F83D00C7
:103520002068866826F0770626F47F462068866045
:103530002868502833D00CDC202850D004DC002828
:103540004BD0102851D149E0302849D040284CD1E7
:1035500039E060282DD0702807D0B0F5805F03D007
:10356000B0F5005F41D10DE041E0D5E902136A6892
:10357000206801F0AAFD2068866846F0770620687A
:10358000866034E0D5E902136A68206801F09DFD89
:103590002068806840F480402168886027E0EA68FD
:1035A0006968206801F082FE5021206801F098FDD2
:1035B0001DE0EA686968206801F08BFE60212068E0
:1035C00001F08EFD13E0EA686968206801F06EFE84
:1035D0004021206801F084FD09E000BF00BF00BF6A
:1035E0002968206801F07CFD01E0012700BF00BFD1
:1035F000012084F83D0000BF002084F83C0000BF9B
:10360000384684E7704710B5044620680069C0F367
:103610004000D8B12068C068C0F34000B0B16FF07E
:10362000020021680861012020772068806900F08D
:10363000030018B12046FFF7E5FF05E0204600F043
:1036400003F9204600F0B7F90020207720680069D0
:10365000C0F38000D8B12068C068C0F38000B0B16A
:103660006FF00400216808610220207720688069DB
:1036700000F4407018B12046FFF7C4FF05E0204673
:1036800000F0E2F8204600F096F90020207720684C
:103690000069C0F3C000D8B12068C068C0F3C000A2
:1036A000B0B16FF00800216808610420207720681D
:1036B000C06900F0030018B12046FFF7A3FF05E042
:1036C000204600F0C1F8204600F075F90020207770
:1036D00020680069C0F30010D8B12068C068C0F34A
:1036E0000010B0B16FF01000216808610820207749
:1036F0002068C06900F4407018B12046FFF782FFCF
:1037000005E0204600F0A0F8204600F054F9002023
:1037100020772068006900F0010058B12068C06877
:1037200000F0010030B16FF001002168086120460F
:1037300000F0BCF920680069C0F3C01058B12068DF
:10374000C068C0F3C01030B16FF08000216808611C
:103750002046FFF767FD20680069C0F3801058B16C
:103760002068C068C0F3801030B16FF0400021685D
:103770000861204600F0A6F920680069C0F34010F7
:1037800058B12068C068C0F3401030B16FF020001D
:10379000216808612046FFF746FD10BD10B586B0D0
:1037A000044600200290039004900590214920686F
:1037B000884217D100BF2048806940F004001E49AC
:1037C00088610846806900F00400019000BF00BFD6
:1037D000C814029002200390059002A91748FEF732
:1037E000BBF925E02068B0F1804F21D100BF12481D
:1037F000806940F00800104988610846806900F03F
:103800000800019000BF00BF082002900220039032
:10381000059002A90A48FEF79FF900BF09494868C8
:1038200020F4407040F0E06040F48070486000BFD9
:1038300006B010BD002C01400010024000080140FD
:10384000000C01400000014070472DE9F0410446A2
:103850000D461646002700BF94F83C00012802D10F
:103860000220BDE8F081012084F83C0000BF36B1A1
:10387000042E1BD0082E31D00C2E5ED145E02946F7
:10388000206801F037FC2068806940F0080021685A
:1038900088612068806920F00400216888612068C0
:1038A0008069296908432168886148E029462068C1
:1038B00001F058FC2068806940F40060216888614C
:1038C0002068806920F480602168886120688069B0
:1038D000296940EA01202168886130E02946206892
:1038E00001F07EFC2068C06940F008002168C861D2
:1038F0002068C06920F004002168C8612068C069A0
:10390000296908432168C86119E02946206801F047
:10391000A3FC2068C06940F400602168C861206889
:10392000C06920F480602168C8612068C069296985
:1039300040EA01202168C86101E0012700BF00BF03
:1039400000BF002084F83C0000BF384689E710B56E
:1039500004460CB9012010BD94F83D0028B90020A0
:1039600084F83C00204600F025F8022084F83D0051
:10397000211D206801F04AFB012084F8460000BFA9
:1039800084F83E0001213F2001554020015541208F
:10399000015500BF00BF012084F8420043200155BB
:1039A000442001554520015500BF012084F83D0009
:1039B0000020D0E77047704770B504460D4615B932
:1039C00094F83E000BE0042D02D13F20005D06E09C
:1039D000082D02D14020005D01E04120005D01285A
:1039E00001D0012070BD1DB9022084F83E000EE018
:1039F000042D03D102213F20015508E0082D03D1F9
:103A000002214020015502E00221412001550122FE
:103A10002946206801F048FB1F492068884203D0EE
:103A20001E492068884201D1012000E0002028B111
:103A30002068406C40F400402168486416492068C2
:103A4000884213D01549206888420FD02068B0F111
:103A5000804F0BD012492068884207D01149206856
:103A6000884203D01049206888420CD120688068C1
:103A700000F00706062E0CD02068006840F0010018
:103A80002168086005E02068006840F001002168B6
:103A900008600020A6E70000002C0140003401402F
:103AA0000004004000080040000C004010B504462F
:103AB000034920680968884201D103F02DFD10BD3B
:103AC00064020020704770477047000010B504463C
:103AD00000BF00BF21680C3151E8001F21F4907035
:103AE00021680C3141E80002002AF3D100BF00BF79
:103AF00000BF2168143151E8001F21F00100216846
:103B0000143141E80002002AF3D100BF206B0128E4
:103B10000ED100BF00BF21680C3151E8001F21F019
:103B2000100021680C3141E80002002AF3D100BFE7
:103B30002068406900F0400030B300BF00BF21683A
:103B4000143151E8001F21F040002168143141E890
:103B50000002002AF3D100BFE06B50B11048E16BC6
:103B60004863E06BFDF7B0FCC0B1E06B416B884788
:103B700014E00020E085202084F84200002020632B
:103B80002046FFF7A1FF09E00020E085202084F80F
:103B90004200002020632046FFF796FF002010BD62
:103BA00031530008704700002DE9F84F04462068A3
:103BB00005682068C668206847694FF00009CA4652
:103BC00005F00F09B9F1000F0AD105F0200038B156
:103BD00006F0200020B1204601F0FEFBBDE8F88F82
:103BE000B9F1000F7BD007F0010018B906F490700E
:103BF000002874D005F0010030B106F4807018B1CF
:103C0000606C40F00100606405F0040030B107F022
:103C1000010018B1606C40F00200606405F0020021
:103C200030B107F0010018B1606C40F0040060642E
:103C300005F0080048B106F0200010B907F00100B7
:103C400018B1606C40F008006064606C002845D0DA
:103C500005F0200028B106F0200010B1204601F048
:103C6000BBFB20684069C0F3801A606C00F008005C
:103C700010B9BAF1000F2CD0204601F067FB206884
:103C8000406900F0400000B300BF00BF216814315C
:103C900051E8001F21F040002168143141E8000282
:103CA000002AF3D100BFE06B50B17748E16B486365
:103CB000E06BFDF709FC88B1E06B416B88470DE0D4
:103CC0002046FFF76FFF09E009E02046FFF76AFF93
:103CD00004E02046FFF766FF002060647EE7206B6B
:103CE000012877D105F01000002873D006F01000ED
:103CF0000028FAD000BF00200090206800680090E3
:103D000020684068009000BF00BF2068406900F054
:103D1000400000285FD0E06B006840681FFA80F820
:103D2000B8F1000F55D0A08D404552DDA4F82E808B
:103D3000E06B8069202843D000BF00BF21680C31B0
:103D400051E8001F21F4807021680C3141E8000225
:103D5000002AF3D100BF00BF00BF2168143151E831
:103D6000001F21F001002168143141E80002002AFF
:103D7000F3D100BF00BF00BF2168143151E8001F1C
:103D800021F040002168143141E80002002AF3D1FB
:103D900000BF202084F842000020206300BF00BF45
:103DA00021680C3151E8001F21F0100021680C310E
:103DB00041E80002002AF3D100BFE06BFDF759FB98
:103DC00002206063A08DE28D801A81B22046FFF749
:103DD0007AFE03E742E0A08DE18D401A1FFA80F8D9
:103DE000E08DD0B3B8F1000F37D000BF00BF21681D
:103DF0000C3151E8001F21F4907021680C3141E82A
:103E00000002002AF3D100BF00BF00BF21681431B7
:103E100051E8001F21F001002168143141E800023F
:103E2000002AF3D100BF202084F842000020206344
:103E300000BF00BF21680C3151E8001F21F01000C5
:103E400021680C3141E80002002AF3D100BF0220B2
:103E5000606341462046FFF736FEBFE605F080006E
:103E600030B106F0800018B1204601F0D1FBB5E674
:103E700005F0400030B106F0400018B1204601F0D6
:103E80009BFAABE600BFA9E61D53000810B5044637
:103E90000CB9012010BDA06900B100E000BF94F88A
:103EA000410028B9002084F84000204600F02AF89C
:103EB000242084F841002068C06820F40050216864
:103EC000C860204601F006FB2068006920F490409D
:103ED000216808612068406920F02A002168486153
:103EE0002068C06840F400502168C8600020606409
:103EF000202084F8410084F842000020606300BF65
:103F0000C8E7000010B586B0044600200290039078
:103F1000049005909B492068884237D100BF9A4899
:103F2000C06940F400209849C8610846C06900F49F
:103F30000020019000BF00BF00BF0846806940F02C
:103F4000100088610846806900F01000019000BFF1
:103F500000BF08150290022003900320059002A9DB
:103F60008A48FDF7F9FD4FF40060029000200390AD
:103F7000049002A98548FDF7EFFD002208213420B6
:103F8000FEF76AFC3420FEF757FCF9E08049206810
:103F9000884243D100BF7C48C06940F480107A4910
:103FA000C8610846C06900F48010019000BF00BFDE
:103FB00000BF0846806940F01000886108468069AB
:103FC00000F01000019000BF00BF00BF08468069EC
:103FD00040F0200088610846806900F020000190D0
:103FE00000BF00BF881402900220039003200590B8
:103FF00002A96648FDF7B0FD04200290002003905E
:10400000049002A96348FDF7A7FD0022082135208E
:10401000FEF722FC3520FEF70FFCB1E05E49206878
:10402000884237D100BF5848806940F480405649E3
:1040300088610846806900F48040019000BF00BF9D
:1040400000BF0846806940F0040088610846806926
:1040500000F00400019000BF00BF4815029002204C
:1040600003900320059002A94C48FDF775FD4FF41D
:104070008060029000200390049002A94748FDF759
:104080006BFD002208212520FEF7E6FB2520FEF728
:10409000D3FB75E042492068884236D100BF3A48D8
:1040A000C06940F400303849C8610846C06900F46E
:1040B0000030019000BF00BF00BF0846806940F09B
:1040C000040088610846806900F00400019000BF88
:1040D00000BF04200290022003900320059002A953
:1040E0002E48FDF739FD082002900020039004902F
:1040F00002A92A48FDF730FD002208212620FEF7FC
:10410000ABFB2620FEF798FB3AE026492068884260
:1041100036D100BF1C48C06940F480201A49C861EC
:104120000846C06900F48020019000BF00BF00BFB6
:104130000846806940F0080088610846806900F000
:104140000800019000BF00BF0815029002200390F4
:104150000320059002A91448FDF7FEFC4FF400600F
:10416000029000200390049002A90F48FDF7F4FC90
:10417000002208212720FEF76FFB2720FEF75CFBBB
:1041800006B010BD004C004000100240001001407D
:104190000050004000140140003801400008014078
:1041A0000044004000480040000C01402DE9F84F59
:1041B00004460E46174699464FF0000A94F842000E
:1041C00020284FD106B117B90120BDE8F88F002093
:1041D0006064222084F8420000202063FDF774FE12
:1041E0008246A785E785A068B0F5805F04D1206985
:1041F00010B90025B04602E035464FF0000829E02E
:104200005346002220212046CDF8009001F030FADC
:1042100008B10320D9E745B920684068C0F3080019
:10422000A8F8000008F1020811E0A068B0F5805F6E
:1042300003D0A06828B9206918B9206840682870A0
:1042400004E02068406800F07F0028706D1CE08D5D
:10425000401EE085E08D0028D2D1202084F8420065
:104260000020B2E70220B0E770B504460D461646BE
:1042700094F8420020280BD105B10EB9012070BD81
:104280000020206332462946204601F0A1F9F6E7D6
:104290000220F4E770B50546284602F02FFC0446DC
:1042A00004EB84101B4911F83000012831D104EBD4
:1042B000841001EBC000B0F8046204EB841001EB41
:1042C000C00090F8061204EB8410124A02EBC00002
:1042D000C01C815504EB8410114601EBC000B0F8FE
:1042E0000402401C04EB841102EBC101A1F804029A
:1042F000022004EB841102EBC101487004EB84102E
:1043000002EBC00000F2062101222846FFF7ACFFB5
:1043100000BF70BD140400202DE9F84F04460E467E
:10432000174699464FF0000A94F8410020284AD1D8
:1043300006B117B90120BDE8F88F00206064212084
:1043400084F84100FDF7C0FD8246A784E784A06899
:10435000B0F5805F04D1206910B90025B04602E0B5
:1043600035464FF000081BE05346002280212046CE
:10437000CDF8009001F07CF908B10320DBE745B9E6
:10438000B8F80000C0F308002168486008F102088E
:1043900003E02878216848606D1CE08C401EE084B2
:1043A000E08C0028E0D15346002240212046CDF881
:1043B000009001F05DF908B10320BCE7202084F8EB
:1043C00041000020B7E70220B5E7704700BFFEE7D5
:1043D000014608684069C0F38020B0B16FF4806086
:1043E0000A68506100200863202081F83D00002009
:1043F00081F83E00086C40F00400086400BF002013
:1044000081F83C0000BF012070470020FCE700005D
:104410002DE9F84304460D4690461E46E76A20689B
:10442000006840F4806021680860082F04D0012FE4
:1044300002D017F5803F06D12068006840F48070F4
:104440002168086008E0206B112805D12068006809
:1044500040F4807021680860434600224FF001114B
:104460002046009600F073F960B12068006800F4FF
:104470008070B0F5807F02D14FF40070206403207B
:10448000BDE8F8832069B0F5804F05D1E8B240F06F
:1044900001002168086149E005F44070F02141EA1B
:1044A000E01021680861334642462649204600F064
:1044B000ADF908B10120E3E7E8B2216808613346AD
:1044C00042462049891F204600F0A0F908B101208A
:1044D000D6E700BF00200090206840690090206867
:1044E0008069009000BF00BF2068006840F48070C1
:1044F00021680860434600224FF0011120460096D3
:1045000000F025F958B12068006800F48070B0F51B
:10451000807F02D14FF4007020640320B0E705F4DF
:104520004070F12141EAE0102168086133464246BB
:104530000449891F204600F069F908B101209FE76E
:1045400000209DE7080001002DE9F84304460D46D0
:1045500017469846E66A082E04D0012E02D016F5BA
:10456000803F06D12068006840F4807021680860B0
:1045700008E0206B122805D12068006840F48070A4
:10458000216808603B4600224FF001112046CDF81B
:10459000008000F0DCF860B12068006800F48070F2
:1045A000B0F5807F02D14FF4007020640320BDE895
:1045B000F8832069B0F5804F04D105F0FE00216832
:1045C000086112E005F44070F02141EAE010216832
:1045D000086143463A460B49204600F017F908B1F6
:1045E0000120E4E7E8B22168086143463A460549FC
:1045F000891F204600F00AF908B10120D7E7002002
:10460000D5E70000080001002DE9F843044688467C
:1046100015469946DDE908672068006840F4807017
:1046200021680860334600224FF0011120460097B0
:1046300000F08DF860B12068006800F48070B0F57B
:10464000807F02D14FF4007020640320BDE8F8831E
:1046500008F0FE00216808613B46324621492046A9
:1046600000F0D4F808B10120F0E700BF002000906E
:1046700020684069009020688069009000BF00BFFA
:104680003A463146204600F083F950B1206C0428A8
:1046900005D12068006840F400702168086001209E
:1046A000D4E7B9F1010F03D1E8B22168086117E03E
:1046B000C5F30720216808613A463146204600F0DC
:1046C00067F950B1206C042805D12068006840F4D7
:1046D0000070216808600120B8E7E8B2216808612D
:1046E0000020B3E70200010070B504460D461646EF
:1046F00025E02046FFF76CFE08B1012070BD681C64
:10470000E8B1FDF7E1FB801BA84200D8BDB92068E5
:104710004069C0F3800090B900202063202084F815
:104720003D00002084F83E00206C40F02000206412
:1047300000BF002084F83C0000BF0120DEE72068B5
:104740004069C0F380000028D3D00020D6E72DE9CF
:10475000F04104460D4617461E46DDF8188038E045
:10476000701CA8B3FDF7B0FBA0EB0800B04200D866
:1047700076BBC5F3074001280AD120684069A9B279
:104780000840A9B2884201D101200BE0002009E0D5
:1047900020688069A9B20840A9B2884201D10120ED
:1047A00000E00020B84214D100202063202084F8CB
:1047B0003D00002084F83E00206C40F02000206482
:1047C00000BF002084F83C0000BF0120BDE8F0815C
:1047D000FFE7C5F3074001280AD120684069A9B264
:1047E0000840A9B2884201D101200BE0002009E075
:1047F00020688069A9B20840A9B2884201D101208D
:1048000000E00020B842ABD00020DFE72DE9F04106
:1048100004460D4616461F4658E020684069C0F31E
:104820008020E8B12068006840F4007021680860CA
:104830006FF480602168486100202063202084F8A4
:104840003D00002084F83E00206C40F0040020640D
:1048500000BF002084F83C0000BF0120BDE8F081CB
:10486000701C90B3FDF730FBC01BB04200D866BB94
:10487000C5F3074001280AD120684069A9B2084061
:10488000A9B2884201D101200BE0002009E0206894
:104890008069A9B20840A9B2884201D1012000E094
:1048A000002090B900202063202084F83D000020E3
:1048B00084F83E00206C40F02000206400BF0020FF
:1048C00084F83C0000BF0120C8E7FFE7C5F30740BC
:1048D00001280AD120684069A9B20840A9B28842DB
:1048E00001D101200BE0002009E020688069A9B215
:1048F0000840A9B2884201D1012000E00020002830
:104900008BD00020AAE770B504460D46164637E066
:1049100020684069C0F30010A0B16FF0100021685A
:10492000486100202063202084F83D00002084F8A6
:104930003E00206C206400BF002084F83C0000BFD3
:10494000012070BDFDF7C0FA801BA84200D8BDB998
:1049500020684069C0F3801090B9002020632020B7
:1049600084F83D00002084F83E00206C40F02000D8
:10497000206400BF002084F83C0000BF0120E0E775
:1049800020684069C0F380100028C1D00020D8E71B
:1049900070B504460D46164625E02046FFF718FD83
:1049A00008B1012070BD681CE8B1FDF78DFA801BCD
:1049B000A84200D8BDB920684069C0F3C01090B9C2
:1049C00000202063202084F83D00002084F83E0071
:1049D000206C40F02000206400BF002084F83C00E0
:1049E00000BF0120DEE720684069C0F3C010002846
:1049F000D3D00020D6E700000EB500200090019033
:104A000002901E481E49086081151D4881600121E1
:104A10000173002101754FF46021C1610020184924
:104A20004860032116480161FCF71EFB08B1FCF742
:104A30003AF9042000900120019005200290694677
:104A40000F48FCF7C3F908B1FCF72DF905200090D9
:104A50000220019069460A48FCF7B8F908B1FCF752
:104A600022F9062000900320019069460448FCF7D3
:104A7000ADF908B1FCF717F90EBD000000240140A4
:104A8000C400002008B500BF0A48406940F001009A
:104A9000084948610846406900F00100009000BFE5
:104AA00000BF002211460B20FDF7D6FE0B20FDF7BC
:104AB000C3FE08BD0010024000B585B00020019083
:104AC00002900390049000BF3048806940F01000CD
:104AD0002E4988610846806900F01000009000BFF0
:104AE00000BF00BF0846806940F02000886108468A
:104AF000806900F02000009000BF00BF00BF0846A2
:104B0000806940F0040088610846806900F0040074
:104B1000009000BF00BF00BF0846806940F0080059
:104B200088610846806900F00800009000BF00BF5F
:104B3000002240F233211648FDF7C0F9012204217A
:104B40001348FDF7BBF94FF460400190002002903C
:104B5000039001A90F48FCF7FFFF8020019000207F
:104B60000290039001A90C48FCF7F6FF40F23720B1
:104B7000019001200290002003900220049001A9DE
:104B80000348FCF7E9FF05B000BD0000001002403B
:104B9000000C0140001001400008014010B50B4816
:104BA0000B4908600B484860002109488160C160DA
:104BB0004FF480410161002141618161C161016265
:104BC000FDF788F908B1FCF76EF810BD00540040FD
:104BD00038010020801A060000B595B00020119021
:104BE0001290139014900F9010901C2108A8FBF7BE
:104BF000D2FA20216846FBF7CEFA2B482B490860F1
:104C0000052048600021294881604FF6FF71C1608E
:104C100000210161416180218161FEF78DFB08B1B6
:104C2000FCF741F84FF48050119011A91F48FEF78E
:104C300063FC08B1FCF737F81C48FEF788FE08B1A2
:104C4000FCF731F800200F9010900FA91748FEF7DD
:104C500025FB08B1FCF727F8602008900020099098
:104C60000A900C900D900E900C2208A90F48FEF7A8
:104C7000ECFD08B1FCF717F80020009001900290BD
:104C8000039004904FF4005005900020079069466F
:104C90000648FEF7C9FA08B1FCF705F80348FEF725
:104CA0007DFD15B000BD0000002C01408C010020EE
:104CB00000B58DB0002009900A900B900C900790E1
:104CC00008901C216846FBF766FA4FF080402049A7
:104CD000086040F2CF20486000211D48816040F20A
:104CE000E731C160002101618161FEF725FB08B158
:104CF000FBF7D9FF4FF48050099009A91448FEF73B
:104D0000FBFB08B1FBF7CFFF1148FEF720FE08B10F
:104D1000FBF7C9FF00200790089007A90C48FEF791
:104D2000BDFA08B1FBF7BFFF6020009000200190A2
:104D300002900490042269460548FEF786FD08B1FA
:104D4000FBF7B1FF0248FEF729FD0DB000BD0000E2
:104D5000D401002000B587B0002003900490059096
:104D600006900190029015481549086041F61F40D1
:104D7000486000211248816040F2E731C1600021A3
:104D800001618161FEF7D8FA08B1FBF78CFF4FF49F
:104D90008050039003A90A48FEF7AEFB08B1FBF769
:104DA00082FF00200190029001A90548FEF776FAE3
:104DB00008B1FBF778FF07B000BD00000004004019
:104DC0001C0200201CB50020009001900E480F49E5
:104DD000086041F61F40486000210C488160632153
:104DE000C16000218161FEF7A7FA08B1FBF75BFF04
:104DF00000200090019069460448FEF74FFA08B180
:104E0000FBF751FF1CBD00000014004064020020AD
:104E100010B50B480B4908604FF4E13048600021A1
:104E200008488160C16001610C21416100218161FC
:104E3000C161FFF72BF808B1FBF735FF10BD00008B
:104E4000004C0040AC02002010B50B480B49086034
:104E50004FF4E1304860002108488160C160016181
:104E60000C21416100218161C161FFF70FF808B198
:104E7000FBF719FF10BD000000500040F4020020B5
:104E800010B50B480B4908604FF4E1304860002131
:104E900008488160C16001610C214161002181618C
:104EA000C161FEF7F3FF08B1FBF7FDFE10BD000086
:104EB000003801403C03002010B50B480B49086046
:104EC0004FF4E1304860002108488160C160016111
:104ED0000C21416100218161C161FEF7D7FF08B15A
:104EE000FBF7E1FE10BD00000044004084030020F9
:104EF00010B50B480B4908604FF41650486000216C
:104F000008488160C16001610C214161002181611B
:104F1000C161FEF7BBFF08B1FBF7C5FE10BD000085
:104F200000480040CC03002000BFFEE700BFFEE7C2
:104F30007047000008B508490968C9084FF47A723B
:104F4000B1FBF2F14143009100BF00BF00994A1E3E
:104F500000920029F9D108BD0C000020704710B55F
:104F6000FDF7FAFB10BD00B595B028210BA8FBF7A3
:104F700012F9142106A8FBF70EF918216846FBF771
:104F80000AF901200B9000040C9000200D900120E4
:104F90000F9002201290C10313914FF4E01114916D
:104FA0000BA8FDF7F3FE08B1FBF77DFE0F2006907E
:104FB00002200790002008904FF4806009900020A4
:104FC0000A90022106A8FDF7BDFD08B1FBF76BFEB4
:104FD00002200090800302906846FDF71BFD08B197
:104FE000FBF761FE15B000BD7047000010B5024828
:104FF000FEF709FB10BD00001C02002010B502489E
:10500000FEF701FB10BD00006402002010B502682D
:10501000204B98420ED0204B98420BD0B0F1804FDD
:1050200008D01E4B984205D01D4B984202D01D4B14
:10503000984203D122F070024B681A43154B9842F4
:105040000ED0154B98420BD0B0F1804F08D0134BC7
:10505000984205D0124B984202D0124B984203D18D
:1050600022F44072CB681A4322F080034C6943EA71
:10507000040202608B68C3620B688362054B98422E
:1050800002D0054B984201D10B69036301234361B0
:1050900010BD0000002C014000340140000400401D
:1050A00000080040000C004030B501F01F0501244D
:1050B00004FA05F3046A9C430462046A01F01F05C4
:1050C00002FA05F52C43046230BD30B50C46816808
:1050D00021F47F4142EA032525432943816030BD05
:1050E0000A46816821F0700142F00703194381608C
:1050F0007047000030B5026A056A25F001050562B7
:105100004368846924F0700424F003040D682C4380
:1051100022F002028D682A43104DA84200D103E01C
:105120000F4DA84206D100BF22F00802CD682A43E5
:1051300022F00402094DA84202D0094DA84207D12D
:1051400023F4807323F400734D692B438D692B4343
:10515000436084614D684563026230BD002C0140AC
:105160000034014030B5026A056A25F01005056279
:105170004368846924F4E04424F440740D6844EAEC
:10518000052422F020028D6842EA0512124DA84241
:1051900000D103E0114DA84207D100BF22F08002E8
:1051A000CD6842EA051222F040020B4DA84202D01F
:1051B0000A4DA84209D123F4806323F400634D69AA
:1051C00043EA85038D6943EA8503436084614D6842
:1051D0008563026230BD0000002C014000340140B4
:1051E00030B5026A056A25F4807505624368C469B2
:1051F00024F0700424F003040D682C4322F40072A0
:105200008D6842EA0522124DA84200D103E0114DFB
:10521000A84207D100BF22F40062CD6842EA05220D
:1052200022F480620A4DA84202D00A4DA84209D158
:1052300023F4805323F400534D6943EA05138D6929
:1052400043EA05134360C4614D68C563026230BD23
:10525000002C01400034014030B5036A056A25F492
:10526000805505624468C26922F4E04222F440722B
:105270000D6842EA052223F400538D6843EA0533A2
:10528000084DA84202D0084DA84204D124F480441D
:105290004D6944EA85144460C2614D680564036247
:1052A00030BD0000002C01400034014030B50B46F9
:1052B0001446026A056A25F001050562816921F03C
:1052C000F00141EA041122F00A021A4381610262EC
:1052D00030BD30B50B461446026A056A25F010054C
:1052E0000562816921F4704141EA043122F0A00293
:1052F00042EA03128161026230BD000010B502482B
:10530000FEF752FC10BD0000AC02002010B50248B0
:10531000FEF74AFC10BD0000F402002070B50546FF
:105320006C6A0020E085E0842046FEF73BFC70BDFF
:1053300070B505466C6A0020E085202084F84200A4
:10534000002020632046FEF7BFFB70BD00BF00BFFA
:1053500002680C3252E8002F22F4907102680C327D
:1053600042E80013002BF3D100BF00BF00BF02686A
:10537000143252E8002F22F001010268143242E890
:105380000013002BF3D100BF016B01290ED100BF28
:1053900000BF02680C3252E8002F22F010010268B0
:1053A0000C3242E80013002BF3D100BF202180F81B
:1053B000421000210163704710B504462068C068A0
:1053C00020F040002168C860202084F84100204679
:1053D000FEF7FBFF002010BDF8B5044694F842002C
:1053E000222875D1A068B0F5805F0CD1206950B932
:1053F0000025A66A20684068C0F308003080A06AD3
:10540000801CA06215E0A56A0026A068B0F5805F48
:1054100003D0A06828B9206918B9206840682870AE
:1054200004E02068406800F07F002870A06A401CFB
:10543000A062E08D401E80B2E085002846D1206841
:10544000C06820F020002168C8602068C06820F48F
:1054500080702168C8602068406920F001002168E0
:105460004861202084F8420000206063206B0128FE
:1054700026D10020206300BF00BF21680C3151E815
:10548000001F21F0100021680C3141E80002002AC1
:10549000F3D100BF2068006800F0100010280AD186
:1054A00000BF0020009020680068009020684068DD
:1054B000009000BF00BFA18D2046FEF704FB02E074
:1054C0002046FEF7E7FE0020F8BD01E00020FBE7E4
:1054D0000220F9E770B504462168096921F44051BA
:1054E000E2681143226811612269A168114362696F
:1054F00041EA02052168C96841F20C6291432943DF
:105500002268D1602168496921F44071A269114380
:10551000226851612D4A2168914202D1FDF7EEFBCC
:1055200001E0FDF7DBFB00EBC00101EB001162685D
:105530009200B1FBF2F100EBC00202EB00126368D3
:105540009B00B2FBF3F26423B2FBF3F202EBC20363
:1055500003EB0212A1EB8201322202EB0111642261
:10556000B1FBF2F101F0F00100EBC00202EB00121E
:1055700063689B00B2FBF3F26423B2FBF3F201EB2E
:10558000021200EBC00101EB001163689B00B1FB4C
:10559000F3F100EBC00303EB00136668B600B3FB46
:1055A000F6F36426B3FBF6F303EBC30606EB031333
:1055B000A1EB8301322303EB01116423B1FBF3F16F
:1055C00001F00F0111442268916070BD0038014064
:1055D00010B5034699629A85DA8500205864222026
:1055E00083F84200186928B11868C06840F48070D8
:1055F0001C68E0601868406940F001001C68606148
:105600001868C06840F020001C68E060002010BDF1
:10561000014691F84100212828D18868B0F5805FC3
:105620000BD1086948B90A6A1088C0F308000B68F2
:105630005860086A801C086205E00B6A581C086202
:1056400018780B685860C88C401E80B2C88458B95E
:105650000868C06820F080000B68D8600868C068DF
:1056600040F040000B68D860002070470220FCE743
:105670002DE9F04104460D4617469846069E34E053
:10568000701C88B32EB1FCF71FFCA0EB0800B042E1
:105690002BD900BF00BF21680C3151E8001F21F455
:1056A000D07021680C3141E80002002AF3D100BF1C
:1056B00000BF00BF2168143151E8001F21F0010034
:1056C0002168143141E80002002AF3D100BF2020F4
:1056D00084F8410084F8420000BF002084F84000B4
:1056E00000BF0320BDE8F081FFE720680068284084
:1056F000A84201D1012000E00020B842C0D0002023
:10570000F0E7000010B50248FEF74EFA10BD0000A9
:105710003C03002010B50248FEF746FA10BD000019
:105720008403002010B50248FEF73EFA10BD0000C9
:10573000CC03002000BFFEE70FB4054B10B503A952
:10574000044A029800F00AF910BC5DF814FB00004E
:10575000CD660008C00000200FB4084B10B504A9A6
:1057600002AA039800F0FAF8044602A9002000F00B
:105770008CFC204610BC5DF814FB00008B60000818
:1057800002480068C0F30220704700000CED00E002
:1057900010B5002804DB0A07130E054A135406E06F
:1057A0000A07140E034A00F00F031B1FD45410BD48
:1057B00000E400E018ED00E002E008C8121F08C194
:1057C000002AFAD170477047002001E001C1121F82
:1057D000002AFBD1704700002DE9FF5F82B0002155
:1057E000DDE90430020DDDF840B0034318D044F683
:1057F0001050A2F2FF3242431514119801281FD015
:10580000A5EB0B00401C5FEA000A4FF000064E4F6C
:10581000DFF83891B046504615D5CAF1000413E0C0
:10582000119801244AA3012801D16FEA0B010298C3
:10583000119AC0E90031C0E9024206B0BDE8F09F0C
:10584000CBF10000DFE704460021404A491842EB53
:105850000450CDE9001012E0E00707D032463B4685
:1058600040464946FAF765FE8046894632463B4641
:1058700010461946FAF75DFE06460F466410002CE6
:10588000EAD1DDE90401DDE90023BAF1000F06DA0F
:10589000FAF74FFE42464B46FAF74BFE05E0FAF7A1
:1058A000BAFE42464B46FAF7B6FE04460E460022C2
:1058B000284BFBF7A1F803D84FF0FF30014607E073
:1058C0000022254B20463146FAF78CFDFBF77CF889
:1058D000102409E0002C0ADB0A220023FAF78EFFCD
:1058E000039B30321A55641E50EA0102F2D1641C47
:1058F000039AC4F111031444119A012A03D001221E
:1059000008430DD10AE0084304D000204FF0110BEA
:10591000119072E7A3EB0B056D1E0DE05B4504DDF6
:105920004FF0000205F1010504E003DA4FF0000238
:10593000A5F10105002AECD002981199C0E90231C5
:10594000C0E9004579E70000000014400000F03F86
:10595000300000000000F0430000E03F2DE9FF4F61
:1059600095B09B468946064600250FE2252877D14B
:1059700000242746F84A0121059400E0044316F864
:10598000013F203B01FA03F01042F7D130782A287A
:1059900011D06FF02F033078A0F13002092A16D809
:1059A000059A44F0020402EB820203EB4202104427
:1059B000761C0590EFE759F8042B0592002A03DACC
:1059C000504244F40054059044F00204761C3078B0
:1059D0002E2816D116F8010F44F004042A280DD001
:1059E0006FF02F023078A0F13003092B09D807EBB4
:1059F000870302EB4303C718761CF3E759F8047BCF
:105A0000761C30786C280FD006DC4C2817D068281C
:105A10000DD06A2814D104E0742810D07A280FD150
:105A20000DE044F400140AE044F4801401E044F46E
:105A300040147278824202D104F58014761C761CE0
:105A4000307866280BD013DC582877D009DC002882
:105A500075D04528F6D04628F4D047281AD19DE1C4
:105A600018E0632835D0642879D0652812D195E1F3
:105A7000702873D008DC6728F1D069286FD06E28B1
:105A80000DD06F2806D1B5E073282CD0752875D0BD
:105A9000782874D05A46179990476D1C75E1C4F365
:105AA0000250022809D003280DD0D9F8001004288C
:105AB0000DD00D6009F1040967E1D9F80010EA176B
:105AC000C1E90052F6E7D9F800100D80F2E70D7039
:105AD000F0E719F8041B8DF8001000208DF8010084
:105AE000EA46012003E059F804AB4FF0FF306107AC
:105AF0004FF0000102D40DE008F101018846B942DF
:105B00000FDA8045F8DB1AF808100029F4D108E014
:105B100008F1010188468142FADB1AF808100029D1
:105B2000F6D105985B46A0EB080721463846179A40
:105B300000F094FA284400EB080507E04DE029E165
:105B40000DE01AF8010B5A4617999047B8F1010871
:105B5000F7D25B4621463846179A13E142E00A2203
:105B60000092C4F302524FF0000A022A08D059F8FA
:105B700004CB032A4FEAEC710AD00DE029E02AE0B9
:105B800009F1070121F00702F2E802C1914609E09C
:105B90000FFA8CFC4FEAEC71042A03D14FFA8CFC0B
:105BA0004FEAEC71002907DA0A460021DCF1000C0B
:105BB00061EB02012D2202E0220504D52B228DF893
:105BC0000420012203E0E20701D02022F7E79046FB
:105BD00059E00A2102E010220DE010214FF0000AE6
:105BE00000910BE010224FF0000A44F00404082753
:105BF000009203E008224FF0000A0092C4F3025220
:105C0000022A05D059F804CB0021032A08D009E064
:105C100009F1070121F00702F2E802C1914605E00F
:105C20001FFA8CFC042A01D10CF0FF0C4FF0000885
:105C3000220728D5702806D0009B83F0100353EA72
:105C40000A0305D00EE040228DF80420012208E06E
:105C50005CEA010206D030228DF804208DF80500A0
:105C600002229046009B83F0080353EA0A030AD1FC
:105C70005CEA010201D1620705D530228DF80420CB
:105C80004FF001087F1E582804D034A003900EA8BE
:105C900002900DE036A0F9E753466046009AFAF705
:105CA000ADFD84460398825C0298401E029002700B
:105CB0005CEA0100F0D1029806A9081A00F1200A56
:105CC000600702D524F4803400E00127574502DD47
:105CD000A7EB0A0000E0002000EB0A010090059805
:105CE0004144401A0590E00306D45B462146179ACA
:105CF000059800F0B3F90544002706E001A85A46CC
:105D0000C05D179990476D1C7F1C4745F6DBE0038B
:105D10000CD55B462146179A059800F09FF905447B
:105D200004E030205A46179990476D1C0099481E90
:105D300000900029F5DC08E0029802995A460078A4
:105D4000491C0291179990476D1CBAF10001AAF104
:105D5000010AF1DC65E1000009280100303132332D
:105D60003435363738396162636465660000000097
:105D70003031323334353637383941424344454681
:105D80000000000000F058F90544761C3078002827
:105D90007FF4ECAD19B02846BDE8F08F620700D45F
:105DA000062709F1070222F0070CFCE80223E1466E
:105DB00003F000485FEA080C02D00FF2702C0DE0EF
:105DC0005FEA045C02D50FF2682C07E05FEAC47C4E
:105DD00002D00FF2602C01E0AFF2700C4FF0FF38F0
:105DE00023F00043CDF850C065280CD006DC4528D0
:105DF00009D046281DD047283DD13DE0662818D05F
:105E000067287ED138E00021112F01DB112000E04E
:105E1000781CCDE9000106A90EA8FFF7DDFCDDE93D
:105E20000F010E9A03910021009207F1010A0491DB
:105E30004DE04FF000400097CDE9011006A90EA8F3
:105E4000FFF7CAFCDDE90F0203920E9B11990022B5
:105E5000DDF80CA00093049211B9791C00EB010A43
:105E6000B7EB0A0004D4C0F1FF3007F1010A049037
:105E7000AAEB0700019044E0012F00DA012700217E
:105E8000112F01DD112000E03846CDE9000106A9FF
:105E90000EA8FFF7A1FCDDE90F010E9A0391002186
:105EA00004910092BA4621070CD40399514500DAB7
:105EB0008A46BAF1010F05DD009AAAF10101515C91
:105EC000302908D0B84202DA10F1040F06DA0121B5
:105ED000CDE9011015E0AAF10101E9E7002805DC90
:105EE000049901440491AAEB000102E0411C5145D0
:105EF00000DD8A460499401A401C01904FF0004092
:105F00000290200704D40198504501DBCDF80480AD
:105F100000208DF84F0002980DF14F07B0F1004FAF
:105F200025D02B200E9002984FF0020800280CDAA2
:105F3000404202902D200E9007E00A210298FAF7C5
:105F400047FC3031029007F8011DB8F10001A8F1BB
:105F50000108F2DC02980028EFD1791E0E98087033
:105F6000307800F0200040F0450007F8020D12A83C
:105F7000C01B00F107081498007800B1012000EB65
:105F80000A01019801EBE07105984144401A401E56
:105F90000590E00306D45B462146179A059800F069
:105FA0005DF805441498007818B15A46179990473F
:105FB0006D1CE00324D55B462146179A059800F036
:105FC0004DF805441CE00498002807DBDDE90301D7
:105FD000884203DD0098405C179901E01799302052
:105FE0005A469047049805F10105401C0490019819
:105FF000401E019004D12E205A46179990476D1CDF
:10600000BAF10001AAF1010ADDDC05E017F8010B85
:106010005A46179990476D1CB8F10001A8F1010884
:10602000F4DC5B462146179A0598ABE62D0000008C
:106030002B000000200000002DE9F041044600255F
:106040001E461746880404D405E039462020B04790
:106050006D1C641EF9D52846BDE8F0812DE9F0419C
:10606000044600251E469046C80301D5302700E0AF
:106070002027880404D505E041463846B0476D1C0A
:10608000641EF9D52846BDE8F0810A68531C0B60F0
:1060900010707047042003490870002002490870FE
:1060A00070470000500000205700002030B5034624
:1060B0000C461546204600F0C5FC05490860022044
:1060C00004490870044803700448057030BD00009E
:1060D00058000020500000205600002057000020EB
:1060E00000B535480078012806D0022805D00328DD
:1060F00013D004285CD146E05BE003202E490870F1
:106100002E4800684088401E2D49088001202D49F6
:10611000088000202C4908804BE028480068294965
:10612000098800EB8100408827490988884212DDF0
:106130002548008848B921490968224A128831F85F
:1061400022002249097800F00FFF1F480088401CF8
:106150001D49088016E01B480088194909888842B3
:1061600005DA18480088401C1649088007E01748DF
:106170000178002000F0F8FE04200F49087000208C
:106180001149088015E011480178002000F0ECFE6C
:1061900000200C4908800A4908800D48007818B191
:1061A00002200549087002E001200349087000E060
:1061B00000BF00BF00BD00005000002058000020BC
:1061C00052000020540000205C00002056000020F7
:1061D000570000203EB5002000900190029000BFC3
:1061E00012E0032190FBF1F201FB12015DF8211096
:1061F000154A52F820201144032290FBF2F302FBCF
:1062000013024DF82210401CB0F5967FE9DB6421A3
:106210000098B0FBF1F00D49088064210198B0FBB3
:10622000F1F00B49088064210298B0FBF1F00949B4
:1062300008800846008800F02FFC0446204600F045
:10624000E9FB054908803EBD4410002062000020A3
:1062500064000020660000206800002030B505467C
:10626000284600F04BFC0446002009E0002204EB25
:1062700084110C4B03EBC101C91C0A54411C88B2A8
:1062800004EB8411074A02EBC101B1F80412814208
:10629000ECDC002004EB841102EBC101A1F8040244
:1062A00030BD00001404002000BF011EA0F1010059
:1062B000FBD1704710B50446012220210748FBF7A7
:1062C000FDFD0748FAF7F2FC0A2094FBF0F00549BF
:1062D0000880214604A0FFF72FFA10BD000C0140F2
:1062E000C400002060000020C9E8D6C3414443B583
:1062F000C4D6DCC6DAD0D4BBE3B1A8CAB1BCE4CE04
:10630000AAA3BA2564206D73A1A30A0010B50446A0
:10631000FAF75AFC0A2094FBF0F003490880214662
:1063200002A0FFF709FA10BD6C000020C9E8D6C32F
:10633000CEC2CAAAB6C8B4ABB8D0C6F7B5C4D6DC0C
:10634000C6DAD0D4BBE3B1A8CAB1BCE4CEAAA3BA22
:106350002564206D73A1A30A0000000010B50C2174
:106360000348FDF729FB03A0FFF7E6F910BD000085
:106370008C010020B5F7D3C3626565705F706C61F6
:10638000795F62676D2829BCB4BFC9B2A5B7C5D211
:10639000F4C0D6A1A30A000010B500224FF400718A
:1063A0000C48FBF78BFD4FF47A70FBF7C1FB012221
:1063B00051020848FBF782FD4FF47A70FBF7B8FBF7
:1063C000054800F021F8054800F01EF800200449B7
:1063D000087010BD000C01403C0300208403002025
:1063E000AA00002010B504210148FDF7E5FA10BD10
:1063F000D401002010B504466FF001002168086147
:106400002046FDF731F810BD70B50546284600F06E
:1064100075FB0446052C01DC012C04DA214612A090
:10642000FFF78AF91FE0012004EB8411164A02F8F5
:10643000310004EB841102EBC1014870002004EB31
:10644000841102EBC101A1F8040204EB841002EBF9
:10645000C00000F2062101222846FDF705FF214673
:106460000AA0FFF769F970BDB4AEBFDAB3F5CABCD4
:10647000BBAFD2ECB3A3A3ACB5B1C7B0B4AEBFDA77
:10648000BAC53A256400000014040020D2D1BEAD84
:10649000BFAAC6F4B4AEBFDA2564B5C4BDD3CAD5AD
:1064A000D6D0B6CF0A00000008B5254890F81204EF
:1064B000002844D023A0FFF73FF92148B0F8142664
:1064C0004FF0FF3300F213412648FDF725FF264821
:1064D000264B274A27490090274800F06BF82548AB
:1064E0000078002824D02248007808B31F4800789C
:1064F000F0B11D480078D8B11B481C4B1C4A1D49FF
:1065000000901EA0FFF718F925A000F0A1FD41F2B0
:106510008830FBF70DFB2548FFF7A0FE0021084857
:1065200080F81214002000F001FE032020490870BA
:106530001E48FFF793FE0021014880F8121408BDA1
:1065400014040020B4D345535038323636CAD5B57A
:10655000BD536F66744150C5E4D6C3CAFDBEDDA30A
:10656000BA0000003C030020541500203415002020
:1065700014150020F414002027080020BDE2CEF6F8
:10658000CDA8D0C5CFE0B9D8CAFDBEDDA3BA25736A
:10659000202C202573202C202573202C20257300EF
:1065A00041542B5253540D0A000000008403002074
:1065B000AA0000202DE9F04781460F4615461E46E9
:1065C000DDF8208025A14846F9F722FE044640E088
:1065D000052223A12046F9F70BFE40B9611D38467C
:1065E000F9F7FDFD394620A0FFF7A6F82CE00922B7
:1065F00021A12046F9F7FCFD48B904F1090128461C
:10660000F9F7EDFD29461FA0FFF796F81CE00722D9
:1066100021A12046F9F7ECFD40B9E11D3046F9F71C
:10662000DEFD31461EA0FFF787F80DE0052221A10F
:106630002046F9F7DDFD38B9611D4046F9F7CFFD79
:1066400041461EA0FFF778F804A10020F9F7E0FD0D
:106650000446002CBCD1BDE8F087000023000000F8
:10666000737369643A000000BDE2CEF67373696427
:10667000A3BA2573200A000070617373776F726488
:106680003A000000BDE2CEF670617373776F7264FA
:10669000A3BA2573200A00007365727665723A000A
:1066A000BDE2CEF6736572766572A3BA2573200AD1
:1066B00000000000706F72743A000000BDE2CEF678
:1066C000706F7274A3BA2573200A000013B50C46CC
:1066D0004FF6FF73012269460248FDF71DFE009840
:1066E0001CBD00003C03002010B50446044800888F
:1066F00094FBF0F100FB114008B900F0FDFE10BD65
:106700006000002002200149087070476F000020DF
:1067100010B504460748007850B10748008894FB3C
:10672000F0F100FB114008B9FFF7ECFF00F006F8AC
:1067300010BD00006E0000206C0000202DE9FC4719
:1067400052480078012806D0022805D0032814D02A
:1067500004287DD137E096E04DA0006801904FF607
:10676000FF70032301AA712100904A48FBF750FEF5
:1067700010B903204549087000BF47480078401E03
:106780004549087008460078E0B90A200723434AC3
:10679000712100903F48FBF785FC68B93F480078BD
:1067A00000F08000012803D004203849087006E07A
:1067B00002203649087002E002203449087008209F
:1067C000354908705FE00024A1463448407849EA22
:1067D00000393248807849EA00193048C07849EADF
:1067E00010192E48C07800F00F0044EA00442B48EE
:1067F000007944EA00242948407904434846F9F7DF
:1068000079FF8246F9F7B5FF0546254A254BF9F78A
:1068100002FF0746F9F7C0FF234908602046F9F751
:1068200069FF07464FF09341F9F79EFD06461F4961
:10683000F9F768FD05461E49F9F75EFD1D49086038
:1068400019480068F9F795FF074600221A4B00E047
:1068500018E0F9F7C7FD0546F9F772FF1749087008
:1068600014480068F9F785FF05460022124BF9F736
:10687000B9FD0746F9F764FF114908700120034983
:10688000087000E000BF00BFBDE8FC876F0000207B
:10689000AC3300003801002082000020700000208E
:1068A0007B14AE47E17AC4407C00002000004843DE
:1068B00000004842780000200000E03F81000020F6
:1068C0008000002010B54E480078012804D002282E
:1068D0000CD0032828D11DE04FF400514948FBF7A4
:1068E000DBFA10B90220464908701EE04FF400514F
:1068F0004448FBF7D1FA48B903204149087042489F
:10690000007840F001004049087002E001203C4955
:1069100008700AE04FF400513A48FBF7BDFA01282D
:1069200001D13749087000E000BF00BF3748007848
:10693000042804D005280CD0062829D11DE04FF4E6
:1069400080413048FBF7A8FA10B905202F4908709C
:106950001FE04FF480412B48FBF79EFA48B9062010
:106960002A4908702848007840F00200264908703B
:1069700002E00420254908700BE04FF480412148D3
:10698000FBF78AFA012802D104202049087000E0B0
:1069900000BF00BF1E480078072804D008280CD08C
:1069A000092829D11DE04FF400411648FBF774FA7D
:1069B00010B90820164908701FE04FF40041114833
:1069C000FBF76AFA48B90920114908700E480078A7
:1069D00040F004000C49087002E007200C490870E0
:1069E0000BE04FF400410748FBF756FA012802D1AB
:1069F00007200749087000E000BF00BF10BD00007D
:106A0000150000200010014010000020160000209A
:106A10001700002001464FF47A7200200AE0084B6C
:106A200033F820308B4204DA054B03EB80035A889D
:106A300003E0401CB0F58C7FF1DD00BF10467047CD
:106A4000FE9A00080146082913D2DFE801F012047B
:106A500006080A0C0E1009480DE009480BE0094829
:106A600009E0094807E0094805E0094803E009484A
:106A700001E0084800BF00BF7047000062910008B5
:106A800006920008B69200084A9300087E93000818
:106A9000B6990008AA9200082DE9F84F82465046A0
:106AA000F9F72DFE80460D4A0D4BF9F742FD0646DB
:106AB00032460B4600200B49F9F7ADFD0446F9F7C5
:106AC0006BFE834608495846F9F716FC0446F9F769
:106AD00023FE80B200900098BDE8F88F9A999999AA
:106AE0009999F13F0088634100401C4502480068C5
:106AF000806B80B270470000D40100200146002066
:106B00000F4B0A681B689A4200D101200D4B0A689E
:106B10001B689A4200D102200B4B0A681B689A42FC
:106B200000D10320094B0A681B689A4200D1042057
:106B3000074B0A681B689A4200D105207047000085
:106B40003C03002084030020CC030020AC02002082
:106B5000F4020020012047E000EB8011244A12F8E3
:106B6000311001293ED100EB801102EBC1014978BF
:106B7000012906D0022905D003290BD004292FD1E1
:106B80001FE02EE0032100EB8012194B03EBC20241
:106B9000517026E000EB8011154A02EBC101B1F8FB
:106BA000041202290CDD042100EB8012104B03EBD0
:106BB000C2025170012100EB801203EBC2029170FE
:106BC0000FE000EB80110A4A02EBC101897831B96C
:106BD000012100EB8012064B03EBC202517000E072
:106BE00000BF00BF411CC8B20528B5DB70470000DC
:106BF000140400200149086870470000E8F7FF1FEF
:106C00000C4909880A2291FBF2F10B4A11801146C6
:106C100009880A39014488B2064909880A2291FB89
:106C2000F2F190FBF1F201FB120111B90121034ACB
:106C300011707047B4000020B8000020B60000209A
:106C4000FBF796FDFEF78FF9FDF736FFFDF71AFF0C
:106C5000FEF716F9FEF77EF8FEF72AF8FEF7B2F80F
:106C6000FEF72AF9FEF7D4F8FEF7EEF8FEF740F942
:106C7000FDF794FFFDF7B0FFFDF7BEFE00F048FC06
:106C800001E000F04DFCFCE770B5002415E004F1D4
:106C9000B001C8B200F038F9002000F035F910203A
:106CA00000F032F9002504E0002000F045F9681CEE
:106CB000C5B2802DF8DB601CC4B2082CE7DB70BDC8
:106CC0003EB501201B490870002400BF1EE04FF4B0
:106CD00080710122184820441346CDE9012100901B
:106CE000002278211548FBF74BFC00280CD000202F
:106CF0001049087012A0FEF71FFD1DA0FEF71CFD35
:106D000026A0FEF719FD3EBD601CC4B21B2CDEDBC5
:106D10000848007858B12DA0FEF70EFDFFF7B4FF2C
:106D20000020082380220146009000F06BF800BF8D
:106D3000E9E7000031000020320000203801002087
:106D40000A0A6F6C6564B3F5CABCBBAFCAA7B0DCF6
:106D5000A3ACC7EBBCECB2E94F4C4544C6C1C4BBC5
:106D6000CAC7B7F1C1ACBDD32121210A0000000080
:106D70006F6C6564B3F5CABCBBAFCAA7B0DCA3AC8B
:106D8000C7EBBCECB2E94F4C4544C6C1C4BBCAC753
:106D9000B7F1C1ACBDD32121210A00006F6C65643D
:106DA000B3F5CABCBBAFCAA7B0DCA3ACC7EBBCECA5
:106DB000B2E94F4C4544C6C1C4BBCAC7B7F1C1AC68
:106DC000BDD32121210A0A0A000000006F6C65640E
:106DD000B3F5CABCBBAFB3C9B9A6A1A30D0A0000E5
:106DE00070B504460D4605F1B001C8B200F08CF84C
:106DF000102141EA141000F087F804F00F0000F0B1
:106E000083F870BD2DE9F04782460F461546984637
:106E1000DDF8209000265AE039467A1CD7B2504659
:106E2000FFF7DEFF06FB05F084B24AE0B9F10C0F74
:106E300043D2DFE809F0060B10151A1F24292E3360
:106E4000383D2549085D00F077F837E02349085DB3
:106E500000F072F832E02249085D00F06DF82DE094
:106E60002049085D00F068F828E01F49085D00F03F
:106E700063F823E01D49085D00F05EF81EE01C4940
:106E8000085D00F059F819E01A49085D00F054F85F
:106E900014E01949085D00F04FF80FE01749085D4C
:106EA00000F04AF80AE01649085D00F045F805E0F0
:106EB0001449085D00F040F800E000BF00BF601C0E
:106EC00084B206FB0550A042B0DC701C86B2464579
:106ED000A2DBBDE8F087000092860008928A0008D5
:106EE000128B0008928B0008128C0008928C00080C
:106EF000128D0008928D0008128E0008928E0008F4
:106F0000128F0008928F000801B584B008480078FD
:106F100060B14FF48070012104AA0B46CDE9002135
:106F20000290002278210348FBF72AFB05B000BD40
:106F3000310000203801002001B584B008480078F5
:106F400060B14FF48070012104AA0B46CDE9002105
:106F50000290402278210348FBF712FB05B000BDE8
:106F6000310000203801002010B50A46B0F5837FBB
:106F700003DB44F62063984207DD00230C4C2468B1
:106F800023640B4C2468636210E00A4BB3FBF0F3FC
:106F90005B1E99B200BF064B1B68D962044BD960D7
:106FA00000BF41FA02F3024C2468236410BD0000C4
:106FB0008C010020001BB700F0B5C1B004460025CD
:106FC000002626E04FF4807101A8F9F7E4F80025C7
:106FD000204600F03DF82046F9F7FAF887B2B81DD0
:106FE00082B201A841194FF4FA630C48FDF7DEF8AC
:106FF00050B901A90AA0FEF79FFB0FA101A8F9F75C
:10700000D5F828B1012606E001A90CA0FEF794FBF3
:1070100000BF002ED6D000BF41B0F0BD84030020D9
:10702000B4AEBFDA32CAD5B5BDCAFDBEDDA3BA253E
:1070300073200D0A000000004F4B0000D4DA2573C6
:10704000D6D0CEB4D5D2B5BD4F4BA3BA0D0A0000F1
:1070500070B504462046F9F7BBF885B2022108480E
:10706000FAF722FF2A46214606A0FEF765FB4FF4F9
:107070007A732A4621460A48FDF74EF970BD000092
:10708000000C0140B7A2CBCD4154D6B8C1EEA3BA93
:10709000257320A3ACB3A4B6C820256420A1A30007
:1070A0008403002070B586B004462046F9F790F8B6
:1070B00085B22A460FA101A8FEF74EFB01A8F9F7F9
:1070C00087F886B24FF47A73324601A90D48FDF76E
:1070D00023F90D48FFF7E8F82A4621460BA0FEF7F2
:1070E0002BFB4FF47A732A4621460648FDF714F924
:1070F00006B070BD41542B43495053454E443D2585
:10710000640D0A0084030020FFFF0F00CFF24553F7
:107110005038323636B7A2CBCDCAFDBEDDA3BA2574
:107120007320B3A4B6C825640A00000010B5044655
:1071300026A02B4908602BA048602BA088602E4811
:10714000007848B12D48007830B12C4B2A4A2CA148
:107150003248FEF701FB0BE024B931A12F48FEF7BE
:10716000FBFA05E0324B334A25A12C48FEF7F4FA2E
:107170002A481B49486130A11948816131A1C16188
:107180003448007848B13448007830B1324B314A45
:1071900032A13948FEF7E0FA05E0384B384A2FA112
:1071A0003548FEF7D9FA34480D4988620DA10C48DC
:1071B000C16234A1016303203749087000203749B8
:1071C000087001203649087010BD000041542B435F
:1071D000574D4F44455F4445463D310D0A00000080
:1071E000741500204F4B0000535441C4A3CABDC9BD
:1071F000E8D6C3B4EDCEF300F4140020141500203B
:1072000041542B43574A41505F4445463D22257324
:10721000222C222573220D0A00000000BC1600203B
:1072200041542B43574A41505F4355523F0D0A008A
:107230008D000020840000205749464920474F54C4
:1072400020495000BCD3C8EBCDF8C2E7CAB1B4EDB9
:10725000CEF30000341500205415002041542B4378
:10726000495053544152543D22544350222C22251C
:1072700073222C25730D0A00FC160020A2000020AA
:1072800096000020C1ACBDD3544350B7FECEF1C62A
:10729000F7B4EDCEF3000000A9000020A800002004
:1072A000A700002010B55648007818B1544800785F
:1072B00003286FD153480078012806D0022811D046
:1072C00003283DD004280CD17FE04F49097801EB19
:1072D00081014E4A52F82100FFF7BAFE02204949C7
:1072E00008708AE04A4890F81204B0B14FF4FA707E
:1072F0004849086003204349087047494748F8F760
:107300006EFF464946A0FEF717FA4A48FEF7A6FF69
:1073100000213F4880F8121411E03E480068401EEA
:107320003C4908600846006848B943A0FEF704FAE3
:107330000120344908704FF4FA70364908605CE067
:107340003148007800EB8000304901EB8000446850
:1073500021463248F8F72AFF30B104202949087045
:107360000020384908602FE002202649087035487F
:107370000068401C334908600846016832A0FEF7E7
:10738000DBF93048006805281ED92048016B2D48DC
:10739000026800E032E02FA0FEF7CEF937A0FFF739
:1073A00057FE6FF07E40FEF77FFF2248FEF756FF44
:1073B0000021174880F81214012012490870FFF7C5
:1073C000B5FE00201F49086017E001200D49087034
:1073D0000D480078401C0C490870084600782A497E
:1073E0000978884208D104200549087027A0FEF7D3
:1073F000A3F92BA0FFF756FE00BF00BF10BD000091
:10740000AA000020A7000020A8000020741500207A
:1074100014040020AC000020270800203C160020A7
:10742000B4AEBFDA32CAD5B5BDCAFDBEDDA3BA253A
:107430007300000084030020B5C8B4FDB3ACCAB12A
:10744000A1A30A00B00000206572726F72A3BA2572
:10745000640A000025732CB4EDCEF3B4CECAFDB996
:10746000FDB6E0A3BA2564A3ACD2D1BEADD6D8C6D2
:10747000F4455350383236360A00000041542B523E
:1074800053540D0A00000000A90000204553503855
:10749000323636C9E8D6C3CDEAB1CFA1A30D0A0072
:1074A00048656C6C6F202C207468697320697320A8
:1074B000455350383236360010B50446B4F57A7F5D
:1074C00003DB04A0FEF738F902E00A480068846391
:1074D00010BD000050574DB2CECAFDB4EDCEF3A39F
:1074E000ACD6BBC4DCD4DA302D393939D6AEBCE4E5
:1074F000A1A30A00D401002010B54FF496720249EE
:107500000248F9F7C1FE10BD44100020C40000205D
:1075100010B500F0A3F910BD10B500F023FB10BDAD
:1075200010B500F0B1FA10BD10B590B02048FCF7CE
:10753000CDFA00224FF400711E48FAF7BFFC4FF459
:107540007A70FAF7F5FA012251021A48FAF7B6FCF6
:1075500040F6B830FAF7ECFA17A0FFF72DFD6420DB
:10756000FAF7E6FAFFF746FB0446224617A16846FB
:10757000FEF7F2F86846FFF71FFD6420FAF7D8FA25
:107580001CA0FFF719FD6420FAF7D2FA1DA0FFF73F
:1075900013FD6420FAF7CCFA022020490870044851
:1075A000FEF732FF1EA0FEF7C7F810B010BD0000B6
:1075B00084030020000C014041542B43574D4F449D
:1075C000455F4445463D320D0A00000041542B43BF
:1075D000575341505F4445463D2225303878222C90
:1075E000223132333435363738222C352C340D0ADB
:1075F0000000000041542B4349504D55583D310D7A
:107600000A00000041542B434950534552564552FD
:107610003D312C373737370D0A000000AA00002013
:10762000B5C8B4FDCDF8C2E7CDA8D0C5B2CECAFD6D
:10763000D6D0A1ADA1AD0A002DE9F04F85B08246AC
:1076400073A15046F8F7B2FD044673A15046F8F70F
:10765000ADFD054673A15046F8F7A8FD064674A196
:107660005046F8F7A3FD074674A15046F8F79EFD73
:107670008046ECB173A12046F8F798FD0446607887
:10768000302805D1002210216F48FAF717FC0FE0CF
:107690006078312805D1012210216B48FAF70EFCE1
:1076A00006E06078322803D110216748FAF7FCFB26
:1076B000EDB164A12846F8F779FD054668783028D1
:1076C00005D1012211466048FAF7F8FB0FE068780F
:1076D000312805D1002201215B48FAF7EFFB06E0D3
:1076E0006878322803D101215748FAF7DDFBEEB163
:1076F00054A13046F8F75AFD06467078302805D177
:10770000002204215048FAF7D9FB0FE070783128A5
:1077100005D1012204214C48FAF7D0FB06E070782D
:10772000322803D104214848FAF7BEFBEFB145A146
:107730003846F8F73BFD07467878302805D1012216
:1077400002214148FAF7BAFB0FE07878312805D1D9
:10775000002202213C48FAF7B1FB06E07878322893
:1077600003D102213848FAF79FFBB8F1000F23D06C
:1077700034A14046F8F71AFD80464046F8F728FD48
:10778000032819D998F8010030386421484398F843
:107790000210303901EB810100EB410198F8030040
:1077A000303808441FFA80F9494628A0FDF7C4FF85
:1077B0004846FFF781FE00BFFFF798F98146022196
:1077C0002148FAF769FB08B9012000E000200421F4
:1077D00004901D48FAF760FB012103901A48FAF75C
:1077E0005BFB08B9012000E0002083461021164809
:1077F000FAF752FB02900498CDE900095A46164860
:10780000DDE90213FDF798FF05B0BDE8F08F000039
:1078100072656C61793A00006C65645F7265643A08
:10782000000000006C65645F677265656E3A000079
:107830006C65645F79656C6C6F773A0070776D3A50
:10784000000000003A000000000C014070776D203D
:1078500069732025642E0A00CC9F000810B540F6FD
:10786000B8300E4908800E48FEF7C4FD0DA0FDF7A4
:1078700063FFFEF7B7FDFEF771FDFFF721FA07483A
:107880000088FEF717FD05480088FEF73FFDFEF76C
:1078900083FD0020FFF74AFC10BD0000B40000206B
:1078A00064020020D2D1BEADBFAAC6F4D7B4CCAC1E
:1078B000BBFAB6A8CAB1C6F7D6D0B6CFA1A30A0004
:1078C0002DE9FC4145480078002874D04FF4004170
:1078D0004348FAF7E1FA08B9012000E00020044625
:1078E0004FF480413E48FAF7D7FA08B9012000E08A
:1078F000002005464FF400513948FAF7CDFA08B98F
:10790000012000E00020064623462A46314635A0E5
:10791000FDF712FF3148007800F0010078B139A07E
:10792000FDF70AFF01203E49087004213D48FAF79F
:10793000BBFA2A48007880F00100284908702748DF
:10794000007800F0020060B137A0FDF7F5FE0121DC
:107950003448FAF7A9FA2148007880F002001F495C
:1079600008701E48007800F0040060B132A0FDF7F6
:10797000E3FE02212B48FAF797FA1848007880F0C6
:10798000040016490870FFF7B1F8044602212548A3
:10799000FAF782FA08B9012000E000200646042127
:1079A0002048FAF779FA074601211E48FAF774FAD7
:1079B00010B9012001E00EE0002005461021194811
:1079C000FAF76AFA80463B462A4641461EA0CDE9B0
:1079D0000064FDF7B1FEBDE8FC810000100000204E
:1079E000001001406B6579313A2564202C206B65CD
:1079F00079323A2564202C206B6579333A2564204E
:107A00002E200A00B0B4CFC2C1CBB0B4BCFC31A1AF
:107A1000A3C5E4D6C3736F667441500A000000002A
:107A2000AA000020000C0140B0B4CFC2C1CBB0B45A
:107A3000BCFC32A1A30A0000B0B4CFC2C1CBB0B429
:107A4000BCFC33A1A30A000072656C61793A25641D
:107A5000202C206C65645F7265643A2564202C20BC
:107A60006C65645F677265656E3A2564202C206CD6
:107A700065645F79656C6C6F773A2564202C2070A3
:107A8000776D3A2564200A002DE9F043C9B0FFF76D
:107A900017FF2B480078012802D1FFF745FD4BE086
:107AA00027480078022802D1FEF7FEFC44E0244873
:107AB0000078042840D100F07DF822480078A0B377
:107AC000FFF798F8814680211F48FAF7E5F9044648
:107AD0001E480068F8F74DFE05460E461C48006833
:107AE000F8F747FE074688461A4800881A49098869
:107AF0001A4A1288CDE90078CDE90256CDE906048C
:107B0000CDE904214A46164909A8FDF725FE09A832
:107B1000FFF7C8FA10480088B0F5FA6F06DD0122B9
:107B200011460820FEF7C2FA02E005E0FEF7B2FABD
:107B300000200449087000BF49B0BDE8F083000090
:107B4000AA000020B6000020000801407C000020B0
:107B500078000020640000206200002068000020FF
:107B6000649F000810B51248008841F27071884285
:107B700003DD01200E49088004E00D480088401C08
:107B80000B490880FFF78EFB09480088FFF738F89B
:107B900007480088FEF7A8FD05480088FEF7B8FDF5
:107BA000FEF7D8FFFEF78EFEFEF79AFA10BD000032
:107BB000BA00002010B5224890F8120400283DD0E9
:107BC000204C21A12046F8F7F1FA18B12046FFF722
:107BD00033FD2BE01EA12046F8F7E8FA18B11EA0ED
:107BE000FDF7AAFD22E020A12046F8F7DFFAE8B968
:107BF00020A12046F8F7DAFAC0B920A12046F8F70C
:107C0000D5FA20B91FA12046F8F7D0FA28B1FEF71F
:107C1000C3FB0020FFF78AFA08E00948B0F8140611
:107C2000052803DD21461CA0FDF786FD1E48FEF752
:107C300015FB0021024880F8121400BF10BD00009F
:107C400014040020270800202B49504400000000A5
:107C500053454E44204F4B00CAFDBEDDB7A2CBCDED
:107C6000B3C9B9A6A1A30A0041542B4349505345B7
:107C70004E4400005265637600000000434C4F53B1
:107C8000454400006C696E6B206973206E6F742030
:107C900076616C6964000000D2ECB3A3CAFDBEDD5E
:107CA000A3BA2025730A0000840300200203040500
:107CB000060708090A0B0C0D0E0F10100102020333
:107CC0000405060708090A0B0C0D0E0F101001021F
:107CD000000000000000000001020304060708097C
:107CE000000000000102030400000000000000008A
:107CF0004C400000000202020000207C28283E20A8
:107D0000006C4A7424000C523C7C5270304C7A6CEB
:107D100050400002000000000000007C8200004291
:107D20003C00000000183810180000001018100067
:107D300000C0000000000808080808080040000013
:107D40000000004030080600007C42427C00000039
:107D5000447C0000006462524C000064424A7C0093
:107D60000010287C2000006C4C4C7000007C4A4ABB
:107D700074000004641C0400007C4A527C00005C17
:107D800052523C000000484800000000C8000000BB
:107D9000001828244200001818181800004224284F
:107DA0001800000462520C0018647A566C184030B7
:107DB0001C1C7000007C54545C2018644242422415
:107DC000007C44442418007C54544400007C141467
:107DD0001C04384442426400007C10107C00000007
:107DE0007C440000808080FC0400007C083440005B
:107DF000007C40404000704C70107C00007C0810FB
:107E00003C00186442424438007C14140C0438448A
:107E10006242C438007C14146C00004C4A52740056
:107E200004047C040404007C40407C00000C3030DE
:107E30000C00003C143C1C0400442838440000049E
:107E4000780804000064544C44000000FE82800066
:107E5000000608304000008082FE000000010101A1
:107E600001008080808080800001010000000060AF
:107E700058587040007E48487000007048484000E4
:107E8000007048487E4000706868500000087C0C14
:107E90000C0000F0E8E8D808007E08087000000830
:107EA00078400000008080887A00007E103848000A
:107EB00000007E4000007848487048700878080844
:107EC000700000704848700008F848487000007062
:107ED0004848F000084870080800005058686800DA
:107EE00000087C4848000878404078400818202066
:107EF00018000838283838080048383848000098F2
:107F0000A06018080048685848000000007E800003
:107F1000000000FF000000807E0000000001010260
:107F2000020000000000000000000000000000004F
:107F30000000000000F80000000000000033000016
:107F4000000000100C02100C0200000000000000F5
:107F500000000040C07840C0780000043F04043FA7
:107F6000040000708888FC08300000182020FF21E1
:107F70001E00F008F0806018000000310C031E2184
:107F80001E0000F00888700000001E21232C192715
:107F9000211000120E000000000000000000000090
:107FA0000000000000E01804020000000007182094
:107FB000400000020418E000000000402018070004
:107FC0000000404080F0804040000202010F0102AA
:107FD000020000000000E0000000000101010F01AC
:107FE000010100000000000000000090700000008F
:107FF000000000000000000000000001010101017C
:10800000010000000000000000000030300000000F
:10801000000000000000C0380400006018070000E5
:10802000000000E010080810E000000F10202010F1
:108030000F0000001010F8000000000020203F207A
:108040002000007008080808F000003028242221D1
:108050003000003008080888700000182021212214
:108060001C000000804030F8000000060524243F7A
:10807000242400F88888880808000019202020118E
:108080000E0000E0108888900000000F11202020D2
:108090001F0000180808886818000000003E010052
:1080A00000000070880808887000001C222121222E
:1080B0001C0000F008080810E00000011222221144
:1080C0000F00000000C0C0000000000000303000C1
:1080D00000000000008000000000000000E0000040
:1080E0000000000080402010080000010204081079
:1080F00020000040404040404000000202020202D6
:108100000200000810204080000000201008040237
:108110000100007048080888700000000030370037
:108120000000C030C828E810E000071827282F28D2
:1081300017000000C038E0000000203C23020227A6
:10814000382008F8888888700000203F20202011FF
:108150000E00C0300808080838000718202020103A
:10816000080008F808080810E000203F2020201030
:108170000F0008F88888E8081000203F20202320FE
:10818000180008F88888E8081000203F2000030045
:108190000000C03008080838000007182020221E00
:1081A000020008F808000008F808203F210101211A
:1081B0003F20000808F8080800000020203F202089
:1081C000000000000808F8080800C08080807F00D8
:1081D000000008F888C028180800203F2001263831
:1081E000200008F8080000000000203F2020202088
:1081F000300008F8F800F8F80800203F013E013F81
:10820000200008F830C00008F808203F20000718B8
:108210003F00E01008080810E0000F102020201098
:108220000F0008F808080808F000203F21010101AC
:108230000000E01008080810E0000F102828305057
:108240004F0008F8888888887000203F2000030CC1
:1082500030200070880808083800003820212122CA
:108260001C00180808F8080818000000203F20002B
:10827000000008F808000008F808001F202020204F
:108280001F000878880000C83808000007380E0171
:10829000000008F800F800F8080000033E013E0363
:1082A0000000081868808068180820302C03032C10
:1082B00030200838C800C83808000000203F2000DF
:1082C000000010080808C83808002038262120209F
:1082D0001800000000FE020202000000007F404083
:1082E0004000000438C00000000000000001063813
:1082F000C00000020202FE000000004040407F007B
:108300000000000004020204000000000000000061
:10831000000000000000000000008080808080805D
:108320008080000202040000000000000000000045
:108330000000000080808000000000192424123F0B
:10834000200010F0008080000000003F112020116C
:108350000E000000008080800000000E1120202010
:108360001100000080808090F000001F202020106D
:108370003F200000808080800000001F24242424EF
:108380001700008080E0909020000020203F2020F7
:1083900000000000808080808000006B94949493A3
:1083A000600010F0008080800000203F210000204D
:1083B0003F2000809898000000000020203F2020EF
:1083C0000000000000809898000000C08080807F3E
:1083D000000010F0000080808000203F240629303B
:1083E0002000001010F8000000000020203F202096
:1083F00000008080808080808000203F20003F201F
:10840000003F8080008080800000203F210000200D
:108410003F200000808080800000001F202020205E
:108420001F00808000808000000080FF91202011CC
:108430000E000000008080008000000E11202091BE
:10844000FF80808080008080800020203F212000ED
:1084500001000000808080808000003324242424D8
:108460001900008080E0808000000000001F2020B4
:1084700010008080000000808000001F202020105D
:108480003F20808080008080800000030C300C033F
:1084900000008080008080008080010E300C073852
:1084A000060100808080008080000020310E2E3187
:1084B00020008080800000808080008186781806FF
:1084C000010000808080808080000021302C2221EB
:1084D00030000000000000FC020200000000013E2D
:1084E000404000000000FF00000000000000FF000E
:1084F00000000202FC000000000040403E010000BD
:10850000000000020102020402000000000000005E
:10851000000000FCFC246484E43444C484F414FCAF
:10852000FC0000FFFF100C070F14180E030E487F0D
:108530007F000000007E56D65656565656567E0090
:1085400000000000165249492733190D4341713F7D
:1085500000000000080888E8784E48484848C8C825
:10856000080000060201007F0A0A0A0A0A4A7F3F41
:10857000000000809C880008E86E6C78786E6AE8DD
:1085800008000040203F20405F5555555555555F28
:10859000400000F03820FE2020701CDE3818F8184B
:1085A000F80000040406FF020244673118474170D6
:1085B0003F000004FC2424FC0410161CF0181E10BC
:1085C000100000101F1109FF084161390F0D3161C2
:1085D000C10000FCFC246484E43444C484F414FC2E
:1085E000FC0000FFFF100C070F14180E030E487F4D
:1085F0007F00006078CC6020383848484E484848B2
:108600003800004C66252424423212C27E02023217
:10861000620000808040A0B098868C98B0E040C096
:108620008000000000FE262626262626267E7E00C6
:1086300000000080848484FCFC848484FC84848422
:10864000800000414161311F030101017F010101EF
:1086500001000000203C2420E03E2020243C282073
:10866000200000101048C643472D393129474340A8
:108670004000002020FE202000FC24E4242424E4E8
:108680000400000C03FF0143729FC0633E18276182
:10869000400000000000000000000000000000009A
:1086A00000000000000080C0F0FCFEFEFEFCFCF8B4
:1086B0007810000000000000000000000000000032
:1086C00000000000000000000000000000000000AA
:1086D000000000000000000000000000000000009A
:1086E000000000000000000000000018F8F8F8FC8E
:1086F000FCFCFEFEF8800000000080E0F8FEFEFCBE
:10870000FCFCFCF8781800000000000000000000ED
:1087100000000000000000007C7F7F7F7F7F7F7F64
:108720007FFFFFFFFFFFFFFFFFFFFFFF7F7F7F7FD9
:108730007F7F7F7F7F7F7F7F7F7F7F7F7F7F7F7F49
:108740007F7F7F7F7F7F7F7F7F7F7F7F7F7F7F7F39
:108750007F7F0F000080E0E0E0C0808080000000AC
:108760000000607F7F7F7F7F7F7F7F7F7F7F7F7F36
:108770007F7F7F7F7F7FFFFFFFFFFFFFFFFFFFFF09
:108780007F7F7F7F7F7F7F7F7F7F7F7F7F7F7F1F59
:1087900000000000000000000000000080E0F0FC8D
:1087A000FEFFFFFFFFFFFFFFFFFFFDFCFCFCFCFCEB
:1087B000FCFCFCFCFCFCFCFCFCFCFCFCFCFCFCFCF9
:1087C000FCFCFCFCFCFCF8F8F8F0F0F0E0600000C9
:1087D0000000001C1F3F3F7FFFFFFFFFFFFFFEFE6B
:1087E000FCFC783000F0F0F0F8F8F8F8FCFCFCFC49
:1087F000FCFCFCFCFCFCFFFFFFFFFFFFFFFFFFFC9E
:10880000FCFCFCFCF8F8F8F8F0F0F00000000000C8
:108810000000000000000080E0F8FCFEFFFFFFFF0A
:10882000FFFFFFFFFFFFFFFFFF07030303818181BE
:1088300081C1C1C1C1C1C1C1E1E1E1E1E1E1E1E168
:10884000E1E3E3E3FFFFFFFFFFFFFFFFFF000000A7
:108850000000C0F8FCFCFCF8F8F0F1E1C387070762
:1088600003010000E0FFFFFFFFFFFFFFFFF7F3F34F
:10887000F1F1F1F1F1F1F1F1F1F1F1F1F1F1F1F3E6
:10888000F3FFFFFFFFFFFFFFFFFF000000000000FE
:108890000000007078FEFFFFFFFFFF7F3F1F07FF14
:1088A000FFFFFFFFFFFFFFFFFFFEFFFFFF7F7F7F59
:1088B0003F3F3F3F3F3F1F1F1F1F1F1F1F1F1F1F08
:1088C0001F1F9FFFFFFFFFFFFFFFFFFF00000000D4
:1088D000000303070F1F3FFFFFFFFFFFFFFFFEF82F
:1088E000000000C0FFFFFFFFFFFFFFFFEFE3E3E338
:1088F000E3E3E3E3E3E3E3E3E3E3E3E3E3E3E3E348
:10890000FBFFFFFFFFFFFFFFFF0100000000000073
:108910000000000000000103030301000000F8FF55
:10892000FFFFFFFFFFFFFF1F010100000000C0F07D
:10893000F8F8FCFCFEFEFEFEFEFEFEFEFEFEFEFE67
:10894000FEFEFFFFFFFFFFFFFFFFFFF1F0E0E0E0B3
:10895000C0C0C0808080E0FFFFFFFFFFFFFFFF7F00
:10896000000080FFFFFFFFFFFFFFFFFFE7E7E7E7F4
:10897000E7E7C7C7C7C7C7C7C7E7E7E7E7E7E7FF4F
:10898000FFFFFFFFFFFFFFFF0300000000000000EC
:1089900000000000000000000000000000F0FFFFE9
:1089A000FFFFFFFFFFFF7F0000000000000F7FFFC1
:1089B000FFFFFFFFFFFFF9F0F0E0E0C0C0C0C181A2
:1089C00081FFFFFFFFFFFFFFFF3F0F1F1F1F3F3F05
:1089D0007F7FFFFFFFFFFFFFFFFFFFFFFFFFF9F0BC
:1089E000F0F0E3E3E3C7C7C7C78F8F8F8F8F8F9FE9
:1089F0009F9F9F9F9F9F9F9F9F9F8F8F8F8F8F8FE7
:108A00008787C7C7C7C3E3E3E0F0F0F0800000004A
:108A1000000000000000000000000000607F7F7F79
:108A20007F7F7F7F7F7F000000000000000000004C
:108A3000010307070F0F0F1F1F1F3F3F3F3F3F7FE0
:108A40007F7F7F7F7F7FFFFF7F00000000000000AF
:108A5000000000000001010303030707070F0F0FC9
:108A60001F1F1F1F3F3F3F3F7F7F7F7F7F7F7F7F96
:108A70007FFFFFFFFFFFFFFFFFFFFF7F7F7F7F7F06
:108A80007F7F3F3F3F3F3F1F1F1F0F0F0F0600001D
:108A90000000000000000000000080C0E0F0F8FCD2
:108AA000FCFCFCFCFCF8F0E0C080000000000000D2
:108AB000000000000000F8FCFEFFFF7F3F1F0FFFDB
:108AC000FFFFFFFF070F1F3F7FFFFFFEFCF80000C7
:108AD000000000000000000000000000000000FF97
:108AE000FFFFFFFF0000000000000000000000008A
:108AF0000000000000000000000000000000003F37
:108B00003F3F3F3F00000000000000000000000069
:108B10000000000000000000000000000000000055
:108B2000FCFCFCFCFC000000000000000000000059
:108B30000000000000000000000000000000000035
:108B4000FFFFFFFFFF00000000000000000000002A
:108B50000000000000001F3F7FFFFFFEFCF8F0E078
:108B6000FFFFFFFFFFF0F8FCFEFFFF7F3F1F00004D
:108B7000000000000000000000000103070F1F3F7D
:108B80003F3F3F3F3F1F0F07030100000000000071
:108B90000000000000000000000080C0E0F0F0F0E5
:108BA000F0F00000000000000000000000000000E5
:108BB00000000000E0F0F8FCFEFFFFFFFFDFCFC782
:108BC000C3C1C0C0C0C0C0C0C0C0C0C0C0C0C0C0A1
:108BD00000000000070F1F3F7FFFFFFFFFFFF7E7C9
:108BE000C7870707070707070707070707070707D5
:108BF000000000000000000000000103070F0F0F3D
:108C00000F0F000000000000000000000000000046
:108C10000000000000000000000000000000000054
:108C20000000F0F0F0F0F0E0C08000000000000074
:108C300000000000E0E0E0E0E0E0E0E0E0E0E0E0B4
:108C4000E0E0E1E3E7EFFFFFFFFFFFFEFCF8F0E00D
:108C500000000000030303030303030303030303F0
:108C6000030383C3E3F3FBFFFFFFFF7F3F1F0F07F8
:108C700000000000000000000000000000000000F4
:108C800000000F0F0F0F0F0703010000000000008E
:108C900000000000000080C0E0F0F8F87C7C3C3C64
:108CA0003C3C3C3C3C3C7C7CF8F8F0E0C080000064
:108CB00000000000FCFFFFFF0F0301000080F0FE3A
:108CC000FE3F7FFEFEE000000001030FFFFFFFFC00
:108CD000000000003FFFFFFFF0C08000787F7F3F73
:108CE0000707070F7F7F7E700080C0F0FFFFFF3F08
:108CF0000000000000000103070F1F1F3E3E3C3C28
:108D00003C3C3C3C3C3C3E3E1F1F0F070301000027
:108D100000000000000080C0E0F0F8F87C7C3C3CE3
:108D20003C3C3C3C3C3C7C7CF8F8F0E0C0800000E3
:108D300000000000FCFFFFFF0F03010000FEFEFF2C
:108D4000CFCFCEFEFEFE7C000001030FFFFFFFFC35
:108D5000000000003FFFFFFFF0C08000007F7F7F2A
:108D60007171717B7F3F1F000080C0F0FFFFFF3FEC
:108D70000000000000000103070F1F1F3E3E3C3CA7
:108D80003C3C3C3C3C3C3E3E1F1F0F0703010000A7
:108D900000000000000080C0E0F0F8F87C7C3C3C63
:108DA0003C3C3C3C3C3C7C7CF8F8F0E0C080000063
:108DB00000000000FCFFFFFF0F03010000E0FCFECD
:108DC000FE1E0F0F0E0E0E000001030FFFFFFFFC33
:108DD000000000003FFFFFFFF0C0800000071F3FC2
:108DE0007F787070707838000080C0F0FFFFFF3F20
:108DF0000000000000000103070F1F1F3E3E3C3C27
:108E00003C3C3C3C3C3C3E3E1F1F0F070301000026
:108E100000000000000080C0E0F0F8F87C7C3C3CE2
:108E20003C3C3C3C3C3C7C7CF8F8F0E0C0800000E2
:108E300000000000FCFFFFFF0F03010000FEFEFF2B
:108E40000F0F0F1EFEFCF8000001030FFFFFFFFCD9
:108E5000000000003FFFFFFFF0C08000007F7F7F29
:108E60007070787C3F3F1F000080C0F0FFFFFF3F25
:108E70000000000000000103070F1F1F3E3E3C3CA6
:108E80003C3C3C3C3C3C3E3E1F1F0F0703010000A6
:108E900000000000000080C0E0F0F8F8FCFCFCFCE2
:108EA000FCFCFCFCFCFCFCFCF8F8F0E0C0800000E2
:108EB00000000000FCFFFFFFFFFFFFFFFFFFFFFFC1
:108EC000FFFFFFFFFFFFFFFFFFFFFFFFFFFFFFFCB5
:108ED000000000003FFFFFFFFFFFFFFFFFFFFFFF5E
:108EE000FFFFFFFFFFFFFFFFFFFFFFFFFFFFFF3F52
:108EF0000000000000000103070F1F1F3F3F3F3F1E
:108F00003F3F3F3F3F3F3F3F1F1F0F070301000011
:108F100000000000000080C0E0F0F8F8FCFCFCFC61
:108F2000FCFCFCFCFCFCFCFCF8F8F0E0C080000061
:108F300000000000FCFFFFFFFFFF0F070301000020
:108F40000000000000000103070FFFFFFFFFFFFC10
:108F5000000000003FFFFFFFFFFFF0E0C0800000C7
:108F600000000000000080C0E0F0FFFFFFFFFF3FB7
:108F70000000000000000103070F1F1F3F3F3F3F9D
:108F80003F3F3F3F3F3F3F3F1F1F0F070301000091
:108F900000000000000000000000000000000000D1
:108FA000000000000000F0F87838383838383838D9
:108FB0003838383838F8F8F00000000000000000B9
:108FC00000000000000000000000000000000000A1
:108FD0000000000000000000000000000000008011
:108FE000878FCFCECEEEF0E0C0FEFEFECECECE8F8F
:108FF0008F07000000000080C0E0F0E0C0800000AB
:1090000000000000000000000000000000000080E0
:10901000C0E070783C1E9ECFC7E7F37371393139D9
:1090200039391101010171717103C3E7C70E1E1EA9
:109030003D7BF7F3F0BD7B7F7F3E1C00000000000E
:109040000000000080E0F0FE3F0FC7E1F07C1F0F42
:109050000703010000000000000000000000000005
:109060000080C0E0F0F97D3E1F0F66E07021070F21
:109070007FFEF0C000000000000000000000FFFFC5
:10908000FF0100FEFFFF01000000000000000000E3
:109090000000F0F8FCBC1CBCFCFEFF0F0703010045
:1090A000000000000000068EC7C60003FFFFFF009F
:1090B00000000000000000001F7FFFF000077FFF9E
:1090C000F0C00000000000000000000001030707DE
:1090D000070707030100000000000000000000E097
:1090E000F0FF5F03C0F8FF7F1F00000000000000DA
:1090F00000000000010F1F3E7CF0E3C78F1E3C788C
:1091000070E0E0E0C0C0C080808080808080C0C00F
:10911000C0E0E0F070783C1E8FC7E1F07C3E1F0796
:10912000010000000000000000000000000000003E
:10913000000000000103070F0F1E1C3C3D39717138
:109140007173737373737373713371393D3C1C0E98
:109150000F070703010000000000000000000000EE
:1091600000000000280020031900E8031900200374
:109170001900E803190020031900E803190020036F
:109180001900E803190020031900E803190020035F
:109190001900E803190020031900E803190020034F
:1091A0001900E803190020031900E803190020033F
:1091B0001900E803190020031900E803190020032F
:1091C0001900E803190020031900E803190020031F
:1091D0001900E803190020031900E803190020030F
:1091E0001900E803190020031900E80319002003FF
:1091F0001900E803190020031900E80319002003EF
:109200001900E803190000002800E80364002003A7
:109210006400E803640020036400E80364002003A2
:109220006400E803640020036400E8036400200392
:109230006400E803640020036400E8036400200382
:109240006400E803640020036400E8036400200372
:109250006400E803640020036400E8036400200362
:109260006400E803640020036400E8036400200352
:109270006400E803640020036400E8036400200342
:109280006400E803640020036400E8036400200332
:109290006400E803640020036400E8036400200322
:1092A0006400E80364002003640000000300170466
:1092B000140010031400000025000B0228004B02CC
:1092C0002800930228000B0228000B0228004B0202
:1092D0002800930228000B02280093022800BA02FB
:1092E0002800100328000000280093022800BA027A
:1092F0002800100328000000280010031400700349
:10930000140010031400BA021400930228000B0288
:109310002800100314007003140010031400BA0294
:109320001400930228000B0228000B022800880179
:1093300028000B022800000028000B0228008801EA
:1093400028000B0228000000280000000D00200665
:10935000190027050D0017040D00970419001003CC
:10936000190010030D00DC030D0097040D007505B6
:109370000D0027051900170419000000190000004E
:109380008C0127050F0027051E0027050F00000090
:109390000F0017040F0027051E0020061E00000006
:1093A0001E0010031E0000001E0017041E00000017
:1093B0000F0010030F0000001E0093021E000000AB
:1093C0000F0070031E00DC030F0000000F00C1033C
:1093D0000F0070031E0010031E0027051E0020064C
:1093E0001E00E0061E0075050F0020060F0000009D
:1093F0000F0027051E0017040F0097040F00DC0361
:109400001E0000000F0017041E0000000F001003D4
:109410000F0000001E0093021E0000000F007003EA
:109420001E00DC030F0000000F00C1030F007003DB
:109430001E0010031E0027051E0020061E00E00669
:109440001E0075050F0020060F0000000F00270505
:109450001E0017040F0097040F00DC031E0000001D
:109460000F0000001E0020060F00CA050F00750542
:109470000F00E4041E0027050F0000000F0040034A
:109480000F0070030F0017040F0000000F0070039F
:109490000F0017040F0097040F0000001E002006A5
:1094A0000F00CA050F0075050F00E4041E00270514
:1094B0000F0000000F002C081E002C080F002C08C5
:1094C0001E0000001E0000001E0020060F00CA053E
:1094D0000F0075050F00E4041E0027050F000000B3
:1094E0000F0040030F0070030F0017040F0000006F
:1094F0000F0070030F0017040F0097040F00000007
:109500001E0020061E0000000F0075051E00000052
:109510000F0027051E0000001E0000003C00000098
:109520001E0020060F00CA050F0075050F00E40499
:109530001E0027050F0000000F0040030F007003FE
:109540000F0017040F0000000F0070030F00170436
:109550000F0097040F0000001E0020060F00CA0530
:109560000F0075050F00E4041E0027050F00000022
:109570000F002C081E002C080F002C081E000000F5
:109580001E0000001E0020060F00CA050F00750512
:109590000F00E4041E0027050F0000000F00400329
:1095A0000F0070030F0017040F0000000F0070037E
:1095B0000F0017040F0097040F0000001E00200684
:1095C0001E0000000F0075051E0000000F0027059B
:1095D0001E0000001E0000003C0017040F001704CE
:1095E0001E0017040F0000000F0017040F0097045F
:1095F0001E0027050F0017041E0070030F00100344
:109600001E0000001E0017040F0017041E001704A0
:109610000F0000000F0017040F0097040F0027052C
:109620000F000000780017040F0017041E00170435
:109630000F0000000F0017040F0097041E002705FD
:109640000F0017041E0070030F0010031E0000001F
:109650001E0027050F0027051E0027050F0000002C
:109660000F0017040F0027051E0020061E00000033
:109670001E0010031E0000001E0017041E00000044
:109680000F0010030F0000001E0093021E000000D8
:109690000F0070031E00DC030F0000000F00C10369
:1096A0000F0070031E0010031E0027051E00200679
:1096B0001E00E0061E0075050F0020060F000000CA
:1096C0000F0027051E0017040F0097040F00DC038E
:1096D0001E0000000F0017041E0000000F00100302
:1096E0000F0000001E0093021E0000000F00700318
:1096F0001E00DC030F0000000F00C1030F00700309
:109700001E0010031E0027051E0020061E00E00696
:109710001E0075050F0020060F0000000F00270532
:109720001E0017040F0097040F00DC031E0000004A
:109730000F0027050F0017041E0010030F00000084
:109740001E0040031E0070030F0075051E00750506
:109750000F0070031E0000001E00DC031E00E00668
:109760001E00E0061E00E0061E0020061E00750515
:109770001E0027050F0017041E0070030F001003C2
:109780001E0000001E0027050F0017041E00100316
:109790000F0000001E0040031E0070030F0075053F
:1097A0001E0075050F0070031E0000001E00DC0384
:1097B0000F0075051E0075050F0075051E002705B5
:1097C0001E0097041E0017041E0000001E0000006B
:1097D0003C0027050F0017041E0010030F000000B7
:1097E0001E0040031E0070030F0075051E00750566
:1097F0000F0070031E0000001E00DC031E00E006C8
:109800001E00E0061E00E0061E0020061E00750574
:109810001E0027050F0017041E0070030F00100321
:109820001E0000001E0027050F0017041E00100375
:109830000F0000001E0040031E0070030F0075059E
:109840001E0075050F0070031E0000001E00DC03E3
:109850000F0075051E0075050F0075051E00270514
:109860001E0097041E0017041E0000001E000000CA
:109870003C0017040F0017041E0017040F0000001F
:109880000F0017040F0097041E0027050F00170490
:109890001E0070030F0010031E0000001E001704BE
:1098A0000F0017041E0017040F0000000F0017041C
:1098B0000F0097040F0027050F0000007800170421
:1098C0000F0017041E0017040F0000000F001704FC
:1098D0000F0097041E0027050F0017041E007003D9
:1098E0000F0010031E0000001E0027050F002705B3
:1098F0001E0027050F0000000F0017040F002705AA
:109900001E0020061E0000001E0010031E000000A6
:109910001E0027050F0017041E0010030F00000093
:109920001E0040031E0070030F0075051E00750524
:109930000F0070031E0000001E00DC031E00E00686
:109940001E00E0061E00E0061E0020061E00750533
:109950001E0027050F0017041E0070030F001003E0
:109960001E0000001E0027050F0017041E00100334
:109970000F0000001E0040031E0070030F0075055D
:109980001E0075050F0070031E0000001E00DC03A2
:109990000F0075051E0075050F0075051E002705D3
:1099A0001E0097041E0017041E0000001E00000089
:1099B0003C0000001E000000520093023C00930295
:1099C0001E004B021E000B023C000B021E00B801E1
:1099D0001E004B021E0093021E004B021E0093024B
:1099E0001E0088013C0088013C00B8013C00B80121
:1099F0001E0088011E00B8013C000B023C00100351
:109A00001E0070031E0093021E0010031E004B0276
:109A10003C004B023C0093023C0093021E004B02B0
:109A20001E0093023C0010033C0070031E007003F4
:109A30001E0070031E0017041E0070033C0010037C
:109A40001E0093021E004B023C004B021E009302BC
:109A50001E0010033C0088013C004B021E009302D4
:109A60001E004B021E0093021E000B023C000B0264
:109A70003C0093023C0093021E004B021E00930226
:109A80003C0010033C0070031E0017041E0070030E
:109A90001E0010031E0070033C0010031E00930202
:109AA0001E004B023C004B021E0093021E001003DE
:109AB0003C0088013C004B021E0093021E004B023A
:109AC0001E0093021E000B023C000B023C004B02E6
:109AD0001E004B021E004B021E0093021E001003CC
:109AE0003C0010031E0070031E0017043C007003AE
:109AF0003C0017043C0017043C0000003C00409C64
:109B00000100EE660200A0500300D0430400423B77
:109B100005001635060066300700A62C08009A29B5
:109B2000090006270A00E0240B00F6220C0052214F
:109B30000D00E01F0E00961E0F006A1D10005C1C39
:109B40001100621B1200861A1300B4191400F618D3
:109B5000150042181600A21717000C1718007616E9
:109B60001900F4151A0072151B00FA141C008C144D
:109B70001D0028141E00BA131F00601320000613D6
:109B80002100AC1222005C1223000C122400BC1134
:109B900025007611260030112700EA102800AE10AB
:109BA000290072102A0036102B00FA0F2C00C80F63
:109BB0002D008C0F2E005A0F2F00280F3000000FA1
:109BC0003100CE0E32009C0E3300740E34004C0E69
:109BD0003500240E3600FC0D3700D40D3800AC0DD6
:109BE0003900840D3A00660D3B003E0D3C00200D0F
:109BF0003D00020D3E00E40C3F00C60C40009E0CF0
:109C000041008A0C42006C0C43004E0C4400300CA6
:109C10004500120C4600FE0B4700E00B4800CC0B41
:109C20004900AE0B4A009A0B4B007C0B4C00680BB2
:109C30004D00540B4E00400B4F00220B50000E0BFA
:109C40005100FA0A5200E60A5300D20A5400BE0A32
:109C50005500AA0A5600960A5700820A5800780A48
:109C60005900640A5A00500A5B003C0A5C00320A40
:109C70005D001E0A5E000A0A5F00000A6000EC092F
:109C80006100E2096200CE096300BA096400B0090C
:109C900065009C09660092096700880968007409DC
:109CA00069006A096A0056096B004C096C00420998
:109CB0006D0038096E0024096F001A097000100940
:109CC0007100FC087200F2087300E8087400DE08F6
:109CD0007500D4087600CA087700B6087800AC088A
:109CE0007900A2087A0098087B008E087C0084081E
:109CF0007D007A087E0070087F00660880005C089E
:109D0000810052088200480883003E08840034081D
:109D100085002A08860020088700160888000C089D
:109D2000890002088A00F8078B00EE078D00E4071F
:109D30008E00DA078F00D0079000C6079100BC079D
:109D40009300B2079400A80795009E079600940719
:109D500098008A07990080079A0076079B006C0795
:109D60009D0062079E005807A0004E07A10044070F
:109D7000A2003A07A4003007A5002607A7001C0789
:109D8000A8001207AA000807AB00FE06AD00F40603
:109D9000AF00EA06B000E006B200D606B400CC067A
:109DA000B500C206B700B806B900AE06BB00A406EF
:109DB000BC009A06BE009006C0008606C2007C0663
:109DC000C4007206C6006806C8005E06CA005406D3
:109DD000CC004A06CE004006D0003606D2002C0643
:109DE000D4002206D7001806D9000E06DB000406B0
:109DF000DE00FA05E000F005E200E605E500DC051E
:109E0000E700D205EA00C805ED00BE05EF00B40585
:109E1000F200AA05F500A005F8009605FA008C05E9
:109E2000FD0082050001780503016E050601640549
:109E30000A015A050D0150051001460513013C05A4
:109E4000170132051A0128051E011E0521011405FE
:109E500025010A05290100052C01F6043001EC0456
:109E60003401E2043801D8043D01CE044101C404A8
:109E70004501BA044A01B0044E01A60453019C04F2
:109E8000580192045C01880461017E046601740437
:109E90006C016A0471016004760156047C014C0473
:109EA00082014204870138048D012E0493012404A9
:109EB0009A011A04A0011004A7010604AE01FC03D4
:109EC000B401F203BC01E803C301DE03CA01D403F9
:109ED000D201CA03DA01C003E201B603EB01AC030D
:109EE000F301A203FC01980305028E030E02840312
:109EF00018027A03220270032C02660337025C0305
:109F0000420252034D02480358023E0364023403E6
:109F100071022A037D0220038A02160398020C03B1
:109F2000A6020203B402F802C302EE02D302E40264
:109F3000E302DA02F402D0020503C6021703BC02F0
:109F40002903B2023D03A80251039E026503940255
:109F50007B038A0292038002A9037602C1036C028A
:109F6000DB030000207B224944223A223078257806
:109F700022202C202274656D706572617475726583
:109F8000223A252E3366202C202268756D6964697B
:109F90007479223A252E3366202C20226C75782283
:109FA0003A2564202C20226D7132223A2564202C1F
:109FB000202261646A726573223A2564202C227023
:109FC0006972223A2564207D0A0000007B207265B8
:109FD0006C61793A2564202C206C65645F7265643D
:109FE0003A2564202C206C65645F677265656E3A63
:109FF0002564202C206C65645F79656C6C6F773A02
:10A000002564202C2070776D3A2564207D0A00009D
:10A0100030A0000800000020C4000000B85700086D
:10A02000F4A00008C40000207C1A0000C8570008F3
:10A030000000000010000000010000000024F400F7
:10A040000000FFFF01010407CDF8D2D7D3D0B5C07F
:10A05000CEEFC1AACDF8D7DBBACFBFAAB7A2B0E581
:10A060000000AE001040B081FFA1A6A83FC8D300F9
:10A07000D580D805D9F1DA12D8308D14AF000000A0
:10A0800000000000000000000000000000000000D0
:10A09000FFFF00000000000000000000FFFF0000C4
:10A0A00000000000000000000000000000000000B0
:10A0B0000000080030303030303030300031323382
:10A0C0003435363738003139322E3136382E332E8A
:10A0D000340037373737000000000000F40100007B
:10A0E00000000000FFFF0000000001000000000071
:04A0F000000000006C
:0400000508000131BD
:00000001FF
